cell,flux,"Li6(n,t)","Li6(n,t)_stdev","Li7(n,t)","Li7(n,t)_stdev",tbr,tbr_stdev,"U238(n,fis)","U238(n,fis)_stdev","U238(n,g)","U238(n,g)_stdev",Pu239_kg/yr
11,3.144029636623947,0.0,0.0,0.0,0.0,0.0,0.0,0.0,0.0,0.0,0.0,0.0
21,10.569864520175745,0.0,0.0,0.0,0.0,0.0,0.0,0.0,0.0,0.0,0.0,0.0
31,20.752620682514586,0.07682043241962923,3.688966513510999e-05,0.01875910984593899,3.976661748057096e-06,0.09557954226556822,4.086632688316709e-05,0.01875910984593899,0.0011498609572604616,0.006043396336205782,1.0150555411279666e-05,26.82675656549938
22,28.589367718853158,0.0,0.0,0.0,0.0,0.0,0.0,0.0,0.0,0.0,0.0,0.0
32,166.37901484515814,0.9380891669003137,0.0003987723861503866,0.08196154449979329,5.060580463041478e-05,1.020050711400107,0.0004493781907808014,0.08196154449979329,0.005101038794687266,0.07428891562601611,5.550432136647656e-05,329.7699743891489
23,0.013553890288214812,0.0,0.0,0.0,0.0,0.0,0.0,0.0,0.0,0.0,0.0,0.0
total,229.4484512936138,1.014909599319943,0.0004356620512854966,0.10072065434573227,5.458246637847188e-05,1.1156302536656753,0.0004902445176639685,0.10072065434573227,0.006250899751947728,0.08033231196222189,6.565487677775622e-05,356.59673095464825
