fertile_kgm3,void_cell,cellfrom,leakage,leakage_stdev
100,99,"[42, 44]",0.11445144813978148,4.3430504684854545e-05
100,98,[44],0.05829720591471122,2.177915269115043e-05
100,total,,0.1727486540544927,4.8585391108085334e-05
