fertile_kgm3,void_cell,cellfrom,leakage,leakage_stdev
100,99,"[42, 44]",0.11445144813978149,4.343050468235773e-05
100,98,[44],0.0582972059147112,2.17791526952989e-05
100,total,,0.1727486540544927,4.8585391107713046e-05
