fertile_kgm3,void_cell,cellfrom,leakage,leakage_stdev
100,99,"[42, 44]",0.11445144813978145,4.343050468735055e-05
100,98,[44],0.05829720591471122,2.1779152693224664e-05
100,total,,0.17274865405449266,4.858539111124632e-05
