cell,flux,"Li6(n,t)","Li6(n,t)_stdev","Li7(n,t)","Li7(n,t)_stdev",tbr,tbr_stdev,"U238(n,fis)","U238(n,fis)_stdev","U238(n,g)","U238(n,g)_stdev",Pu239_kg/yr
11,1.9401784825274784,0.0,0.0,0.0,0.0,0.0,0.0,0.0,0.0,0.0,0.0,0.0
21,23.67112285512483,0.0,0.0,0.0,0.0,0.0,0.0,0.0,0.0,0.0,0.0,0.0
31,61.48960673120107,0.4825840808815978,0.0011980287077325686,0.0048637233938474194,1.8275241375182727e-05,0.48744780427544526,0.0012163039491077513,0.0048637233938474194,3.197988498503401e-05,0.0003627280468632958,2.8511306812496222e-06,1.6101570162432823
22,0.5402815792448082,0.0,0.0,0.0,0.0,0.0,0.0,0.0,0.0,0.0,0.0,0.0
32,118.32205136477555,0.9055262634307422,0.0011529690552585176,0.010522314212055238,1.8178357974456235e-05,0.9160485776427973,0.0011711474132329739,0.010522314212055238,6.819642133000684e-05,0.0006863101757438028,2.61863405687774e-06,3.0465445237807036
23,0.07242656386143567,0.0,0.0,0.0,0.0,0.0,0.0,0.0,0.0,0.0,0.0,0.0
total,206.03566757673516,1.38811034431234,0.002350997762991086,0.015386037605902656,3.645359934963896e-05,1.4034963819182427,0.002387451362340725,0.015386037605902656,0.00010017630631504085,0.0010490382226070985,5.469764738127363e-06,4.656701540023986
