cell,flux,"Li6(n,t)","Li6(n,t)_stdev","Li7(n,t)","Li7(n,t)_stdev",tbr,tbr_stdev,"U238(n,fis)","U238(n,fis)_stdev","U238(n,g)","U238(n,g)_stdev",Pu239_kg/yr
11,1.964249050355581,0.0,0.0,0.0,0.0,0.0,0.0,0.0,0.0,0.0,0.0,0.0
21,23.997558857111194,0.0,0.0,0.0,0.0,0.0,0.0,0.0,0.0,0.0,0.0,0.0
31,64.58702369665657,0.4778200378504945,0.0010295238554076526,0.00450173977325344,1.5877841175452634e-05,0.48232177762374795,0.0010454016965831053,0.00450173977325344,5.536057202455332e-06,7.19215056135977e-05,6.831526814496687e-07,0.31926099424608123
22,0.622022523125371,0.0,0.0,0.0,0.0,0.0,0.0,0.0,0.0,0.0,0.0,0.0
32,125.01037719490009,0.9042122017876212,0.0011494376166645897,0.00978661045821617,1.6380887306887564e-05,0.9139988122458373,0.0011658185039714773,0.00978661045821617,1.1864198368992499e-05,0.00013561764951163692,8.011662652647366e-07,0.6020094441990634
23,0.09115693716045041,0.0,0.0,0.0,0.0,0.0,0.0,0.0,0.0,0.0,0.0,0.0
total,216.27238825930925,1.3820322396381157,0.0021789614720722425,0.014288350231469609,3.2258728482340194e-05,1.3963205898695854,0.0022112202005545823,0.014288350231469609,1.740025557144783e-05,0.00020753915512523462,1.4843189467144052e-06,0.9212704384451447
