fertile_kgm3,void_cell,cellfrom,leakage,leakage_stdev
250,99,[23],0.0009440000000000001,3.924495721320978e-05
250,total,,0.0009440000000000001,3.924495721320978e-05
