fertile_kgm3,void_cell,cellfrom,leakage,leakage_stdev
500.0,99,[23],0.0009144000000000002,9.059157429547501e-06
500.0,total,,0.0009144000000000002,9.059157429547501e-06
