fertile_kgm3,void_cell,cellfrom,leakage,leakage_stdev
50,99,"[42, 44]",0.11399724597471896,4.120456912648076e-05
50,98,[44],0.05799241337073105,2.167225278010797e-05
50,total,,0.17198965934545002,4.655645022404338e-05
