fertile_kgm3,void_cell,cellfrom,leakage,leakage_stdev
50,99,"[42, 44]",0.1139972459747189,4.1204569127357215e-05
50,98,[44],0.05799241337073104,2.1672252779691078e-05
50,total,,0.17198965934544994,4.655645022462502e-05
