fertile_kgm3,void_cell,cellfrom,leakage,leakage_stdev
50,99,"[42, 44]",0.1139972459747189,4.1204569127357215e-05
50,98,[44],0.05799241337073105,2.167225277885729e-05
50,total,,0.17198965934544996,4.6556450224236886e-05
