cell,flux,"Li6(n,t)","Li6(n,t)_stdev","Li7(n,t)","Li7(n,t)_stdev",tbr,tbr_stdev,"U238(n,fis)","U238(n,fis)_stdev","U238(n,g)","U238(n,g)_stdev",Pu239_kg/yr
11,2.128092548354808,0.0,0.0,0.0,0.0,0.0,0.0,0.0,0.0,0.0,0.0,0.0
21,10.707981045076755,0.0,0.0,0.0,0.0,0.0,0.0,0.0,0.0,0.0,0.0,0.0
31,21.05507589694476,0.07691766275227944,0.00019745110071538234,0.019450462096459523,1.9557093982352705e-05,0.09636812484873897,0.00021700819469773505,0.019450462096459523,0.0004414909567569459,0.003265475013136625,1.9738626800089618e-05,14.495508547621789
22,29.10843236817963,0.0,0.0,0.0,0.0,0.0,0.0,0.0,0.0,0.0,0.0,0.0
32,170.94093672035456,0.9465467074306051,0.0010574891884013215,0.08772299858017352,0.0001400183080407443,1.0342697060107786,0.0011975074964420658,0.08772299858017352,0.002010345315853909,0.042063468243077946,0.00013127884232309119,186.72057235387683
23,0.014067970363197102,0.0,0.0,0.0,0.0,0.0,0.0,0.0,0.0,0.0,0.0,0.0
total,233.9545865492737,1.0234643701828845,0.0012549402891167038,0.10717346067663304,0.000159575402023097,1.1306378308595175,0.0014145156911398009,0.10717346067663304,0.002451836272610855,0.045328943256214574,0.0001510174691231808,201.21608090149863
