cell,flux,"Li6(n,t)","Li6(n,t)_stdev","Li7(n,t)","Li7(n,t)_stdev",tbr,tbr_stdev,"U238(n,fis)","U238(n,fis)_stdev","U238(n,g)","U238(n,g)_stdev",Pu239_kg/yr
11,2.0975306988601234,0.0,0.0,0.0,0.0,0.0,0.0,0.0,0.0,0.0,0.0,0.0
21,10.546593967407771,0.0,0.0,0.0,0.0,0.0,0.0,0.0,0.0,0.0,0.0,0.0
31,20.71440179063554,0.08184622414915266,7.19294053308953e-05,0.019238725999338506,6.039307099822784e-06,0.10108495014849117,7.796871243071808e-05,0.019238725999338506,0.00044219858030099463,0.0028684977593962926,6.885314987118438e-06,12.733318620687674
22,28.564446414171027,0.0,0.0,0.0,0.0,0.0,0.0,0.0,0.0,0.0,0.0,0.0
32,164.73683945403914,0.9577658983123909,0.00022735336073988858,0.0865799314008753,2.4832322215502427e-05,1.0443458297132662,0.000252185682955391,0.0865799314008753,0.0020092445866377426,0.035325263478623276,2.500729085535828e-05,156.80954735265996
23,0.013010547212911349,0.0,0.0,0.0,0.0,0.0,0.0,0.0,0.0,0.0,0.0,0.0
total,226.6728228723265,1.0396121224615436,0.00029928276607078385,0.10581865740021382,3.087162931532521e-05,1.1454307798617573,0.0003301543953861091,0.10581865740021382,0.0024514431669387373,0.03819376123801957,3.189260584247672e-05,169.54286597334763
