fertile_kgm3,void_cell,cellfrom,leakage,leakage_stdev
999.99,99,[23],0.0008890799999999999,2.9075591137611194e-06
999.99,total,,0.0008890799999999999,2.9075591137611194e-06
