cell,flux,tbr,tbr_stdev,"U238(n,g)","U238(n,g)_stdev",Pu239_kg/yr,Pu239_kg/yr_stdev,"Li6(n,t)","Li6(n,t)_stdev","Li7(n,t)","Li7(n,t)_stdev","Be9(n,2n)","Be9(n,2n)_stdev","tot(n,fis)","tot(n,fis)_stdev",heating [MW],heating_stdev,fisq [MW],fisq_stdev
11,2.528200170708235,0.0,0.0,0.0,0.0,0.0,0.0,0.0,0.0,0.0,0.0,0.0,0.0,0.0,0.0,49.84476028962656,0.009993591375715082,0.0,0.0
41,12.774710979146592,0.0,0.0,0.0,0.0,0.0,0.0,0.0,0.0,0.0,0.0,0.12049105966881767,1.5559003403327036e-05,0.0,0.0,45.938777992884525,0.0045887813824401135,0.0,0.0
21,12.219857672021863,0.0,0.0,0.0,0.0,0.0,0.0,0.0,0.0,0.0,0.0,0.0,0.0,0.0,0.0,67.00224876876433,0.006940187619112387,0.0,0.0
31,23.19091233609426,0.10606098972439475,1.6204948161742035e-05,0.05337204717237211,1.4404668510862081e-05,236.96654786268596,0.0639552865398102,0.09091726763786312,1.4756839296028183e-05,0.015143722086531624,1.4481088657138523e-06,0.01532317575560875,1.5173479617697442e-06,0.0,0.0,227.09624527411958,0.01450520690851249,123.84552151610697,0.008390212335071897
22,31.30585974894136,0.0,0.0,0.0,0.0,0.0,0.0,0.0,0.0,0.0,0.0,0.0,0.0,0.011536369288577172,8.177098196851966e-07,142.19202684291105,0.014512158616290412,0.0,0.0
32,175.73449364675218,0.7872062489386046,9.061216663344968e-05,0.3904443031507567,5.094695396735725e-05,1733.5336295322156,0.22619937674066268,0.7265916003070023,7.962173058753794e-05,0.06061464863160225,1.0990436045911741e-05,0.0661928583067024,9.893213523422598e-06,0.0569578162419982,5.598698981390337e-06,1187.3122136932095,0.11567782373851081,617.2241085392789,0.06488143110989938
23,0.011069564898213799,0.0,0.0,0.0,0.0,0.0,0.0,0.0,0.0,0.0,0.0,0.0,0.0,0.0,0.0,0.029088387955573967,0.0001683480686420578,0.0,0.0
total,257.7651041185627,0.8932672386629993,0.00010681711479519171,0.44381635032312877,6.535162247821932e-05,1970.5001773949016,0.2901546632804729,0.8175088679448654,9.437856988356612e-05,0.07575837071813388,1.2438544911625593e-05,0.20200709373112882,2.696956488851938e-05,0.06849418553057537,6.4164088010755335e-06,1719.4153612494713,0.16638609770922333,741.0696300553858,0.07327164344497128
