cell,flux,tbr,tbr_stdev,"U238(n,g)","U238(n,g)_stdev",Pu239_kg/yr,Pu239_kg/yr_stdev,"Li6(n,t)","Li6(n,t)_stdev","Li7(n,t)","Li7(n,t)_stdev","Be9(n,2n)","Be9(n,2n)_stdev","U238(n,fis)","U238(n,fis)_stdev",heating [MW],heating_stdev,fisq [MW],fisq_stdev
11,2.528661367772657,0.0,0.0,0.0,0.0,0.0,0.0,0.0,0.0,0.0,0.0,0.0,0.0,0.0,0.0,49.85027616614592,0.008798614625421931,0.0,0.0
41,12.77646454054821,0.0,0.0,0.0,0.0,0.0,0.0,0.0,0.0,0.0,0.0,0.12049340710903249,1.6184757939640588e-05,0.0,0.0,45.940324020259084,0.004610154552257874,0.0,0.0
21,12.220970146375556,0.0,0.0,0.0,0.0,0.0,0.0,0.0,0.0,0.0,0.0,0.0,0.0,0.0,0.0,67.00605361121941,0.006781116010310197,0.0,0.0
31,23.191629871019348,0.10606945706486745,2.096223574938512e-05,0.05335606364129902,1.8872470676027726e-05,236.89558258438564,0.0837918810064504,0.0909248793586963,1.9450142250226764e-05,0.015144577706171149,1.5120934991583538e-06,0.015324359820919755,1.5512219487876602e-06,0.009378498612017845,8.512602775181068e-07,227.10072739849372,0.02023343742707015,123.8501019305869,0.010041275860740688
22,31.308895086538115,0.0,0.0,0.0,0.0,0.0,0.0,0.0,0.0,0.0,0.0,0.0,0.0,0.0,0.0,142.20008774776232,0.01378215180521874,0.0,0.0
32,175.73497200671034,0.7871095340404097,0.00011070208540216246,0.3903977373201039,4.4794644683355275e-05,1733.32688190452,0.1988837392552755,0.7264962976789812,9.985686081281742e-05,0.06061323636142858,1.0845224589345047e-05,0.06619053814326854,8.981603197917809e-06,0.039338880920502806,4.795000019343803e-06,1187.248558730892,0.11561403472850121,617.1987054951489,0.06394466698349129
23,0.011162239678483024,0.0,0.0,0.0,0.0,0.0,0.0,0.0,0.0,0.0,0.0,0.0,0.0,0.0,0.0,0.02932289416264264,0.0001445406990054869,0.0,0.0
total,257.7727552586427,0.8931789911052772,0.00013166432115154758,0.44375380096140293,6.3667115359383e-05,1970.2224644889056,0.2826756202617259,0.8174211770376775,0.00011930700306304418,0.07575781406759974,1.23573180885034e-05,0.20200830507322076,2.6717583086346054e-05,0.04871737953252065,5.64626029686191e-06,1719.375350568935,0.1699640498477856,741.0488074257358,0.07398594284423197
