fertile_kgm3,leakage,leakage_stdev
250,0.0009006999999999999,1.150137672918653e-05
