cell,flux,tbr,tbr_stdev,"Th232(n,g)","Th232(n,g)_stdev",U233_kg/yr,U233_kg/yr_stdev,"Li6(n,t)","Li6(n,t)_stdev","Li7(n,t)","Li7(n,t)_stdev","Th232(n,fis)","Th232(n,fis)_stdev",heat_eV_src,heat_eV_src_stdev
11,2.356377767289322,0.0,0.0,0.0,0.0,0.0,0.0,0.0,0.0,0.0,0.0,0.0,0.0,836800.0171763693,435.8076923323462
41,11.892611251861197,0.0,0.0,0.0,0.0,0.0,0.0,0.0,0.0,0.0,0.0,0.0,0.0,796934.177655394,188.14070225069267
21,11.359302820452445,0.0,0.0,0.0,0.0,0.0,0.0,0.0,0.0,0.0,0.0,0.0,0.0,1161359.247684742,321.3448580604964
31,21.520005092116254,0.12093651987432225,5.9592959235901317e-05,0.020419691308604278,2.4726971044981024e-05,88.36359515613027,0.10700279577367444,0.10301458425447603,5.378049819872499e-05,0.01792193561984621,5.812461037176328e-06,0.0007020042198114081,1.6718844574527287e-07,1830160.310992767,386.64547353959654
22,28.84426799855298,0.0,0.0,0.0,0.0,0.0,0.0,0.0,0.0,0.0,0.0,0.0,0.0,2474373.377196754,669.9086991840851
32,157.86941124275486,0.9139186991317411,0.0003306402444330413,0.15800543855619634,8.400335919727751e-05,683.7482699438942,0.36351376285181397,0.838504528345811,0.0002908454844059886,0.07541417078593009,3.979476002705272e-05,0.002963167329454331,1.3277529314817998e-06,10079211.531204276,3143.5840284013075
23,0.010699724590471485,0.0,0.0,0.0,0.0,0.0,0.0,0.0,0.0,0.0,0.0,0.0,0.0,556.7056802374129,10.429579754645392
total,233.85267589761753,1.0348552190060634,0.00039023320366894263,0.1784251298648006,0.00010873033024225853,772.1118651000245,0.4705165586254884,0.9415191126002871,0.00034462598260471357,0.0933361064057763,4.560722106422905e-05,0.0036651715492657393,1.4949413772270727e-06,17179395.36759054,5155.86103352317
