fertile_kgm3,void_cell,cellfrom,leakage,leakage_stdev
0.0,99,[23],0.0010320000000000004,3.209750769140767e-05
0.0,total,,0.0010320000000000004,3.209750769140767e-05
