cell,flux,"Li6(n,t)","Li6(n,t)_stdev","Li7(n,t)","Li7(n,t)_stdev",tbr,tbr_stdev,"U238(n,fis)","U238(n,fis)_stdev","U238(n,g)","U238(n,g)_stdev",Pu239_kg/yr
11,1.9396877364783294,0.0,0.0,0.0,0.0,0.0,0.0,0.0,0.0,0.0,0.0,0.0
21,23.66546292781031,0.0,0.0,0.0,0.0,0.0,0.0,0.0,0.0,0.0,0.0,0.0
31,61.46232834216503,0.4829646155480735,0.0011697937595822815,0.004868074050824638,1.850375169801579e-05,0.48783268959889814,0.0011882975112802972,0.004868074050824638,1.0661156274654773e-06,1.2190078502485384e-05,8.918417971475525e-08,0.054112000985494756
22,0.5396122016263246,0.0,0.0,0.0,0.0,0.0,0.0,0.0,0.0,0.0,0.0,0.0
32,118.30586516624615,0.9062613746677808,0.0013466039554169047,0.010527767840353707,1.7862169488814455e-05,0.9167891425081345,0.0013644661249057192,0.010527767840353707,2.273064128025298e-06,2.3082488734882968e-05,9.494581501796023e-08,0.10246362670388028
23,0.07250338422426757,0.0,0.0,0.0,0.0,0.0,0.0,0.0,0.0,0.0,0.0,0.0
total,205.9854597585504,1.3892259902158544,0.0025163977149991862,0.015395841891178345,3.636592118683025e-05,1.4046218321070327,0.0025527636361860166,0.015395841891178345,3.3391797554907756e-06,3.5272567237368354e-05,1.841299947327155e-07,0.15657562768937502
