cell,flux,"Li6(n,t)","Li6(n,t)_stdev","Li7(n,t)","Li7(n,t)_stdev",tbr,tbr_stdev,"U238(n,fis)","U238(n,fis)_stdev","U238(n,g)","U238(n,g)_stdev",Pu239_kg/yr,Pu239_kg/yr_stdev
11,1.9419179975103127,0.0,0.0,0.0,0.0,0.0,0.0,0.0,0.0,0.0,0.0,0.0,0.0
21,23.703957635140213,0.0,0.0,0.0,0.0,0.0,0.0,0.0,0.0,0.0,0.0,0.0,0.0
31,61.371183729974135,0.48270664308597844,0.0006910734521668299,0.004838229755836918,1.2516165148550756e-05,0.48754487284181536,0.0007035896173153806,1.0599486669022078e-06,2.523777372046048e-09,1.2247441389091077e-05,7.40624768888416e-08,0.05436663598033134,0.00032876480832999327
22,0.5366539072960212,0.0,0.0,0.0,0.0,0.0,0.0,0.0,0.0,0.0,0.0,0.0,0.0
32,118.37759361973937,0.9061162226323685,0.0009462917088773424,0.010545981986030791,1.3575424176018569e-05,0.9166622046183992,0.000959867133053361,2.2745134669053884e-06,2.406796620005536e-09,2.296469358482537e-05,8.37374911405902e-08,0.10194073168932369,0.0003717123890710487
23,0.0741466460281982,0.0,0.0,0.0,0.0,0.0,0.0,0.0,0.0,0.0,0.0,0.0,0.0
total,206.00545353568825,1.388822865718347,0.0016373651610441724,0.015384211741867708,2.6091589324569326e-05,1.4042070774602147,0.0016634567503687415,3.334462133807596e-06,4.9305739920515846e-09,3.5212134973916444e-05,1.577999680294318e-07,0.15630736766965503,0.000700477197401042
