cell,flux,"Li6(n,t)","Li6(n,t)_stdev","Li7(n,t)","Li7(n,t)_stdev",tbr,tbr_stdev,"U238(n,fis)","U238(n,fis)_stdev","U238(n,g)","U238(n,g)_stdev",Pu239_kg/yr
11,2.1011179480854887,0.0,0.0,0.0,0.0,0.0,0.0,0.0,0.0,0.0,0.0,0.0
21,10.556819235394675,0.0,0.0,0.0,0.0,0.0,0.0,0.0,0.0,0.0,0.0,0.0
31,20.711617837047463,0.078321653768439,0.00012623548004262673,0.018752212904210457,1.530086820991232e-05,0.09707386667264946,0.00014153634825253905,0.018752212904210457,0.0,0.0,0.0,0.0
22,28.537660290973058,0.0,0.0,0.0,0.0,0.0,0.0,0.0,0.0,0.0,0.0,0.0
32,163.45855540039912,0.9016704106720612,0.0009566761815506105,0.08384358273489731,0.00010674471004068503,0.9855139934069586,0.0010634208915912956,0.08384358273489731,0.0,0.0,0.0,0.0
23,0.012272127112850775,0.0,0.0,0.0,0.0,0.0,0.0,0.0,0.0,0.0,0.0,0.0
total,225.37804283901266,0.9799920644405002,0.0010829116615932372,0.10259579563910777,0.00012204557825059735,1.082587860079608,0.0012049572398438347,0.10259579563910777,0.0,0.0,0.0,0.0
