cell,flux,"Li6(n,t)","Li6(n,t)_stdev","Li7(n,t)","Li7(n,t)_stdev",tbr,tbr_stdev,"Th232(n,fis)","Th232(n,fis)_stdev","Th232(n,g)","Th232(n,g)_stdev",U233_kg/yr
11,2.100257183010867,0.0,0.0,0.0,0.0,0.0,0.0,0.0,0.0,0.0,0.0,0.0
21,10.558384795489314,0.0,0.0,0.0,0.0,0.0,0.0,0.0,0.0,0.0,0.0,0.0
31,20.72549555430429,0.07858184682510203,0.0001810020354986454,0.018753018932392083,1.542338226013345e-05,0.09733486575749412,0.00019642541775877887,0.018753018932392083,0.00043072425352879003,0.008584640423662571,2.3408328156107546e-05,37.14893038749466
22,28.566768854561598,0.0,0.0,0.0,0.0,0.0,0.0,0.0,0.0,0.0,0.0,0.0
32,163.49808164586156,0.902198507270719,0.0010151435201181615,0.0838519289586026,0.00011259359588831432,0.9860504362293216,0.0011277371160064759,0.0838519289586026,0.001907860061075389,0.09614848320248601,0.00018615354567727926,416.0702292791508
23,0.011904244311513556,0.0,0.0,0.0,0.0,0.0,0.0,0.0,0.0,0.0,0.0,0.0
total,225.46089227753916,0.9807803540958211,0.001196145555616807,0.1026049478909947,0.00012801697814844777,1.0833853019868158,0.0013241625337652547,0.1026049478909947,0.002338584314604179,0.10473312362614857,0.00020956187383338682,453.21915966664545
