cell,flux,"Li6(n,t)","Li6(n,t)_stdev","Li7(n,t)","Li7(n,t)_stdev",tbr,tbr_stdev,"Th232(n,fis)","Th232(n,fis)_stdev","Th232(n,g)","Th232(n,g)_stdev",U233_kg/yr
11,1.9529888387301326,0.0,0.0,0.0,0.0,0.0,0.0,0.0,0.0,0.0,0.0,0.0
21,23.76243543634077,0.0,0.0,0.0,0.0,0.0,0.0,0.0,0.0,0.0,0.0,0.0
31,61.91180335255149,0.4712717366672912,0.0007970604015563845,0.00497129865487129,2.076599340331583e-05,0.4762430353221625,0.0008178263949597004,0.00497129865487129,0.000555654659718657,0.016009849809058025,5.5008690134030096e-05,69.28057166280195
22,0.5231522850180905,0.0,0.0,0.0,0.0,0.0,0.0,0.0,0.0,0.0,0.0,0.0
32,115.2823368171624,0.858038331301627,0.000838185395782646,0.010286867890525114,2.149998123651444e-05,0.8683251991921521,0.0008596853770191605,0.010286867890525114,0.0011393173962547971,0.029186682509691746,5.382861373254542e-05,126.30162514504688
23,0.06498405418788351,0.0,0.0,0.0,0.0,0.0,0.0,0.0,0.0,0.0,0.0,0.0
total,203.49770078399075,1.3293100679689183,0.0016352457973390305,0.015258166545396403,4.226597463983027e-05,1.3445682345143146,0.0016775117719788608,0.015258166545396403,0.001694972055973454,0.045196532318749774,0.00010883730386657551,195.58219680784885
