cell,flux,tbr,tbr_stdev,"U238(n,g)","U238(n,g)_stdev",Pu239_kg/yr,Pu239_kg/yr_stdev,"Li6(n,t)","Li6(n,t)_stdev","Li7(n,t)","Li7(n,t)_stdev","U238(n,fis)","U238(n,fis)_stdev",heating [MW],heating_stdev,fisq [MW],fisq_stdev
11,2.4344946357804886,0.0,0.0,0.0,0.0,0.0,0.0,0.0,0.0,0.0,0.0,0.0,0.0,48.85561012406685,0.31349768166559727,0.0,0.0
41,12.286629480976394,0.0,0.0,0.0,0.0,0.0,0.0,0.0,0.0,0.0,0.0,0.0,0.0,45.45071467458167,0.11871402912301483,0.0,0.0
21,11.759866826421465,0.0,0.0,0.0,0.0,0.0,0.0,0.0,0.0,0.0,0.0,0.0,0.0,66.58170918376564,0.18104636810575264,0.0,0.0
31,22.265045863574063,0.11665642566244204,0.0007810709240444347,0.03216481171595063,0.000336006187682584,142.8085448992782,1.4918338451304507,0.09959887902786656,0.0007280194958835302,0.01705754663457548,5.3051428160904515e-05,0.004678392083982703,1.3296183413181943e-05,160.97557442195316,0.4113621012885605,61.58515192759871,0.15176978027824842
22,30.00388997145355,0.0,0.0,0.0,0.0,0.0,0.0,0.0,0.0,0.0,0.0,0.0,0.0,141.947524363275,0.40417369754748483,0.0,0.0
32,166.02812519942574,0.8822921327957723,0.004448321147683645,0.23388284534296078,0.001351244322926931,1038.416425853591,5.999389558525268,0.8118826251378377,0.00404256489764498,0.07040950765793459,0.0004057562500386643,0.02000596662447645,9.727192172852934e-05,866.1962856353492,3.2224790097186466,311.65175311806684,1.2494305647784967
23,0.009749583838919818,0.0,0.0,0.0,0.0,0.0,0.0,0.0,0.0,0.0,0.0,0.0,0.0,0.04142262526906915,0.007675292654326525,0.0,0.0
total,244.78780156147064,0.9989485584582144,0.0052293920717280794,0.2660476570589114,0.0016872505106095151,1181.224970752869,7.491223403655718,0.9114815041657043,0.004770584393528511,0.08746705429251007,0.0004588076781995688,0.024684358708459152,0.00011056810514171129,1330.0488410282605,4.658948180103383,373.23690504566554,1.4012003450567452
