cell,flux,"Li6(n,t)","Li6(n,t)_stdev","Li7(n,t)","Li7(n,t)_stdev",tbr,tbr_stdev,"U238(n,fis)","U238(n,fis)_stdev","U238(n,g)","U238(n,g)_stdev",Pu239_kg/yr
11,2.090775808291165,0.0,0.0,0.0,0.0,0.0,0.0,0.0,0.0,0.0,0.0,0.0
21,10.509232785772943,0.0,0.0,0.0,0.0,0.0,0.0,0.0,0.0,0.0,0.0,0.0
31,20.65003782969147,0.0834356643701114,0.00012658967481724178,0.01939358319556848,2.124359557444499e-05,0.10282924756567989,0.00014783327039168676,0.01939358319556848,2.9691662395237298e-05,0.00023606706715263896,2.5935899155182008e-06,1.0479064074773599
22,28.478434540886713,0.0,0.0,0.0,0.0,0.0,0.0,0.0,0.0,0.0,0.0,0.0
32,164.1719074983369,0.9816900584251901,0.0013645172335888355,0.08768183584355567,0.00012624635024336214,1.0693718942687458,0.0014907635838321976,0.08768183584355567,0.00013528628438030306,0.003262186442499742,1.310868992192897e-05,14.480910517140886
23,0.012773447149169264,0.0,0.0,0.0,0.0,0.0,0.0,0.0,0.0,0.0,0.0,0.0
total,225.91316191012837,1.0651257227953015,0.0014911069084060772,0.10707541903912415,0.00014748994581780713,1.1722011418344256,0.0016385968542238843,0.10707541903912415,0.00016497794677554036,0.003498253509652381,1.570227983744717e-05,15.528816924618246
