cell,flux,"Li6(n,t)","Li6(n,t)_stdev","Li7(n,t)","Li7(n,t)_stdev",tbr,tbr_stdev,"U238(n,fis)","U238(n,fis)_stdev","U238(n,g)","U238(n,g)_stdev",Pu239_kg/yr
11,2.090147932652594,0.0,0.0,0.0,0.0,0.0,0.0,0.0,0.0,0.0,0.0,0.0
21,10.511436456640698,0.0,0.0,0.0,0.0,0.0,0.0,0.0,0.0,0.0,0.0,0.0
31,20.642617834627877,0.08322965208738471,7.20713562245351e-05,0.01940821369359596,6.5503575145991266e-06,0.10263786578098066,7.862171373913422e-05,0.01940821369359596,2.9717935424011376e-05,0.00023457390698140672,6.70991207738854e-07,1.0412782397718974
22,28.458555940601958,0.0,0.0,0.0,0.0,0.0,0.0,0.0,0.0,0.0,0.0,0.0
32,164.21129989298942,0.9824204911342409,0.000271212097003941,0.0875995049301017,2.7774429733957216e-05,1.0700199960643426,0.00029898652673789825,0.0875995049301017,0.00013529386169529393,0.003265602791227459,3.254837050771762e-06,14.496075757109056
23,0.013015457776982639,0.0,0.0,0.0,0.0,0.0,0.0,0.0,0.0,0.0,0.0,0.0
total,225.92707351528952,1.0656501432216257,0.0003432834532284761,0.10700771862369765,3.432478724855634e-05,1.1726578618453232,0.0003776082404770325,0.10700771862369765,0.0001650117971193053,0.0035001766982088655,3.925828258510616e-06,15.537353996880952
