fertile_kgm3,void_cell,cellfrom,leakage,leakage_stdev
500,99,"[42, 44]",0.11081938763710986,5.0487076678250364e-05
500,98,[44],0.05676303333362362,2.3521871981063e-05
500,total,,0.16758242097073348,5.569760652854886e-05
