fertile_kgm3,void_cell,cellfrom,leakage,leakage_stdev
500,99,"[42, 44]",0.11081938763710991,5.048707667467106e-05
500,98,[44],0.056763033333623605,2.3521871981831224e-05
500,total,,0.1675824209707335,5.569760652562883e-05
