cell,flux,"Li6(n,t)","Li6(n,t)_stdev","Li7(n,t)","Li7(n,t)_stdev",tbr,tbr_stdev,"U238(n,fis)","U238(n,fis)_stdev","U238(n,g)","U238(n,g)_stdev",Pu239_kg/yr
11,2.0906892478532013,0.0,0.0,0.0,0.0,0.0,0.0,0.0,0.0,0.0,0.0,0.0
21,10.512423324585555,0.0,0.0,0.0,0.0,0.0,0.0,0.0,0.0,0.0,0.0,0.0
31,20.651080661177946,0.08343520730535361,0.0001217971141511473,0.019389477046440055,1.9462486961717956e-05,0.10282468435179368,0.00014125960111286526,0.019389477046440055,5.9360766489279684e-06,4.7995305686844155e-05,4.589355017910123e-07,0.21305211677645192
22,28.46856633055527,0.0,0.0,0.0,0.0,0.0,0.0,0.0,0.0,0.0,0.0,0.0
32,164.10236619424612,0.9845482463341216,0.0011338835006751361,0.08766665343689464,0.0001308066135462947,1.0722148997710164,0.0012646901142214309,0.08766665343689464,2.704888226269456e-05,0.0006758257856016951,2.8914154257407556e-06,3.000004107360385
23,0.012867521359185763,0.0,0.0,0.0,0.0,0.0,0.0,0.0,0.0,0.0,0.0,0.0
total,225.8379932797773,1.0679834536394752,0.0012556806148262835,0.1070561304833347,0.00015026910050801266,1.17503958412281,0.0014059497153342962,0.1070561304833347,3.298495891162253e-05,0.0007238210912885393,3.350350927531768e-06,3.213056224136837
