fertile_kgm3,void_cell,cellfrom,leakage,leakage_stdev
150,99,"[42, 44]",0.11303849940893802,4.805251596782171e-05
150,98,[44],0.05749324990867462,2.423933829593671e-05
150,total,,0.17053174931761264,5.381997595561173e-05
