fertile_kgm3,void_cell,cellfrom,leakage,leakage_stdev
150,99,"[42, 44]",0.113038499408938,4.805251597007855e-05
150,98,[44],0.05749324990867463,2.4239338294445743e-05
150,total,,0.1705317493176126,5.381997595695522e-05
