cell,flux,"Li6(n,t)","Li6(n,t)_stdev","Li7(n,t)","Li7(n,t)_stdev",tbr,tbr_stdev,"U238(n,fis)","U238(n,fis)_stdev","U238(n,g)","U238(n,g)_stdev",Pu239_kg/yr
11,2.0904213662212743,0.0,0.0,0.0,0.0,0.0,0.0,0.0,0.0,0.0,0.0,0.0
21,10.505751372194725,0.0,0.0,0.0,0.0,0.0,0.0,0.0,0.0,0.0,0.0,0.0
31,20.645891589031798,0.08354782978909689,0.00010706315315162703,0.01940729410354792,2.1081487034124043e-05,0.1029551238926448,0.00012814464018575108,0.01940729410354792,9.902385825068978e-07,8.025150379940734e-06,1.097919461717073e-07,0.03562380219122934
22,28.474042218620866,0.0,0.0,0.0,0.0,0.0,0.0,0.0,0.0,0.0,0.0,0.0
32,164.1963032724256,0.984803494717539,0.001312217323142632,0.08775948034342142,0.0001278807017902218,1.0725629750609604,0.0014400980249328539,0.08775948034342142,4.512690366096074e-06,0.000113264710408409,4.539453566549497e-07,0.5027843028239721
23,0.01280713640390051,0.0,0.0,0.0,0.0,0.0,0.0,0.0,0.0,0.0,0.0,0.0
total,225.92521695489816,1.0683513245066358,0.001419280476294259,0.10716677444696934,0.00014896218882434585,1.1755180989536052,0.001568242665118605,0.10716677444696934,5.502928948602971e-06,0.00012128986078834974,5.63737302826657e-07,0.5384081050152014
