fertile_kgm3,leakage,leakage_stdev
750,0.0009340000000000002,1.0622303579419003e-05
