cell,flux,tbr,tbr_stdev,"U238(n,g)","U238(n,g)_stdev",Pu239_kg/yr,Pu239_kg/yr_stdev,"Li6(n,t)","Li6(n,t)_stdev","Li7(n,t)","Li7(n,t)_stdev","U238(n,fis)","U238(n,fis)_stdev",heat_eV_src,heat_eV_src_stdev
11,2.4818238280963096,0.0,0.0,0.0,0.0,0.0,0.0,0.0,0.0,0.0,0.0,0.0,0.0,867251.8308478546,460.6694330021063
41,12.539202618025564,0.0,0.0,0.0,0.0,0.0,0.0,0.0,0.0,0.0,0.0,0.0,0.0,805797.5901678777,210.10414102604915
21,11.987880474385365,0.0,0.0,0.0,0.0,0.0,0.0,0.0,0.0,0.0,0.0,0.0,0.0,1174833.276317744,355.96036163136813
31,22.727517958804764,0.11125724386343314,7.231320541621065e-05,0.043167203748064716,4.109040652941131e-05,191.6200762185478,0.1824011320485383,0.09517277643436232,6.695228010077832e-05,0.016084467429070815,5.360925315432325e-06,0.007026363371260244,1.6358563235409275e-06,3414107.1960931043,900.9667982955084
22,30.616700884046814,0.0,0.0,0.0,0.0,0.0,0.0,0.0,0.0,0.0,0.0,0.0,0.0,2496548.8044003695,633.7597195794777
32,171.2777024424165,0.8345895614142039,0.00028693665663557144,0.31485493920697194,0.0001240641808587364,1397.6473389553532,0.5507233670007772,0.7691629056575549,0.00025051918276487614,0.06542665575664909,3.641747387069533e-05,0.029768709708558667,1.3744281446090975e-05,18100129.86973871,5681.1824537605435
23,0.011437164457203584,0.0,0.0,0.0,0.0,0.0,0.0,0.0,0.0,0.0,0.0,0.0,0.0,539.9292884912178,9.393914570927985
total,251.64226537023254,0.9458468052776371,0.0003592498620517821,0.35802214295503665,0.0001651545873881477,1589.267415173901,0.7331244990493155,0.8643356820919171,0.0003174714628656545,0.0815111231857199,4.1778399186127654e-05,0.03679507307981891,1.5380137769631903e-05,26859208.49685415,8252.03682186598
