cell,flux,"Li6(n,t)","Li6(n,t)_stdev","Li7(n,t)","Li7(n,t)_stdev",tbr,tbr_stdev,"Th232(n,fis)","Th232(n,fis)_stdev","Th232(n,g)","Th232(n,g)_stdev",U233_kg/yr
11,1.9437068739238836,0.0,0.0,0.0,0.0,0.0,0.0,0.0,0.0,0.0,0.0,0.0
21,23.648349485691444,0.0,0.0,0.0,0.0,0.0,0.0,0.0,0.0,0.0,0.0,0.0
31,62.094320458050035,0.48834369279832,0.0009059565118823727,0.00515373020542649,1.9652480140422546e-05,0.4934974230037465,0.0009256089920227953,0.00515373020542649,1.9175530419926853e-07,6.500067442942351e-06,3.076480174867085e-08,0.02812820817588354
22,0.5335372710308733,0.0,0.0,0.0,0.0,0.0,0.0,0.0,0.0,0.0,0.0,0.0
32,116.12555503282893,0.8939388010166269,0.002113282830141249,0.010682034296376678,1.8012833756634682e-05,0.9046208353130036,0.0021312956638978838,0.010682034296376678,3.9402945200775624e-07,1.1780385924873324e-05,3.43490115356933e-08,0.05097810916513961
23,0.07039914932399458,0.0,0.0,0.0,0.0,0.0,0.0,0.0,0.0,0.0,0.0,0.0
total,204.4158682708492,1.382282493814947,0.0030192393420236216,0.015835764501803167,3.766531389705723e-05,1.3981182583167502,0.003056904655920679,0.015835764501803167,5.857847562070247e-07,1.8280453367815675e-05,6.511381328436415e-08,0.07910631734102315
