fertile_kgm3,void_cell,cellfrom,leakage,leakage_stdev
25,99,"[22, 23]",0.05035815236959829,3.1658125082024844e-05
25,98,[23],0.007557560085227055,8.4436494879754e-06
25,total,,0.057915712454825345,3.276479971531823e-05
