cell,flux,tbr,tbr_stdev,"U238(n,g)","U238(n,g)_stdev",Pu239_kg/yr,Pu239_kg/yr_stdev,"Li6(n,t)","Li6(n,t)_stdev","Li7(n,t)","Li7(n,t)_stdev","Be9(n,2n)","Be9(n,2n)_stdev","tot(n,fis)","tot(n,fis)_stdev",heating [MW],heating_stdev,fisq [MW],fisq_stdev
11,1.9456809498532521,0.0,0.0,0.0,0.0,0.0,0.0,0.0,0.0,0.0,0.0,0.0,0.0,0.0,0.0,27.508385682974932,0.004969365488005141,0.0,0.0
21,23.742392809993266,0.0,0.0,0.0,0.0,0.0,0.0,0.0,0.0,0.0,0.0,0.0,0.0,0.0,0.0,181.32106277797394,0.013573105654977859,0.0,0.0
31,61.56469776064891,0.48472187625555324,0.0001026028214056362,0.002807605752392367,1.9522872485044575e-06,12.465488549748443,0.008667959994495404,0.4799074981757544,0.00010083637182014684,0.0048143780797988535,1.76644958548936e-06,0.1646630165543556,5.488003529863561e-05,0.0,0.0,274.3607046904348,0.05109868561306167,3.44586893824439,0.0008803502363140281
22,0.5420462338367706,0.0,0.0,0.0,0.0,0.0,0.0,0.0,0.0,0.0,0.0,0.0,0.0,0.0,0.0,2.709754678354989,0.002985183414437096,0.0,0.0
32,118.61589189552619,0.9113331467326764,0.00019103379251002019,0.005255695333100231,2.296090129569382e-06,23.33476127832476,0.010194410377934572,0.9008555633090757,0.00018920899166709367,0.010477583423600776,1.8248008429265206e-06,0.3565390280495723,6.542032437063911e-05,0.0003196860493042185,7.975899444164155e-08,548.6386073912432,0.08803686757850379,7.2260130350519765,0.0011251121242274304
23,0.07344854166688614,0.0,0.0,0.0,0.0,0.0,0.0,0.0,0.0,0.0,0.0,0.0,0.0,0.0006709832650852543,9.328172174818448e-08,0.3721354710123835,0.0006454540318484284,0.0,0.0
total,206.4841581915253,1.3960550229882296,0.0002936366139156564,0.008063301085492598,4.248377378073839e-06,35.800249828073206,0.018862370372429976,1.38076306148483,0.0002900453634872405,0.01529196150339963,3.5912504284158805e-06,0.5212020446039279,0.00012030035966927472,0.0009906693143894728,1.7304071618982604e-07,1034.9106506919943,0.161308661780834,10.671881973296367,0.0020054623605414586
