fertile_kgm3,void_cell,cellfrom,leakage,leakage_stdev
25.0,99,"[22, 23]",0.050353214551210654,2.927484601951304e-05
25.0,98,[23],0.00755245577647273,7.996637357110693e-06
25.0,total,,0.05790567032768339,3.0347369218555614e-05
