cell,flux,tbr,tbr_stdev,"U238(n,g)","U238(n,g)_stdev","Th232(n,g)","Th232(n,g)_stdev",Pu239_kg/yr,Pu239_kg/yr_stdev,U233_kg/yr,U233_kg/yr_stdev,"Li6(n,t)","Li6(n,t)_stdev","Li7(n,t)","Li7(n,t)_stdev","Be9(n,2n)","Be9(n,2n)_stdev","Pb(n,2n)","Pb(n,2n)_stdev","tot(n,fis)","tot(n,fis)_stdev",heating [MW],heating_stdev,fisq [MW],fisq_stdev
11,2.342755412887976,0.0,0.0,0.0,0.0,0.0,0.0,0.0,0.0,0.0,0.0,0.0,0.0,0.0,0.0,0.0,0.0,0.0,0.0,0.0,0.0,48.392143358002485,0.009865757313774664,0.0,0.0
41,11.838866598856491,0.0,0.0,0.0,0.0,0.0,0.0,0.0,0.0,0.0,0.0,0.0,0.0,0.0,0.0,0.12050050856279729,1.4638284905071409e-05,0.0,0.0,0.0,0.0,45.24684557421011,0.004162833784500022,0.0,0.0
21,11.319127221906678,0.0,0.0,0.0,0.0,0.0,0.0,0.0,0.0,0.0,0.0,0.0,0.0,0.0,0.0,0.0,0.0,0.0,0.0,0.0,0.0,66.28890940292541,0.006817223093753416,0.0,0.0
31,21.473557144663147,0.1332119972655198,3.3387271145789304e-05,0.0,0.0,1.2320901141982795e-05,8.573914875522186e-09,0.0,0.0,0.053327689416627036,3.710987242714491e-05,0.11425795221688129,3.1282304538505155e-05,0.018954045048638506,2.1049666072841498e-06,0.01903702114003109,2.1235634993207495e-06,0.0,0.0,0.0,0.0,94.3950026442958,0.01062333201617345,0.002866376467851795,2.4273645693594443e-07
22,28.781998876916397,0.0,0.0,0.0,0.0,0.0,0.0,0.0,0.0,0.0,0.0,0.0,0.0,0.0,0.0,0.0,0.0,0.0,0.0,2.818466187462056e-07,2.362615105286572e-11,141.91421245913904,0.012475781421676635,0.0,0.0
32,160.0822559368022,1.0609764124238152,0.00010017298874543599,0.0,0.0,0.00011327847257734464,2.785234494558275e-08,0.0,0.0,0.4902952416857378,0.00012055134471631431,0.9795739508130177,8.359873767391949e-05,0.08140246161079762,1.657425107151651e-05,0.08710697678296868,1.470815835088929e-05,0.0,0.0,1.2136035047583244e-06,1.9227414631964311e-10,543.439705264627,0.054583408733576796,0.012434295451370864,1.9504259503338914e-06
23,0.01221401559737006,0.0,0.0,0.0,0.0,0.0,0.0,0.0,0.0,0.0,0.0,0.0,0.0,0.0,0.0,0.0,0.0,0.0,0.0,0.0,0.0,0.03758879491205012,0.0002133980875071547,0.0,0.0
total,235.85077520763028,1.194188409689335,0.0001335602598912253,0.0,0.0,0.00012559937371932743,3.6426259821104936e-08,0.0,0.0,0.5436229311023648,0.0001576612171434592,1.093831903029899,0.00011488104221242464,0.10035650665943613,1.867921767880066e-05,0.22664450648579704,3.147000675528145e-05,0.0,0.0,1.49545012350453e-06,2.1590029737250883e-10,939.7144074981119,0.09874173445096214,0.015300671919222658,2.193162407269836e-06
