cell,flux,tbr,tbr_stdev,"U238(n,g)","U238(n,g)_stdev","Th232(n,g)","Th232(n,g)_stdev",Pu239_kg/yr,Pu239_kg/yr_stdev,U233_kg/yr,U233_kg/yr_stdev,"Li6(n,t)","Li6(n,t)_stdev","Li7(n,t)","Li7(n,t)_stdev","Be9(n,2n)","Be9(n,2n)_stdev","Pb(n,2n)","Pb(n,2n)_stdev","tot(n,fis)","tot(n,fis)_stdev",heating [MW],heating_stdev,fisq [MW],fisq_stdev
11,2.3427554128879704,0.0,0.0,0.0,0.0,0.0,0.0,0.0,0.0,0.0,0.0,0.0,0.0,0.0,0.0,0.0,0.0,0.0,0.0,0.0,0.0,48.39214335800137,0.009865757315439008,0.0,0.0
41,11.838866598856303,0.0,0.0,0.0,0.0,0.0,0.0,0.0,0.0,0.0,0.0,0.0,0.0,0.0,0.0,0.12050050856279759,1.4638284907540283e-05,0.0,0.0,0.0,0.0,45.24684557421118,0.004162833784500022,0.0,0.0
21,11.31912722190631,0.0,0.0,0.0,0.0,0.0,0.0,0.0,0.0,0.0,0.0,0.0,0.0,0.0,0.0,0.0,0.0,0.0,0.0,0.0,0.0,66.28890940292516,0.006817223093753416,0.0,0.0
31,21.47355714466352,0.13321199726551958,3.3387271143560957e-05,0.0,0.0,1.2320901141982538e-05,8.573914875333756e-09,0.0,0.0,0.05332768941662592,3.710987242632934e-05,0.11425795221688106,3.128230453734986e-05,0.018954045048638526,2.1049666062110903e-06,0.019037021140030908,2.1235634998525807e-06,0.0,0.0,0.0,0.0,94.39500264429752,0.010623332025447383,0.0028663764678517603,2.4273645743994216e-07
22,28.781998876915917,0.0,0.0,0.0,0.0,0.0,0.0,0.0,0.0,0.0,0.0,0.0,0.0,0.0,0.0,0.0,0.0,0.0,0.0,2.818466187461994e-07,2.3626151041735948e-11,141.9142124591436,0.01247578142694124,0.0,0.0
32,160.08225593680802,1.0609764124237953,0.00010017298868683034,0.0,0.0,0.00011327847257734909,2.7852344949295097e-08,0.0,0.0,0.49029524168575706,0.0001205513447323822,0.9795739508129955,8.359873761858457e-05,0.08140246161079988,1.6574251068245767e-05,0.0871069767829706,1.4708158357032152e-05,0.0,0.0,1.2136035047584038e-06,1.9227414629776155e-10,543.4397052646302,0.05458340867581855,0.012434295451370835,1.950425950584788e-06
23,0.012214015597370056,0.0,0.0,0.0,0.0,0.0,0.0,0.0,0.0,0.0,0.0,0.0,0.0,0.0,0.0,0.0,0.0,0.0,0.0,0.0,0.0,0.037588794912050104,0.00021339808750722806,0.0,0.0
total,235.85077520763542,1.194188409689315,0.0001335602598303913,0.0,0.0,0.00012559937371933163,3.642625982462885e-08,0.0,0.0,0.543622931102383,0.00015766121715871155,1.0938319030298764,0.00011488104215593444,0.1003565066594384,1.8679217674456858e-05,0.2266445064857991,3.1470006764425014e-05,0.0,0.0,1.4954501235046033e-06,2.159002973394975e-10,939.7144074981211,0.09874173440940684,0.015300671919222596,2.1931624080247304e-06
