cell,flux,tbr,tbr_stdev,"Th232(n,g)","Th232(n,g)_stdev",U233_kg/yr,U233_kg/yr_stdev,"Li6(n,t)","Li6(n,t)_stdev","Li7(n,t)","Li7(n,t)_stdev","Be9(n,2n)","Be9(n,2n)_stdev","Th232(n,fis)","Th232(n,fis)_stdev",heating [MW],heating_stdev,fisq [MW],fisq_stdev
11,2.342932977065495,0.0,0.0,0.0,0.0,0.0,0.0,0.0,0.0,0.0,0.0,0.0,0.0,0.0,0.0,48.3963286345394,0.01009752533664254,0.0,0.0
41,11.83890571346545,0.0,0.0,0.0,0.0,0.0,0.0,0.0,0.0,0.0,0.0,0.12049891335032065,1.485577266950934e-05,0.0,0.0,45.24644185296707,0.004306765424936434,0.0,0.0
21,11.319079397776429,0.0,0.0,0.0,0.0,0.0,0.0,0.0,0.0,0.0,0.0,0.0,0.0,0.0,0.0,66.29005505779743,0.007152866003097128,0.0,0.0
31,21.47369456044997,0.1332351616557873,3.244055165891239e-05,1.232028647755414e-05,7.272411558595944e-09,0.05332502900783314,3.147666720457764e-05,0.11428118396712103,3.0295278096241202e-05,0.018953977688666277,2.1452735626711894e-06,0.019037059695017847,2.1630315735756804e-06,2.8184677910426347e-07,2.3777634830908317e-11,94.40049543665691,0.00973726375984512,0.002866377966883928,2.4411288380043116e-07
22,28.781583598257654,0.0,0.0,0.0,0.0,0.0,0.0,0.0,0.0,0.0,0.0,0.0,0.0,0.0,0.0,141.9167344549043,0.012548180976413685,0.0,0.0
32,160.0837517666496,1.0610120738768736,0.00012448257972140795,0.00011328661254157731,2.7490529583940695e-08,0.4903304733201337,0.00011898532474671436,0.9796082181613176,0.0001078447648882431,0.08140385571555603,1.6637814833164853e-05,0.08710852220009511,1.4801966060457951e-05,1.2136203010589702e-06,1.9280709165903595e-10,543.4515465681086,0.05444496743599114,0.012434468478868102,1.9556856848705584e-06
23,0.012208606077502489,0.0,0.0,0.0,0.0,0.0,0.0,0.0,0.0,0.0,0.0,0.0,0.0,0.0,0.0,0.03759224348863417,0.00021389993707658008,0.0,0.0
total,235.85215661974212,1.1942472355326608,0.00015692313138032036,0.00012560689901913144,3.476294114253664e-08,0.5436555023279668,0.000150461991951292,1.0938894021284387,0.0001381400429844843,0.1003578334042223,1.8783088395836044e-05,0.22664449524543362,3.1820770303542974e-05,1.4954670801632338e-06,2.1658472648994426e-10,939.7391942484624,0.09850146887400264,0.01530084644575203,2.1997985686709894e-06
