cell,flux,"Li6(n,t)","Li6(n,t)_stdev","Li7(n,t)","Li7(n,t)_stdev",tbr,tbr_stdev,"U238(n,fis)","U238(n,fis)_stdev","U238(n,g)","U238(n,g)_stdev",Pu239_kg/yr
11,1.9544413219962535,0.0,0.0,0.0,0.0,0.0,0.0,0.0,0.0,0.0,0.0,0.0
21,23.8375555726502,0.0,0.0,0.0,0.0,0.0,0.0,0.0,0.0,0.0,0.0,0.0
31,61.396055470189744,0.467235635843986,0.0001856612904257144,0.00479057357056717,4.117508194432484e-06,0.47202620941455314,0.00018977879862014689,0.00479057357056717,0.0021810026227354314,0.016814790314645913,2.0665061965866116e-05,74.64118872503528
22,0.5295079010497492,0.0,0.0,0.0,0.0,0.0,0.0,0.0,0.0,0.0,0.0,0.0
32,117.88782217263619,0.8739335297610038,0.00015076390717687254,0.01040351794308998,4.448469158819145e-06,0.8843370477040938,0.0001552123763356917,0.01040351794308998,0.004659699205299314,0.0313332830914515,2.4931633690638397e-05,139.08906699638723
23,0.06934939932264333,0.0,0.0,0.0,0.0,0.0,0.0,0.0,0.0,0.0,0.0,0.0
total,205.6747318378448,1.3411691656049898,0.00033642519760258697,0.015194091513657151,8.565977353251629e-06,1.356363257118647,0.00034499117495583856,0.015194091513657151,0.006840701828034745,0.04814807340609742,4.559669565650452e-05,213.7302557214225
