cell,flux,"Li6(n,t)","Li6(n,t)_stdev","Li7(n,t)","Li7(n,t)_stdev",tbr,tbr_stdev,"U238(n,fis)","U238(n,fis)_stdev","U238(n,g)","U238(n,g)_stdev",Pu239_kg/yr
11,1.9644921620943627,0.0,0.0,0.0,0.0,0.0,0.0,0.0,0.0,0.0,0.0,0.0
21,23.907844808039222,0.0,0.0,0.0,0.0,0.0,0.0,0.0,0.0,0.0,0.0,0.0
31,62.462514652991956,0.47388775303598674,0.0009514704913267346,0.0049513153754154795,2.1411724837837465e-05,0.4788390684114022,0.000972882216164572,0.0049513153754154795,0.002199775547196161,0.016741382911181685,6.800371507831834e-05,74.31533180066937
22,0.5257776436882308,0.0,0.0,0.0,0.0,0.0,0.0,0.0,0.0,0.0,0.0,0.0
32,116.4602398502379,0.8649675474573382,0.0010435420750838902,0.010252717373208504,1.8827323937341104e-05,0.8752202648305467,0.0010623693990212313,0.010252717373208504,0.0044933157769822245,0.03038438475882419,6.161718614627868e-05,134.8768884201956
23,0.06544781051210824,0.0,0.0,0.0,0.0,0.0,0.0,0.0,0.0,0.0,0.0,0.0
total,205.38631692756377,1.338855300493325,0.001995012566410625,0.015204032748623983,4.023904877517857e-05,1.354059333241949,0.0020352516151858034,0.015204032748623983,0.0066930913241783855,0.047125767670005876,0.000129620901224597,209.19222022086495
