cell,flux,"Li6(n,t)","Li6(n,t)_stdev","Li7(n,t)","Li7(n,t)_stdev",tbr,tbr_stdev,"U238(n,fis)","U238(n,fis)_stdev","U238(n,g)","U238(n,g)_stdev",Pu239_kg/yr
11,1.9538906344377516,0.0,0.0,0.0,0.0,0.0,0.0,0.0,0.0,0.0,0.0,0.0
21,23.830748237285082,0.0,0.0,0.0,0.0,0.0,0.0,0.0,0.0,0.0,0.0,0.0
31,61.39798186242713,0.46773841465954885,0.00018365148280093742,0.004794329588995149,4.267161055629005e-06,0.472532744248544,0.00018791864385656642,0.004794329588995149,0.002133789094482104,0.016507003523500884,1.7577750509814863e-05,73.27491703594269
22,0.529293609697622,0.0,0.0,0.0,0.0,0.0,0.0,0.0,0.0,0.0,0.0,0.0
32,117.87245392021501,0.8745701432433413,0.00030487885728217143,0.010414599853161264,4.706914161651415e-06,0.8849847430965025,0.00030958577144382286,0.010414599853161264,0.004560120921021052,0.030778832112035144,2.4895678644631452e-05,136.62784806834924
23,0.06951321979360336,0.0,0.0,0.0,0.0,0.0,0.0,0.0,0.0,0.0,0.0,0.0
total,205.6538814838562,1.3423085579028902,0.0004885303400831089,0.015208929442156412,8.97407521728042e-06,1.3575174873450466,0.0004975044153003893,0.015208929442156412,0.006693910015503156,0.047285835635536025,4.247342915444631e-05,209.90276510429192
