cell,flux,"Li6(n,t)","Li6(n,t)_stdev","Li7(n,t)","Li7(n,t)_stdev",tbr,tbr_stdev,"U238(n,fis)","U238(n,fis)_stdev","U238(n,g)","U238(n,g)_stdev",Pu239_kg/yr
11,2.153516012387137,0.0,0.0,0.0,0.0,0.0,0.0,0.0,0.0,0.0,0.0,0.0
21,10.838170737414382,0.0,0.0,0.0,0.0,0.0,0.0,0.0,0.0,0.0,0.0,0.0
31,21.340900666068485,0.0741076755161911,0.0001100654757026128,0.01890121359511122,1.3534115118711036e-05,0.09300888911130233,0.00012359959082132384,0.01890121359511122,0.0017995607614810505,0.010065190348584763,3.1703502895999466e-05,44.67958019718782
22,29.494874707349886,0.0,0.0,0.0,0.0,0.0,0.0,0.0,0.0,0.0,0.0,0.0
32,173.37340467012407,0.8959268456175511,0.0004909616417295487,0.08445148008154166,7.74790739499326e-05,0.9803783256990928,0.0005684407156794813,0.08445148008154166,0.008143254099376796,0.11700109022815716,0.00013651275191914697,519.3701671764596
23,0.01376420556067832,0.0,0.0,0.0,0.0,0.0,0.0,0.0,0.0,0.0,0.0,0.0
total,237.21463099890462,0.9700345211337422,0.0006010271174321615,0.10335269367665288,9.101318906864364e-05,1.0733872148103951,0.0006920403065008051,0.10335269367665288,0.009942814860857846,0.12706628057674194,0.00016821625481514642,564.0497473736475
