cell,flux,"Li6(n,t)","Li6(n,t)_stdev","Li7(n,t)","Li7(n,t)_stdev",tbr,tbr_stdev,"U238(n,fis)","U238(n,fis)_stdev","U238(n,g)","U238(n,g)_stdev",Pu239_kg/yr
11,2.133906148692279,0.0,0.0,0.0,0.0,0.0,0.0,0.0,0.0,0.0,0.0,0.0
21,10.731483303847924,0.0,0.0,0.0,0.0,0.0,0.0,0.0,0.0,0.0,0.0,0.0
31,21.086135177222847,0.07790624659076742,0.00020444121277656205,0.01843299064958675,2.0701175881730486e-05,0.09633923724035418,0.00022514238865829254,0.01843299064958675,0.0023604414087223064,0.011320960345756066,3.8110332442490426e-05,50.253968197284266
22,29.144402722292803,0.0,0.0,0.0,0.0,0.0,0.0,0.0,0.0,0.0,0.0,0.0
32,168.36139985561596,0.9015479584939387,0.0009722024832453688,0.08194781386261646,0.00012510935098186058,0.9834957723565552,0.0010973118342272293,0.08194781386261646,0.010643193820202101,0.1249774238233421,0.00014351628408813407,554.7772706889825
23,0.01230967772850421,0.0,0.0,0.0,0.0,0.0,0.0,0.0,0.0,0.0,0.0,0.0
total,231.46963688540032,0.979454205084706,0.0011766436960219308,0.10038080451220321,0.00014581052686359107,1.0798350095969094,0.001322454222885522,0.10038080451220321,0.013003635228924407,0.13629838416909815,0.00018162661653062448,605.0312388862668
