fertile_kgm3,leakage,leakage_stdev
50,0.0009993000000000003,1.21634013883178e-05
