cell,flux,tbr,tbr_stdev,"U238(n,g)","U238(n,g)_stdev",Pu239_kg/yr,Pu239_kg/yr_stdev,"Li6(n,t)","Li6(n,t)_stdev","Li7(n,t)","Li7(n,t)_stdev","U238(n,fis)","U238(n,fis)_stdev",heat_eV_src,heat_eV_src_stdev
11,2.3523737448973834,0.0,0.0,0.0,0.0,0.0,0.0,0.0,0.0,0.0,0.0,0.0,0.0,848298.4023261663,381.6162060514595
41,11.881922431776585,0.0,0.0,0.0,0.0,0.0,0.0,0.0,0.0,0.0,0.0,0.0,0.0,797180.1213286218,223.3767134976606
21,11.354157992040792,0.0,0.0,0.0,0.0,0.0,0.0,0.0,0.0,0.0,0.0,0.0,0.0,1165788.2647526222,335.5538238997195
31,21.533442971953754,0.1298679669332685,8.501328087225152e-05,0.0062955111930242435,1.3855101920421152e-05,27.94589943056271,0.06150307306217107,0.1111159617060155,7.924200898454969e-05,0.018752005227252996,5.771271887701832e-06,0.00046697417323199764,1.1535084053137654e-07,1783718.6548280523,471.87753940058985
22,28.86651286903253,0.0,0.0,0.0,0.0,0.0,0.0,0.0,0.0,0.0,0.0,0.0,0.0,2493248.9532292574,576.3341675033989
32,160.2860524839965,1.0209089594086083,0.0004434278114359655,0.04656141645973192,3.2897198052786485e-05,206.68705397109198,0.1460313166227317,0.9406620782459432,0.00040222435565433136,0.08024688116266508,4.120345578163415e-05,0.002042958219719624,8.055896688161042e-07,10143920.63318637,3575.03309297766
23,0.012216137286537998,0.0,0.0,0.0,0.0,0.0,0.0,0.0,0.0,0.0,0.0,0.0,0.0,632.2909973300576,11.392367762856903
total,236.2866786309841,1.1507769263418768,0.000528441092308217,0.05285692765275617,4.675229997320764e-05,234.6329534016547,0.20753438968490276,1.0517780399519587,0.00048146636463888105,0.09899888638991808,4.697472766933599e-05,0.0025099323929516216,9.209405093474808e-07,17232787.32064842,5575.183911093345
