fertile_kgm3,void_cell,cellfrom,leakage,leakage_stdev
4000,99,[23],0.0008013000000000002,1.064299456606662e-05
4000,total,,0.0008013000000000002,1.064299456606662e-05
