cell,flux,"Li6(n,t)","Li6(n,t)_stdev","Li7(n,t)","Li7(n,t)_stdev",tbr,tbr_stdev,"Th232(n,fis)","Th232(n,fis)_stdev","Th232(n,g)","Th232(n,g)_stdev",U233_kg/yr
11,2.096098336796454,0.0,0.0,0.0,0.0,0.0,0.0,0.0,0.0,0.0,0.0,0.0
21,10.531156340790698,0.0,0.0,0.0,0.0,0.0,0.0,0.0,0.0,0.0,0.0,0.0
31,20.679919876414193,0.08135599852310836,0.0002097994875375763,0.019146894171789053,2.110443839012661e-05,0.10050289269489741,0.0002309039259277029,0.019146894171789053,0.00017586546252690462,0.003880239020953298,1.6343764510916578e-05,16.791236692792705
22,28.53980083148365,0.0,0.0,0.0,0.0,0.0,0.0,0.0,0.0,0.0,0.0,0.0
32,163.7487403588986,0.9450090132275882,0.0011752837399604213,0.08618497677117201,0.00012907779444842687,1.0311939899987603,0.0013043615344088483,0.08618497677117201,0.000784045557264686,0.04625139831938164,7.472537513464772e-05,200.14699413093686
23,0.012343046934949805,0.0,0.0,0.0,0.0,0.0,0.0,0.0,0.0,0.0,0.0,0.0
total,225.60805879131854,1.0263650117506966,0.0013850832274979977,0.10533187094296106,0.00015018223283855348,1.1316968826936578,0.0015352654603365513,0.10533187094296106,0.0009599110197915906,0.050131637340334934,9.106913964556431e-05,216.93823082372955
