cell,flux,"Li6(n,t)","Li6(n,t)_stdev","Li7(n,t)","Li7(n,t)_stdev",tbr,tbr_stdev,"Th232(n,fis)","Th232(n,fis)_stdev","Th232(n,g)","Th232(n,g)_stdev",U233_kg/yr,U233_kg/yr_stdev
11,2.1220820500199915,0.0,0.0,0.0,0.0,0.0,0.0,0.0,0.0,0.0,0.0,0.0,0.0
21,10.685694550312139,0.0,0.0,0.0,0.0,0.0,0.0,0.0,0.0,0.0,0.0,0.0,0.0
31,21.020742921431527,0.07691661651933034,0.00013455219466297578,0.019454443793026216,1.3469301947993052e-05,0.09637106031235655,0.00014802149661096884,0.00013309270594064835,8.235108261843571e-08,0.0033134735770103925,1.84404699002646e-05,14.338631926140215,0.07979876836184964
22,29.027634208169747,0.0,0.0,0.0,0.0,0.0,0.0,0.0,0.0,0.0,0.0,0.0,0.0
32,170.094719727762,0.9433911207335524,0.000798474627989869,0.0876946680832676,8.854091374537827e-05,1.03108578881682,0.0008870155417352473,0.0005940523037139641,5.718677675766078e-07,0.04166239581254931,5.480305829344157e-05,180.2886743573499,0.23715320585277144
23,0.01393141465001973,0.0,0.0,0.0,0.0,0.0,0.0,0.0,0.0,0.0,0.0,0.0,0.0
total,232.9648048723454,1.0203077372528826,0.0009330268226528447,0.10714911187629382,0.00010201021569337132,1.1274568491291765,0.0010350370383462161,0.0007271450096546124,6.542188501950435e-07,0.044975869389559706,7.324352819370617e-05,194.6273062834901,0.31695197421462107
