cell,flux,"Li6(n,t)","Li6(n,t)_stdev","Li7(n,t)","Li7(n,t)_stdev",tbr,tbr_stdev,"U238(n,fis)","U238(n,fis)_stdev","U238(n,g)","U238(n,g)_stdev",Pu239_kg/yr
11,1.9713596884924556,0.0,0.0,0.0,0.0,0.0,0.0,0.0,0.0,0.0,0.0,0.0
21,23.99821356380836,0.0,0.0,0.0,0.0,0.0,0.0,0.0,0.0,0.0,0.0,0.0
31,62.6199752859117,0.4713783697273614,0.0010435910114606982,0.00490002884220281,1.8855938745617642e-05,0.4762783985695642,0.0010624469502063159,0.00490002884220281,0.002798258325907534,0.02046240263568393,8.535015886642426e-05,90.83301238478194
22,0.5238854159288938,0.0,0.0,0.0,0.0,0.0,0.0,0.0,0.0,0.0,0.0,0.0
32,116.60044948075961,0.8599984080985799,0.001103249694419289,0.010140924866432479,1.643631605625704e-05,0.8701393329650123,0.001119686010475546,0.010140924866432479,0.0057210443663266285,0.03703975788494026,0.00011121738849632016,164.42022213095075
23,0.06463656134283197,0.0,0.0,0.0,0.0,0.0,0.0,0.0,0.0,0.0,0.0,0.0
total,205.77851999624383,1.3313767778259413,0.002146840705879987,0.015040953708635289,3.529225480187468e-05,1.3464177315345767,0.002182132960681862,0.015040953708635289,0.008519302692234162,0.05750216052062419,0.0001965675473627444,255.2532345157327
