cell,flux,"Li6(n,t)","Li6(n,t)_stdev","Li7(n,t)","Li7(n,t)_stdev",tbr,tbr_stdev,"U238(n,fis)","U238(n,fis)_stdev","U238(n,g)","U238(n,g)_stdev",Pu239_kg/yr
11,1.9604396639671031,0.0,0.0,0.0,0.0,0.0,0.0,0.0,0.0,0.0,0.0,0.0
21,23.908718264256436,0.0,0.0,0.0,0.0,0.0,0.0,0.0,0.0,0.0,0.0,0.0
31,61.51516773958823,0.4644247284076096,0.0001301856863209095,0.004736714184670648,4.318747791946207e-06,0.46916144259228026,0.00013450443411285571,0.004736714184670648,0.0027945108081531985,0.020570954854595414,1.902260164803875e-05,91.31487784409939
22,0.5248321692304699,0.0,0.0,0.0,0.0,0.0,0.0,0.0,0.0,0.0,0.0,0.0
32,118.02754769815144,0.8674371190692287,0.0002679616538621343,0.010282645970564807,4.995195668963137e-06,0.8777197650397935,0.0002729568495310974,0.010282645970564807,0.0059680274685011605,0.03828626377248956,3.569217409522507e-05,169.95348656413222
23,0.06825476834014098,0.0,0.0,0.0,0.0,0.0,0.0,0.0,0.0,0.0,0.0,0.0
total,206.0049603035338,1.3318618474768384,0.0003981473401830438,0.015019360155235455,9.313943460909343e-06,1.3468812076320738,0.0004074612836439531,0.015019360155235455,0.00876253827665436,0.05885721862708497,5.471477574326382e-05,261.2683644082316
