cell,flux,"Li6(n,t)","Li6(n,t)_stdev","Li7(n,t)","Li7(n,t)_stdev",tbr,tbr_stdev,"Th232(n,fis)","Th232(n,fis)_stdev","Th232(n,g)","Th232(n,g)_stdev",U233_kg/yr
11,3.113038612965892,0.0,0.0,0.0,0.0,0.0,0.0,0.0,0.0,0.0,0.0,0.0
21,10.447334630014197,0.0,0.0,0.0,0.0,0.0,0.0,0.0,0.0,0.0,0.0,0.0
31,20.50660971438709,0.07609161010790193,0.00013616901403972726,0.01856318329341198,2.504153498459977e-05,0.09465479340131391,0.00016121054902432701,0.01856318329341198,0.0002982952251150624,0.005930676329931328,3.0045093395844953e-05,25.664241163100936
22,28.288703640601295,0.0,0.0,0.0,0.0,0.0,0.0,0.0,0.0,0.0,0.0,0.0
32,163.91197821541192,0.9232563132740497,0.0006523191864540676,0.08323367680465733,0.00017083643689908408,1.006489990078707,0.0008231556233531518,0.08323367680465733,0.001326388617926771,0.07276903820551721,0.00012101081349800538,314.89867964770957
23,0.01251163899260142,0.0,0.0,0.0,0.0,0.0,0.0,0.0,0.0,0.0,0.0,0.0
total,226.280176452373,0.9993479233819516,0.0007884882004937949,0.10179686009806932,0.00019587797188368384,1.101144783480021,0.0009843661723774788,0.10179686009806932,0.0016246838430418334,0.07869971453544854,0.00015105590689385034,340.5629208108105
