cell,flux,"Li6(n,t)","Li6(n,t)_stdev","Li7(n,t)","Li7(n,t)_stdev",tbr,tbr_stdev,"U238(n,fis)","U238(n,fis)_stdev","U238(n,g)","U238(n,g)_stdev",Pu239_kg/yr
11,2.0342995982267515,0.0,0.0,0.0,0.0,0.0,0.0,0.0,0.0,0.0,0.0,0.0
21,24.87630294036801,0.0,0.0,0.0,0.0,0.0,0.0,0.0,0.0,0.0,0.0,0.0
31,66.35337228000958,0.4279518384056521,0.0006800493271157936,0.003943302844959483,1.3982252558973256e-05,0.43189514125061157,0.0006940315796747669,0.003943302844959483,0.007872958971710236,0.05051636428011985,0.00014281810850527642,224.2431460266746
22,0.5819272037308665,0.0,0.0,0.0,0.0,0.0,0.0,0.0,0.0,0.0,0.0,0.0
32,126.83038014594527,0.800650066090262,0.0008936031571858787,0.008497310726182152,1.309280430912906e-05,0.8091473768164442,0.0009066959614950077,0.008497310726182152,0.016701807169862026,0.09467799725488191,0.0001291717836331767,420.27751336599573
23,0.07811758077899736,0.0,0.0,0.0,0.0,0.0,0.0,0.0,0.0,0.0,0.0,0.0
total,220.75439974905947,1.228601904495914,0.0015736524843016722,0.012440613571141634,2.7075056868102316e-05,1.2410425180670557,0.0016007275411697745,0.012440613571141634,0.024574766141572262,0.14519436153500176,0.0002719898921384531,644.5206593926703
