fertile_kgm3,void_cell,cellfrom,leakage,leakage_stdev
0.5,99,"[42, 44]",0.11454671697436941,5.0826234041712325e-05
0.5,98,[44],0.0582629458861236,2.3782840571360987e-05
0.5,total,,0.172809662860493,5.6115323865283815e-05
