fertile_kgm3,void_cell,cellfrom,leakage,leakage_stdev
0.5,99,"[42, 44]",0.11454671697436934,5.0826234044556885e-05
0.5,98,[44],0.05826294588612359,2.3782840570981093e-05
0.5,total,,0.17280966286049293,5.6115323867699254e-05
