fertile_kgm3,void_cell,cellfrom,leakage,leakage_stdev
2000.0,99,[23],0.0006100000000000004,7.78352961922373e-05
2000.0,total,,0.0006100000000000004,7.78352961922373e-05
