fertile_kgm3,void_cell,cellfrom,leakage,leakage_stdev
10,99,[23],0.04082043,2.1130401282319893e-05
10,total,,0.04082043,2.1130401282319893e-05
