fertile_kgm3,void_cell,cellfrom,leakage,leakage_stdev
4499,99,[23],0.0007529999999999999,2.855258307053863e-05
4499,total,,0.0007529999999999999,2.855258307053863e-05
