cell,flux,"Li6(n,t)","Li6(n,t)_stdev","Li7(n,t)","Li7(n,t)_stdev",tbr,tbr_stdev,"U238(n,fis)","U238(n,fis)_stdev","U238(n,g)","U238(n,g)_stdev",Pu239_kg/yr
11,3.1421271725182147,0.0,0.0,0.0,0.0,0.0,0.0,0.0,0.0,0.0,0.0,0.0
21,10.562078765045928,0.0,0.0,0.0,0.0,0.0,0.0,0.0,0.0,0.0,0.0,0.0
31,20.744986922542587,0.07641700975501707,5.888704078477531e-05,0.018428223007263236,5.432844443722922e-06,0.09484523276228031,6.431988522849823e-05,0.018428223007263236,0.0014137775453321574,0.007225243632038221,8.464774362618679e-06,32.073000223712924
22,28.60415679718786,0.0,0.0,0.0,0.0,0.0,0.0,0.0,0.0,0.0,0.0,0.0
32,166.797479301081,0.9266266264896951,0.0003500589133202548,0.08225938348995734,3.853819659381313e-05,1.0088860099796524,0.00038859710991406794,0.08225938348995734,0.0063966749863333654,0.08695079436477034,7.3010893832488e-05,385.976306009572
23,0.013538977956463935,0.0,0.0,0.0,0.0,0.0,0.0,0.0,0.0,0.0,0.0,0.0
total,229.86436793633206,1.0030436362447122,0.00040894595410503014,0.10068760649722058,4.397104103753605e-05,1.1037312427419328,0.00045291699514256616,0.10068760649722058,0.007810452531665523,0.09417603799680856,8.147566819510668e-05,418.04930623328494
