fertile_kgm3,void_cell,cellfrom,leakage,leakage_stdev
250.0,99,"[22, 23]",0.05061132218217145,3.730687793951463e-05
250.0,98,[23],0.007534177352780443,8.102153548210669e-06
250.0,total,,0.05814549953495189,3.817653773867696e-05
