cell,flux,tbr,tbr_stdev,"U238(n,g)","U238(n,g)_stdev","Th232(n,g)","Th232(n,g)_stdev",Pu239_kg/yr,Pu239_kg/yr_stdev,U233_kg/yr,U233_kg/yr_stdev,"Li6(n,t)","Li6(n,t)_stdev","Li7(n,t)","Li7(n,t)_stdev","Be9(n,2n)","Be9(n,2n)_stdev","Pb(n,2n)","Pb(n,2n)_stdev","tot(n,fis)","tot(n,fis)_stdev",heating [MW],heating_stdev,fisq [MW],fisq_stdev
11,1.9554654298623098,0.0,0.0,0.0,0.0,0.0,0.0,0.0,0.0,0.0,0.0,0.0,0.0,0.0,0.0,0.0,0.0,0.0,0.0,0.0,0.0,27.45853273278511,0.004641038311991984,0.0,0.0
21,23.864416085009562,0.0,0.0,0.0,0.0,0.0,0.0,0.0,0.0,0.0,0.0,0.0,0.0,0.0,0.0,0.0,0.0,0.0,0.0,0.0,0.0,181.0668876943101,0.013398230258577979,0.0,0.0
31,62.13291992295753,0.4597017555804114,9.743637857960882e-05,0.0,0.0,0.021827203800299243,6.360760374732006e-06,0.0,0.0,94.47315027384907,0.027530831536459237,0.4551739461860542,9.588844579787251e-05,0.004527809394357129,1.5479327817363144e-06,0.15485400478851474,4.517065786504491e-05,0.0,0.0,0.0,0.0,276.0717369372941,0.04778941115962316,7.560773351295324,0.0022524698210672073
22,0.5459122278910326,0.0,0.0,0.0,0.0,0.0,0.0,0.0,0.0,0.0,0.0,0.0,0.0,0.0,0.0,0.0,0.0,0.0,0.0,0.0,0.0,2.662429548591556,0.0033326379320488173,0.0,0.0
32,119.43496658664255,0.8625989890666435,0.00013045736377758293,0.0,0.0,0.04081073023282968,1.2871395247855718e-05,0.0,0.0,176.63821190045317,0.055710354317950204,0.8527528458471054,0.00012857765549153876,0.009846143219538021,1.879708286044173e-06,0.3349976036196666,6.56634622619557e-05,0.0,0.0,0.0007393178463096897,2.21176395472201e-07,552.2605442308588,0.07401067851641055,16.234217897617324,0.0027661219776690584
23,0.07356032272707153,0.0,0.0,0.0,0.0,0.0,0.0,0.0,0.0,0.0,0.0,0.0,0.0,0.0,0.0,0.0,0.0,0.0,0.0,0.0015881486414725489,2.705855289868196e-07,0.3629980006526613,0.0007379624925552864,0.0,0.0
total,208.00724057509007,1.322300744647055,0.00022789374235719173,0.0,0.0,0.06263793403312892,1.9232155622587724e-05,0.0,0.0,271.11136217430226,0.08324118585440944,1.3079267920331596,0.00022446610128941125,0.01437395261389515,3.4276410677804875e-06,0.4898516084081813,0.00011083412012700061,0.0,0.0,0.0023274664877822385,4.917619244590205e-07,1039.8831291444924,0.1439099586712078,23.79499124891265,0.005018591798736266
