fertile_kgm3,void_cell,cellfrom,leakage,leakage_stdev
250.0,99,"[22, 23]",0.05062561998209068,3.6283529425845636e-05
250.0,98,[23],0.007540354636878699,8.580183494577071e-06
250.0,total,,0.058165974618969385,3.728423334865314e-05
