cell,flux,"Li6(n,t)","Li6(n,t)_stdev","Li7(n,t)","Li7(n,t)_stdev",tbr,tbr_stdev,"U238(n,fis)","U238(n,fis)_stdev","U238(n,g)","U238(n,g)_stdev",Pu239_kg/yr
11,1.9490487899459576,0.0,0.0,0.0,0.0,0.0,0.0,0.0,0.0,0.0,0.0,0.0
21,23.782870123392563,0.0,0.0,0.0,0.0,0.0,0.0,0.0,0.0,0.0,0.0,0.0
31,61.89709539474811,0.47519024197708476,0.0009289463198673207,0.004770853633342351,1.7930063950194843e-05,0.4799610956104271,0.0009468763838175156,0.004770853633342351,0.0007982008884876804,0.007530446786768169,4.812962999655275e-05,33.42780309935937
22,0.5470340679594298,0.0,0.0,0.0,0.0,0.0,0.0,0.0,0.0,0.0,0.0,0.0
32,118.97650234755042,0.8913400531895725,0.0016575878625711973,0.010312999114507029,1.9835783226073806e-05,0.9016530523040795,0.001677423645797271,0.010312999114507029,0.0017011829011226447,0.014235165099707134,4.802901293344492e-05,63.190181076108836
23,0.07380685616361962,0.0,0.0,0.0,0.0,0.0,0.0,0.0,0.0,0.0,0.0,0.0
total,207.22635757976013,1.3665302951666574,0.002586534182438518,0.01508385274784938,3.7765847176268646e-05,1.3816141479145068,0.0026243000296147867,0.01508385274784938,0.002499383789610325,0.021765611886475304,9.615864292999768e-05,96.61798417546821
