cell,flux,"Li6(n,t)","Li6(n,t)_stdev","Li7(n,t)","Li7(n,t)_stdev",tbr,tbr_stdev,"U238(n,fis)","U238(n,fis)_stdev","U238(n,g)","U238(n,g)_stdev",Pu239_kg/yr
11,1.951828124712081,0.0,0.0,0.0,0.0,0.0,0.0,0.0,0.0,0.0,0.0,0.0
21,23.836521197349732,0.0,0.0,0.0,0.0,0.0,0.0,0.0,0.0,0.0,0.0,0.0
31,61.79481648606967,0.4751117611758019,0.0007668196934306742,0.004743015581364528,1.1659177535144868e-05,0.4798547767571664,0.0007784788709658191,0.004743015581364528,0.0007938671759519808,0.00755681598851253,3.101095963298351e-05,33.54485651049915
22,0.5433710023929761,0.0,0.0,0.0,0.0,0.0,0.0,0.0,0.0,0.0,0.0,0.0
32,119.1309854709817,0.8918991143343336,0.0007487687964717219,0.010332796811907971,1.3467627893098965e-05,0.9022319111462416,0.0007622364243648209,0.010332796811907971,0.0017018183336992051,0.014126857785041034,3.767336517652649e-05,62.70940275160883
23,0.0743439755818324,0.0,0.0,0.0,0.0,0.0,0.0,0.0,0.0,0.0,0.0,0.0
total,207.331866257088,1.3670108755101356,0.001515588489902396,0.015075812393272499,2.512680542824383e-05,1.382086687903408,0.00154071529533064,0.015075812393272499,0.002495685509651186,0.021683673773553562,6.868432480951e-05,96.25425926210798
