fertile_kgm3,void_cell,cellfrom,leakage,leakage_stdev
25,99,[23],0.03980875882643,1.8773064294434917e-05
25,total,,0.03980875882643,1.8773064294434917e-05
