fertile_kgm3,void_cell,cellfrom,leakage,leakage_stdev
750,99,[23],0.0007323000000000002,1.1297049762364053e-05
750,total,,0.0007323000000000002,1.1297049762364053e-05
