fertile_kgm3,void_cell,cellfrom,leakage,leakage_stdev
250,99,"[42, 44]",0.1146163401746013,4.388003699402419e-05
250,98,[44],0.05855346380036453,1.8542145806783476e-05
250,total,,0.17316980397496584,4.7636843070431835e-05
