cell,flux,"Li6(n,t)","Li6(n,t)_stdev","Li7(n,t)","Li7(n,t)_stdev",tbr,tbr_stdev,"U238(n,fis)","U238(n,fis)_stdev","U238(n,g)","U238(n,g)_stdev",Pu239_kg/yr
11,3.1006875751851757,0.0,0.0,0.0,0.0,0.0,0.0,0.0,0.0,0.0,0.0,0.0
21,10.420223647075417,0.0,0.0,0.0,0.0,0.0,0.0,0.0,0.0,0.0,0.0,0.0
31,20.470827476743757,0.07977946301712466,0.00020282863821090516,0.019008262282927315,2.7901373250986446e-05,0.09878772530005198,0.0002307300114618916,0.019008262282927315,0.0,0.0,0.0,0.0
22,28.21885073069176,0.0,0.0,0.0,0.0,0.0,0.0,0.0,0.0,0.0,0.0,0.0
32,164.60768701904948,0.988467492134486,0.0010014058612247323,0.08589082594519054,0.00018041987070227606,1.0743583180796765,0.0011818257319270084,0.08589082594519054,0.0,0.0,0.0,0.0
23,0.013973806545448105,0.0,0.0,0.0,0.0,0.0,0.0,0.0,0.0,0.0,0.0,0.0
total,226.83225025529103,1.0682469551516107,0.0012042344994356374,0.10489908822811786,0.0002083212439532625,1.1731460433797285,0.0014125557433889002,0.10489908822811786,0.0,0.0,0.0,0.0
