cell,flux,"Li6(n,t)","Li6(n,t)_stdev","Li7(n,t)","Li7(n,t)_stdev",tbr,tbr_stdev,"Th232(n,fis)","Th232(n,fis)_stdev","Th232(n,g)","Th232(n,g)_stdev",U233_kg/yr
11,3.1022052373731457,0.0,0.0,0.0,0.0,0.0,0.0,0.0,0.0,0.0,0.0,0.0
21,10.417095375540082,0.0,0.0,0.0,0.0,0.0,0.0,0.0,0.0,0.0,0.0,0.0
31,20.46063206649172,0.07969890941342724,0.00016430631989387319,0.01900863914396536,2.8435475801738315e-05,0.0987075485573926,0.0001927417956956115,0.01900863914396536,1.7444984890427736e-06,4.14850470076712e-05,3.27480177359622e-07,0.17952122015058283
22,28.209558147451588,0.0,0.0,0.0,0.0,0.0,0.0,0.0,0.0,0.0,0.0,0.0
32,164.61385920479734,0.9892133673302318,0.001140262019815602,0.0858858638367033,0.00017940517218998042,1.0750992311669352,0.0013196671920055825,0.0858858638367033,7.815375231859292e-06,0.0005771801721581848,1.7857930209591632e-06,2.497673167235429
23,0.013961367483966891,0.0,0.0,0.0,0.0,0.0,0.0,0.0,0.0,0.0,0.0,0.0
total,226.81731139913785,1.068912276743659,0.0013045683397094753,0.10489450298066866,0.00020784064799171873,1.1738067797243277,0.001512408987701194,0.10489450298066866,9.559873720902066e-06,0.0006186652191658559,2.1132731983187852e-06,2.677194387386012
