cell,flux,tbr,tbr_stdev,"Th232(n,g)","Th232(n,g)_stdev",U233_kg/yr,U233_kg/yr_stdev,"Li6(n,t)","Li6(n,t)_stdev","Li7(n,t)","Li7(n,t)_stdev","Th232(n,fis)","Th232(n,fis)_stdev",heat_eV_src,heat_eV_src_stdev
11,2.3513555506622676,0.0,0.0,0.0,0.0,0.0,0.0,0.0,0.0,0.0,0.0,0.0,0.0,840720.7482032384,513.9972608916331
41,11.870285075793793,0.0,0.0,0.0,0.0,0.0,0.0,0.0,0.0,0.0,0.0,0.0,0.0,796808.1051932737,198.2492086195093
21,11.339553447844567,0.0,0.0,0.0,0.0,0.0,0.0,0.0,0.0,0.0,0.0,0.0,0.0,1162879.8550164276,347.17378153097843
31,21.48900087838113,0.12500298645629382,7.824802504590802e-05,0.013664055961519574,1.5693775635270645e-05,59.129449653612426,0.06791280121467144,0.10667103004823275,7.263330734445363e-05,0.018331956408061054,5.614717701454389e-06,0.0004217762402042697,9.623381274627338e-08,1764979.6876180023,480.163966275352
22,28.796516852168438,0.0,0.0,0.0,0.0,0.0,0.0,0.0,0.0,0.0,0.0,0.0,0.0,2481510.3886552085,606.8204578241032
32,158.4293315762921,0.9591723507591178,0.0003759500818873665,0.10904206233911125,8.595430968820375e-05,471.8655392925888,0.37195625087694967,0.8814152627315154,0.00033576132677791236,0.07775708802760238,4.018875510945416e-05,0.0017942910195851008,7.585345964519194e-07,9874352.397917522,3248.6999556272826
23,0.011371094462265531,0.0,0.0,0.0,0.0,0.0,0.0,0.0,0.0,0.0,0.0,0.0,0.0,584.8056614090578,10.637266731347419
total,234.28741447560458,1.0841753372154117,0.0004541981069332745,0.12270611830063083,0.00010164808532347439,530.9949889462011,0.4398690520916211,0.9880862927797481,0.000408394634122366,0.09608904443566343,4.580347281090855e-05,0.0022160672597893705,8.547684091981928e-07,16921835.988265082,5405.7418975002065
