fertile_kgm3,void_cell,cellfrom,leakage,leakage_stdev
500,99,[23],0.000773,2.1258331699987144e-05
500,total,,0.000773,2.1258331699987144e-05
