fertile_kgm3,void_cell,cellfrom,leakage,leakage_stdev
25,99,"[22, 23]",0.05027974008789482,3.33658446770042e-05
25,98,[23],0.007546209016839788,9.435918445067995e-06
25,total,,0.05782594910473461,3.467443075108723e-05
