cell,flux,tbr,tbr_stdev,"U238(n,g)","U238(n,g)_stdev","Th232(n,g)","Th232(n,g)_stdev",Pu239_kg/yr,Pu239_kg/yr_stdev,U233_kg/yr,U233_kg/yr_stdev,"Li6(n,t)","Li6(n,t)_stdev","Li7(n,t)","Li7(n,t)_stdev","Be9(n,2n)","Be9(n,2n)_stdev","Pb(n,2n)","Pb(n,2n)_stdev","tot(n,fis)","tot(n,fis)_stdev","tot(n,nufis)","tot(n,nufis)_stdev",heating [MW],heating_stdev,fisq [MW],fisq_stdev
11,1.944155693404837,0.0,0.0,0.0,0.0,0.0,0.0,0.0,0.0,0.0,0.0,0.0,0.0,0.0,0.0,0.0,0.0,0.0,0.0,0.0,0.0,0.0,0.0,27.494380016975494,0.004891147882405193,0.0,0.0
21,23.72197567111208,0.0,0.0,0.0,0.0,0.0,0.0,0.0,0.0,0.0,0.0,0.0,0.0,0.0,0.0,0.0,0.0,0.0,0.0,0.0,0.0,0.0,0.0,181.2834574486327,0.013008288668407628,0.0,0.0
31,61.50023272065145,0.4843260878487979,9.412443219079843e-05,0.0,0.0,0.002711460861542832,9.984150362752742e-07,0.0,0.0,11.735825247147982,0.0043213695451183405,0.47951404063118575,9.231273100412734e-05,0.004812047217612149,1.8117011866710947e-06,0.16454530287108896,5.535262739405454e-05,0.0,0.0,0.0,0.0,0.0,0.0,271.5470571426371,0.049667962132797866,0.8017461724335184,0.0002544055419007289
22,0.5414599848188655,0.0,0.0,0.0,0.0,0.0,0.0,0.0,0.0,0.0,0.0,0.0,0.0,0.0,0.0,0.0,0.0,0.0,0.0,0.0,0.0,0.0,0.0,2.709268831138419,0.003114504891733355,0.0,0.0
32,118.47380718904489,0.9103339707173951,0.0001610448246792462,0.0,0.0,0.005077442048142298,1.6278173724924025e-06,0.0,0.0,21.976335127925598,0.0070455673872321,0.8998604791177118,0.0001591428422749616,0.010473491599683228,1.901982404284582e-06,0.35630884447323985,6.823632762395829e-05,0.0,0.0,7.838946276841309e-05,2.4988416038221815e-08,0.0002614728379651796,8.633756535731913e-08,542.7447961148227,0.07915712331955194,1.7232297327391761,0.0002934704390591315
23,0.07337792181926518,0.0,0.0,0.0,0.0,0.0,0.0,0.0,0.0,0.0,0.0,0.0,0.0,0.0,0.0,0.0,0.0,0.0,0.0,0.00016855849652139962,2.8666405097866935e-08,0.0005640437452262469,9.552430915755207e-08,0.37212431968343684,0.0006144557549192203,0.0,0.0
total,206.2550091808514,1.394660058566193,0.0002551692568700446,0.0,0.0,0.00778890290968513,2.6262324087676767e-06,0.0,0.0,33.71216037507358,0.011366936932350441,1.3793745197488976,0.00025145557327908895,0.015285538817295377,3.7136835909556765e-06,0.5208541473443288,0.00012358895501801283,0.0,0.0,0.0002469479592898127,5.3654821136088746e-08,0.0008255165831914265,1.8186187451487118e-07,1026.15108387389,0.1504534826498152,2.5249759051726945,0.0005478759809598604
