cell,flux,tbr,tbr_stdev,"U238(n,g)","U238(n,g)_stdev","Th232(n,g)","Th232(n,g)_stdev",Pu239_kg/yr,Pu239_kg/yr_stdev,U233_kg/yr,U233_kg/yr_stdev,"Li6(n,t)","Li6(n,t)_stdev","Li7(n,t)","Li7(n,t)_stdev","Be9(n,2n)","Be9(n,2n)_stdev","Pb(n,2n)","Pb(n,2n)_stdev","tot(n,fis)","tot(n,fis)_stdev",heating [MW],heating_stdev,fisq [MW],fisq_stdev
11,1.944155693404845,0.0,0.0,0.0,0.0,0.0,0.0,0.0,0.0,0.0,0.0,0.0,0.0,0.0,0.0,0.0,0.0,0.0,0.0,0.0,0.0,27.494380016975796,0.004891147882405193,0.0,0.0
21,23.721975671111633,0.0,0.0,0.0,0.0,0.0,0.0,0.0,0.0,0.0,0.0,0.0,0.0,0.0,0.0,0.0,0.0,0.0,0.0,0.0,0.0,181.28345744863793,0.01300828867850581,0.0,0.0
31,61.500232720651404,0.4843260878487946,9.412443219068155e-05,0.0,0.0,0.0027114608615428724,9.984150361869016e-07,0.0,0.0,11.735825247148158,0.0043213695447358435,0.47951404063118247,9.231273100412734e-05,0.004812047217612136,1.8117011865542111e-06,0.1645453028710895,5.535262739013711e-05,0.0,0.0,0.0,0.0,271.54705714264475,0.04966796212750833,0.801746172433485,0.00025440554190860764
22,0.5414599848188683,0.0,0.0,0.0,0.0,0.0,0.0,0.0,0.0,0.0,0.0,0.0,0.0,0.0,0.0,0.0,0.0,0.0,0.0,0.0,0.0,2.709268831138419,0.0031145048917848406,0.0,0.0
32,118.4738071890461,0.9103339707173846,0.00016104482470727485,0.0,0.0,0.005077442048142292,1.6278173725791275e-06,0.0,0.0,21.976335127925573,0.007045567387607465,0.8998604791177013,0.0001591428423040294,0.010473491599683355,1.9019824032454504e-06,0.35630884447323824,6.82363276154842e-05,0.0,0.0,7.838946276841155e-05,2.4988416040290726e-08,542.7447961148073,0.07915712333282782,1.7232297327392556,0.00029347043897717177
23,0.07337792181926522,0.0,0.0,0.0,0.0,0.0,0.0,0.0,0.0,0.0,0.0,0.0,0.0,0.0,0.0,0.0,0.0,0.0,0.0,0.0001685584965214119,2.8666405090653086e-08,0.3721243196834359,0.0006144557549200359,0.0,0.0
total,206.2550091808521,1.3946600585661793,0.00025516925689795644,0.0,0.0,0.007788902909685164,2.626232408766029e-06,0.0,0.0,33.71216037507373,0.011366936932343308,1.3793745197488838,0.00025145557330815674,0.01528553881729549,3.7136835897996616e-06,0.5208541473443278,0.0001235889550056213,0.0,0.0,0.00024694795928982343,5.3654821130943815e-08,1026.1510838738877,0.15045348266795203,2.5249759051727407,0.0005478759808857795
