cell,flux,"Li6(n,t)","Li6(n,t)_stdev","Li7(n,t)","Li7(n,t)_stdev",tbr,tbr_stdev,"U238(n,fis)","U238(n,fis)_stdev","U238(n,g)","U238(n,g)_stdev",Pu239_kg/yr,Pu239_kg/yr_stdev
11,2.123791451870001,0.0,0.0,0.0,0.0,0.0,0.0,0.0,0.0,0.0,0.0,0.0,0.0
21,10.692798017549698,0.0,0.0,0.0,0.0,0.0,0.0,0.0,0.0,0.0,0.0,0.0,0.0
31,21.034731397544288,0.07848356271634623,6.540449434425595e-05,0.01960666655168959,1.3841876313661177e-05,0.09809022926803582,7.924637065791713e-05,0.00011169299609886814,7.100593834774663e-08,0.0009724516881679322,6.3577008912760075e-06,4.316732390013767,0.028221960738322213
22,29.053026382580136,0.0,0.0,0.0,0.0,0.0,0.0,0.0,0.0,0.0,0.0,0.0,0.0
32,170.64596940682375,0.9681287042799342,0.0008608751767030039,0.08857779720516033,8.59802806287149e-05,1.0567065014850945,0.0009468554573317187,0.0005088932799900425,4.844011391442864e-07,0.013631592638283993,3.286305349813725e-05,60.51091091220565,0.14587974826536204
23,0.014406445885514865,0.0,0.0,0.0,0.0,0.0,0.0,0.0,0.0,0.0,0.0,0.0,0.0
total,233.5647231022534,1.0466122669962805,0.0009262796710472599,0.10818446375684992,9.982215694237608e-05,1.1547967307531304,0.0010261018279896358,0.0006205862760889106,5.55407077492033e-07,0.014604044326451925,3.9220754389413257e-05,64.82764330221941,0.17410170900368427
