cell,flux,"Li6(n,t)","Li6(n,t)_stdev","Li7(n,t)","Li7(n,t)_stdev",tbr,tbr_stdev,"Th232(n,fis)","Th232(n,fis)_stdev","Th232(n,g)","Th232(n,g)_stdev",U233_kg/yr
11,2.12273713103814,0.0,0.0,0.0,0.0,0.0,0.0,0.0,0.0,0.0,0.0,0.0
21,10.689101087457072,0.0,0.0,0.0,0.0,0.0,0.0,0.0,0.0,0.0,0.0,0.0
31,21.02645264659953,0.07888685007341292,9.404516142579489e-05,0.019643492758388108,1.4396702664989656e-05,0.09853034283180104,0.00010844186409078455,0.019643492758388108,6.718521721274466e-06,0.00018608482252906357,1.0643955720311523e-06,0.805258202690354
22,29.038708301617724,0.0,0.0,0.0,0.0,0.0,0.0,0.0,0.0,0.0,0.0,0.0
32,170.53321442335317,0.9769984714580355,0.0009138844566509293,0.08879369078075398,8.668646557034229e-05,1.0657921622387896,0.0010005709222212717,0.08879369078075398,3.006874184525789e-05,0.002521620102461263,4.9621661557657456e-06,10.911987576303712
23,0.014162408780773215,0.0,0.0,0.0,0.0,0.0,0.0,0.0,0.0,0.0,0.0,0.0
total,233.42437599884641,1.0558853215314485,0.0010079296180767242,0.10843718353914208,0.00010108316823533195,1.1643225050705905,0.0011090127863120562,0.10843718353914208,3.6787263566532354e-05,0.0027077049249903265,6.026561727796898e-06,11.717245778994066
