cell,flux,"Li6(n,t)","Li6(n,t)_stdev","Li7(n,t)","Li7(n,t)_stdev",tbr,tbr_stdev,"U238(n,fis)","U238(n,fis)_stdev","U238(n,g)","U238(n,g)_stdev",Pu239_kg/yr
11,2.0904914323601362,0.0,0.0,0.0,0.0,0.0,0.0,0.0,0.0,0.0,0.0,0.0
21,10.51183901839902,0.0,0.0,0.0,0.0,0.0,0.0,0.0,0.0,0.0,0.0,0.0
31,20.649805000846545,0.08345741341833748,0.00013357489651931128,0.019391603584364203,1.9670996406922757e-05,0.10284901700270169,0.00015324589292623403,0.019391603584364203,2.968235322121598e-06,2.4139548352068234e-05,2.4251718903228455e-07,0.10715593537401671
22,28.46684058055157,0.0,0.0,0.0,0.0,0.0,0.0,0.0,0.0,0.0,0.0,0.0
32,164.10609526857766,0.9850318903786235,0.0010806255019856492,0.08767070035328343,0.00012905608619384737,1.072702590731907,0.0012096815881794966,0.08767070035328343,1.3524654742497996e-05,0.000339661129018047,1.541770580609938e-06,1.50776250902826
23,0.012820882012290475,0.0,0.0,0.0,0.0,0.0,0.0,0.0,0.0,0.0,0.0,0.0
total,225.8378921827472,1.068489303796961,0.0012142003985049605,0.10706230393764764,0.0001487270826007701,1.1755516077346087,0.0013629274811057307,0.10706230393764764,1.6492890064619593e-05,0.00036380067737011525,1.7842877696422225e-06,1.6149184444022768
