cell,flux,"Li6(n,t)","Li6(n,t)_stdev","Li7(n,t)","Li7(n,t)_stdev",tbr,tbr_stdev,"U238(n,fis)","U238(n,fis)_stdev","U238(n,g)","U238(n,g)_stdev",Pu239_kg/yr
11,2.1218837981962766,0.0,0.0,0.0,0.0,0.0,0.0,0.0,0.0,0.0,0.0,0.0
21,10.682781934665712,0.0,0.0,0.0,0.0,0.0,0.0,0.0,0.0,0.0,0.0,0.0
31,21.018922507939862,0.07902293380303667,0.00014189683703879282,0.01962976401379088,1.9890188081407386e-05,0.09865269781682755,0.0001617870251202002,0.01962976401379088,2.9688888842558234e-06,2.8221771899073058e-05,2.515049358537879e-07,0.12527700691211197
22,29.030736934091443,0.0,0.0,0.0,0.0,0.0,0.0,0.0,0.0,0.0,0.0,0.0
32,170.52974996423134,0.9799611475683235,0.0013614606702715111,0.08883721336672432,0.00013009549292480966,1.0687983609350478,0.0014915561631963208,0.08883721336672432,1.3540603036389442e-05,0.00042184508297370035,1.0049859279316776e-06,1.872578715628854
23,0.013923537250970109,0.0,0.0,0.0,0.0,0.0,0.0,0.0,0.0,0.0,0.0,0.0
total,233.3979986763756,1.0589840813713602,0.0015033575073103039,0.1084669773805152,0.00014998568100621704,1.1674510587518754,0.001653343188316521,0.1084669773805152,1.6509491920645264e-05,0.0004500668548727734,1.2564908637854655e-06,1.997855722540966
