fertile_kgm3,leakage,leakage_stdev
10.0,0.0010206999999999998,1.0208778901841279e-05
