cell,flux,tbr,tbr_stdev,"U238(n,g)","U238(n,g)_stdev",Pu239_kg/yr,Pu239_kg/yr_stdev,"Li6(n,t)","Li6(n,t)_stdev","Li7(n,t)","Li7(n,t)_stdev","U238(n,fis)","U238(n,fis)_stdev",heat_eV_src,heat_eV_src_stdev
11,2.3457286208044428,0.0,0.0,0.0,0.0,0.0,0.0,0.0,0.0,0.0,0.0,0.0,0.0,850597.9221814079,456.0929257535179
41,11.852523502867477,0.0,0.0,0.0,0.0,0.0,0.0,0.0,0.0,0.0,0.0,0.0,0.0,796727.1596075371,223.33878237021884
21,11.326916785178438,0.0,0.0,0.0,0.0,0.0,0.0,0.0,0.0,0.0,0.0,0.0,0.0,1166419.768636282,320.9944913555862
31,21.488188159740403,0.13241289147741342,8.986814397357564e-05,0.0015938551689399475,3.7181825184526258e-06,7.075154803542065,0.01650508617001411,0.11350676816606722,8.370653254835391e-05,0.018906123311346192,6.161611425221732e-06,9.338069361531676e-05,2.3697105266330585e-08,1686440.834035189,422.86362646378115
22,28.807695135213457,0.0,0.0,0.0,0.0,0.0,0.0,0.0,0.0,0.0,0.0,0.0,0.0,2496784.9008606165,546.6597364653178
32,160.03906245084434,1.0495495813902431,0.00041808300895935623,0.012673880814925825,1.4951030402864562e-05,56.25960907532158,0.06636792139845689,0.9684182478250604,0.00037886105087573573,0.08113133356518279,3.922195808362048e-05,0.0004092323181139765,1.4798960038095886e-07,9677580.85502537,2698.937417743478
23,0.012382184695044296,0.0,0.0,0.0,0.0,0.0,0.0,0.0,0.0,0.0,0.0,0.0,0.0,651.6312531638439,11.00508269471865
total,235.8724968393436,1.1819624728676565,0.0005079511529329319,0.014267735983865772,1.8669212921317188e-05,63.33476387886364,0.08287300756847099,1.0819250159911276,0.00046256758342408963,0.10003745687652899,4.538356950884221e-05,0.0005026130117292933,1.7168670564728943e-07,16675203.071599567,4679.8920628466185
