fertile_kgm3,void_cell,cellfrom,leakage,leakage_stdev
100.0,99,[23],0.0009861,1.2186125990924182e-05
100.0,total,,0.0009861,1.2186125990924182e-05
