fertile_kgm3,leakage,leakage_stdev
150,0.032326,0.0002415638286940589
