cell,flux,"Li6(n,t)","Li6(n,t)_stdev","Li7(n,t)","Li7(n,t)_stdev",tbr,tbr_stdev,"Th232(n,fis)","Th232(n,fis)_stdev","Th232(n,g)","Th232(n,g)_stdev",U233_kg/yr
11,2.09638907046568,0.0,0.0,0.0,0.0,0.0,0.0,0.0,0.0,0.0,0.0,0.0
21,10.532097080552383,0.0,0.0,0.0,0.0,0.0,0.0,0.0,0.0,0.0,0.0,0.0
31,20.674918274283037,0.08180111967779492,0.00012936121318724985,0.019196184576882436,1.823225254936531e-05,0.10099730425467736,0.00014759346573661516,0.019196184576882436,0.0001322447539801596,0.002981079411577748,1.366768817301938e-05,12.900238807328783
22,28.502608904434076,0.0,0.0,0.0,0.0,0.0,0.0,0.0,0.0,0.0,0.0,0.0
32,163.76741140377698,0.9545310286122831,0.0009329266282006595,0.08649554737421297,0.00013838487026376185,1.041026575986496,0.0010713114984644214,0.08649554737421297,0.0005900954115255838,0.03616672842933833,6.429453103818384e-05,156.50687861795103
23,0.012672753577280722,0.0,0.0,0.0,0.0,0.0,0.0,0.0,0.0,0.0,0.0,0.0
total,225.58609748708943,1.036332148290078,0.0010622878413879093,0.10569173195109541,0.00015661712281312716,1.1420238802411735,0.0012189049642010365,0.10569173195109541,0.0007223401655057434,0.03914780784091608,7.796221921120322e-05,169.4071174252798
