cell,flux,"Li6(n,t)","Li6(n,t)_stdev","Li7(n,t)","Li7(n,t)_stdev",tbr,tbr_stdev,"Th232(n,fis)","Th232(n,fis)_stdev","Th232(n,g)","Th232(n,g)_stdev",U233_kg/yr
11,2.0920938717362842,0.0,0.0,0.0,0.0,0.0,0.0,0.0,0.0,0.0,0.0,0.0
21,10.517963905112962,0.0,0.0,0.0,0.0,0.0,0.0,0.0,0.0,0.0,0.0,0.0
31,20.65665282992925,0.0815656156617324,6.106326932583603e-05,0.019224225647607517,5.586046553934498e-06,0.10078984130933992,6.664931587977052e-05,0.019224225647607517,0.00013248461132487317,0.002977852230126425,5.90702493148498e-06,12.886273593508928
22,28.47343434507859,0.0,0.0,0.0,0.0,0.0,0.0,0.0,0.0,0.0,0.0,0.0
32,163.87262002140022,0.953573761379187,0.00035039826791541563,0.08651122065004227,2.7265970148471354e-05,1.0400849820292293,0.00037766423806388696,0.08651122065004227,0.000590538671152405,0.0361175466469673,2.104809806962295e-05,156.29405076268077
23,0.012667032055881136,0.0,0.0,0.0,0.0,0.0,0.0,0.0,0.0,0.0,0.0,0.0
total,225.62543200531317,1.0351393770409194,0.00041146153724125166,0.10573544629764979,3.285201670240585e-05,1.1408748233385693,0.0004443135539436575,0.10573544629764979,0.0007230232824772782,0.03909539887709373,2.695512300110793e-05,169.1803243561897
