cell,flux,"Li6(n,t)","Li6(n,t)_stdev","Li7(n,t)","Li7(n,t)_stdev",tbr,tbr_stdev,"U238(n,fis)","U238(n,fis)_stdev","U238(n,g)","U238(n,g)_stdev",Pu239_kg/yr
11,1.9469919807537999,0.0,0.0,0.0,0.0,0.0,0.0,0.0,0.0,0.0,0.0,0.0
21,23.76622485041958,0.0,0.0,0.0,0.0,0.0,0.0,0.0,0.0,0.0,0.0,0.0
31,61.5090696941905,0.4790601769372117,0.000793119098556074,0.004801189293918545,1.2033319247467342e-05,0.48386136623113024,0.0008051524178035414,0.004801189293918545,0.00031785381359897806,0.0033264814209286757,1.4695210604131168e-05,14.766317205489896
22,0.5383329235958061,0.0,0.0,0.0,0.0,0.0,0.0,0.0,0.0,0.0,0.0,0.0
32,118.67800233439634,0.8992536096477203,0.000829774468379497,0.010464166297805727,1.4087485769068158e-05,0.909717775945526,0.0008438619541485652,0.010464166297805727,0.0006817847076905136,0.006259251052692452,1.5043153196585754e-05,27.784939946260128
23,0.07430309823595785,0.0,0.0,0.0,0.0,0.0,0.0,0.0,0.0,0.0,0.0,0.0
total,206.512924881592,1.378313786584932,0.001622893566935571,0.015265355591724272,2.6120805016535502e-05,1.3935791421766563,0.0016490143719521066,0.015265355591724272,0.0009996385212894916,0.009585732473621128,2.973836380071692e-05,42.55125715175002
