cell,flux,"Li6(n,t)","Li6(n,t)_stdev","Li7(n,t)","Li7(n,t)_stdev",tbr,tbr_stdev,"U238(n,fis)","U238(n,fis)_stdev","U238(n,g)","U238(n,g)_stdev",Pu239_kg/yr
11,1.942538805679335,0.0,0.0,0.0,0.0,0.0,0.0,0.0,0.0,0.0,0.0,0.0
21,23.705262900583918,0.0,0.0,0.0,0.0,0.0,0.0,0.0,0.0,0.0,0.0,0.0
31,61.628967233395144,0.4793595724340075,0.0010845892052824624,0.004827116859254631,1.8228285988996644e-05,0.48418668929326214,0.0011028174912714591,0.004827116859254631,0.0003194678989531216,0.003331056526687167,2.416623150873202e-05,14.786626190970322
22,0.5411034461181062,0.0,0.0,0.0,0.0,0.0,0.0,0.0,0.0,0.0,0.0,0.0
32,118.49448289868369,0.8986668492189104,0.0014644622642264458,0.010440725247284253,1.8699067556849802e-05,0.9091075744661946,0.0014831613317832955,0.010440725247284253,0.0006813179935681349,0.006278621144564923,1.7937793657588486e-05,27.870924169436258
23,0.07333248408423873,0.0,0.0,0.0,0.0,0.0,0.0,0.0,0.0,0.0,0.0,0.0
total,206.38568776854441,1.3780264216529179,0.0025490514695089084,0.015267842106538886,3.692735354584644e-05,1.3932942637594568,0.0025859788230547546,0.015267842106538886,0.0010007858925212565,0.00960967767125209,4.210402516632051e-05,42.65755036040658
