fertile_kgm3,void_cell,cellfrom,leakage,leakage_stdev
5000,99,[23],0.0007820000000000001,3.4716710673679855e-05
5000,total,,0.0007820000000000001,3.4716710673679855e-05
