cell,flux,"Li6(n,t)","Li6(n,t)_stdev","Li7(n,t)","Li7(n,t)_stdev",tbr,tbr_stdev,"Th232(n,fis)","Th232(n,fis)_stdev","Th232(n,g)","Th232(n,g)_stdev",U233_kg/yr
11,2.151482059816267,0.0,0.0,0.0,0.0,0.0,0.0,0.0,0.0,0.0,0.0,0.0
21,10.826608445154502,0.0,0.0,0.0,0.0,0.0,0.0,0.0,0.0,0.0,0.0,0.0
31,21.276635597643036,0.06492706477707917,0.00011334703171019161,0.017417355036607095,1.2375769882298066e-05,0.08234441981368626,0.0001257228015924897,0.017417355036607095,0.0014914388636558665,0.025200321847621554,4.799157376385653e-05,109.05116066123435
22,29.406716410722453,0.0,0.0,0.0,0.0,0.0,0.0,0.0,0.0,0.0,0.0,0.0
32,169.36271338749427,0.7566162767835164,0.0005470106646365392,0.0759651485768463,6.607314844000083e-05,0.8325814253603627,0.00061308381307654,0.0759651485768463,0.0064467569825707215,0.26544318255079025,0.0002919595228390626,1148.6713273667037
23,0.011465611984605644,0.0,0.0,0.0,0.0,0.0,0.0,0.0,0.0,0.0,0.0,0.0
total,233.03562151281514,0.8215433415605956,0.0006603576963467308,0.0933825036134534,7.844891832229889e-05,0.914925845174049,0.0007388066146690297,0.0933825036134534,0.007938195846226587,0.2906435043984118,0.00033995109660291914,1257.7224880279382
