fertile_kgm3,void_cell,cellfrom,leakage,leakage_stdev
50,99,[23],0.00099662,3.7011856208506593e-06
50,total,,0.00099662,3.7011856208506593e-06
