cell,flux,tbr,tbr_stdev,"U238(n,g)","U238(n,g)_stdev",Pu239_kg/yr,Pu239_kg/yr_stdev,"Li6(n,t)","Li6(n,t)_stdev","Li7(n,t)","Li7(n,t)_stdev","Be9(n,2n)","Be9(n,2n)_stdev","tot(n,fis)","tot(n,fis)_stdev",heating [MW],heating_stdev,fisq [MW],fisq_stdev
11,2.350321897632773,0.0,0.0,0.0,0.0,0.0,0.0,0.0,0.0,0.0,0.0,0.0,0.0,0.0,0.0,48.19252642447408,0.010768005482778998,0.0,0.0
41,11.87294189845906,0.0,0.0,0.0,0.0,0.0,0.0,0.0,0.0,0.0,0.0,0.12049147701177378,1.5488864699819375e-05,0.0,0.0,45.28094944949889,0.004140995533901259,0.0,0.0
21,11.348438950631698,0.0,0.0,0.0,0.0,0.0,0.0,0.0,0.0,0.0,0.0,0.0,0.0,0.0,0.0,66.22910358319639,0.006623425129318276,0.0,0.0
31,21.523406755851575,0.1298314804253822,2.894501896758534e-05,0.006291431770118876,4.192730660883209e-06,27.933327400085876,0.01861530451733981,0.11106963787152918,2.682486616172001e-05,0.01876184255385302,2.120152805865328e-06,0.018850479328522234,2.086091148386088e-06,0.0,0.0,101.34980133694984,0.010948127603545934,6.150290268994971,0.000554703996806944
22,28.856196708071007,0.0,0.0,0.0,0.0,0.0,0.0,0.0,0.0,0.0,0.0,0.0,0.0,0.0005731631802453747,4.3579524827300737e-08,141.65646373830992,0.013009208959141556,0.0,0.0
32,160.31667739333164,1.0210198059187465,0.00014715736902142526,0.04653674015173264,1.4820045099252226e-05,206.61846878242596,0.06579951702053166,0.9407362702311276,0.0001300195140193021,0.08028353568761899,1.7137855002123167e-05,0.08599454209282303,1.4544070671327394e-05,0.002957735378524244,3.3333730632891344e-07,576.4651555063404,0.0713667774816055,32.03194103433453,0.0041195078878856345
23,0.012078361106015963,0.0,0.0,0.0,0.0,0.0,0.0,0.0,0.0,0.0,0.0,0.0,0.0,0.0,0.0,0.03652970728756206,0.0002390803976107872,0.0,0.0
total,236.28006196508377,1.1508512863441287,0.0001761023879890106,0.05282817192185152,1.9012775760135434e-05,234.55179618251185,0.08441482153787147,1.0518059081026567,0.0001568443801810221,0.09904537824147201,1.9258007807988496e-05,0.22533649843311904,3.2119026519532855e-05,0.003530898558769619,3.7691683115621417e-07,979.210529746057,0.1170956205879023,38.1822313033295,0.004674211884692579
