fertile_kgm3,void_cell,cellfrom,leakage,leakage_stdev
50,99,[23],0.00099676,3.616296448025213e-06
50,total,,0.00099676,3.616296448025213e-06
