cell,flux,tbr,tbr_stdev,"U238(n,g)","U238(n,g)_stdev",Pu239_kg/yr,Pu239_kg/yr_stdev,"Li6(n,t)","Li6(n,t)_stdev","Li7(n,t)","Li7(n,t)_stdev","Be9(n,2n)","Be9(n,2n)_stdev","tot(n,fis)","tot(n,fis)_stdev",heating [MW],heating_stdev,fisq [MW],fisq_stdev
11,2.350372499193227,0.0,0.0,0.0,0.0,0.0,0.0,0.0,0.0,0.0,0.0,0.0,0.0,0.0,0.0,48.18644829665383,0.011145791859558324,0.0,0.0
41,11.872418722292132,0.0,0.0,0.0,0.0,0.0,0.0,0.0,0.0,0.0,0.0,0.12049116502081905,1.5346851154788996e-05,0.0,0.0,45.28032813947126,0.004392503710758025,0.0,0.0
21,11.348506677963645,0.0,0.0,0.0,0.0,0.0,0.0,0.0,0.0,0.0,0.0,0.0,0.0,0.0,0.0,66.2306816057213,0.006650948644287043,0.0,0.0
31,21.524110296565016,0.12986465562851743,3.1909908898403604e-05,0.006292655039039082,4.556458520299157e-06,27.938758591664357,0.020230219810525304,0.11110292692867878,2.9759754693266218e-05,0.018761728699838658,2.1501542051373887e-06,0.018850224202469665,2.1227990293823117e-06,0.0,0.0,101.35838975010799,0.011381728837501581,6.150505599939421,0.0005159981647232148
22,28.857249987664858,0.0,0.0,0.0,0.0,0.0,0.0,0.0,0.0,0.0,0.0,0.0,0.0,0.0005731826997238837,4.319399675027285e-08,141.65886097835636,0.012975722722579887,0.0,0.0
32,160.30928860369707,1.0209712898767975,0.0001345408044077687,0.046544756811978304,1.4432024627924557e-05,206.6540619515931,0.06407674496171195,0.9406865256532281,0.00011732824057620726,0.08028476422356942,1.7212563831561447e-05,0.0859944736349851,1.4724631175823107e-05,0.002957624946870698,3.32339257085501e-07,576.4513501153456,0.065307849571298,32.030717841694745,0.003985824087577257
23,0.012080651259462642,0.0,0.0,0.0,0.0,0.0,0.0,0.0,0.0,0.0,0.0,0.0,0.0,0.0,0.0,0.03657661056002536,0.00021956470041108934,0.0,0.0
total,236.27402743863541,1.150835945505315,0.0001664507133061723,0.05283741185101738,1.8988483148223715e-05,234.59282054325746,0.08430696477223726,1.051789452581907,0.00014708799526947348,0.09904649292340809,1.9362718036698837e-05,0.22533586285827378,3.2194281359994416e-05,0.0035308076465945817,3.7553325383577384e-07,979.2026354962164,0.11207411004639395,38.18122344163417,0.004501822252300471
