cell,flux,tbr,tbr_stdev,"Th232(n,g)","Th232(n,g)_stdev",U233_kg/yr,U233_kg/yr_stdev,"Li6(n,t)","Li6(n,t)_stdev","Li7(n,t)","Li7(n,t)_stdev","Th232(n,fis)","Th232(n,fis)_stdev",heat_eV_src,heat_eV_src_stdev
11,2.3476138835881413,0.0,0.0,0.0,0.0,0.0,0.0,0.0,0.0,0.0,0.0,0.0,0.0,845254.5750480923,399.41609582051717
41,11.856130688714318,0.0,0.0,0.0,0.0,0.0,0.0,0.0,0.0,0.0,0.0,0.0,0.0,796666.070808571,227.5618329092947
21,11.32651864096565,0.0,0.0,0.0,0.0,0.0,0.0,0.0,0.0,0.0,0.0,0.0,0.0,1164377.227227227,330.05654527584676
31,21.478328118566164,0.12862572857979832,7.678237955326703e-05,0.007697869751176343,1.0653527539021204e-05,33.311544037443205,0.04610177402858593,0.1099892840556232,7.074678697354323e-05,0.01863644452417512,6.035592579723798e-06,0.00021109122918599844,5.243450962109122e-08,1714658.0291273107,439.79912138523423
22,28.78416197236787,0.0,0.0,0.0,0.0,0.0,0.0,0.0,0.0,0.0,0.0,0.0,0.0,2488651.396700123,507.6132838401588
32,159.03697894098292,1.0015527477217248,0.00039204952956459004,0.06353897816194687,5.2626121115509603e-05,274.9567786350752,0.22773278942414243,0.9220022356510185,0.00035099256906974174,0.07955051207070635,4.105696049484829e-05,0.0009034095707487761,3.6244791426066494e-07,9718994.257641314,2955.0685342843926
23,0.011817258131423319,0.0,0.0,0.0,0.0,0.0,0.0,0.0,0.0,0.0,0.0,0.0,0.0,612.0334292744097,10.117949385074658
total,234.8415495033165,1.130178476301523,0.00046883190911785707,0.07123684791312321,6.32796486545308e-05,308.26832267251837,0.2738345634527284,1.0319915197066416,0.000421739356043285,0.09818695659488147,4.709255307457209e-05,0.0011145007999347745,4.1488242388175613e-07,16729213.589981912,4869.633362900519
