cell,flux,"Li6(n,t)","Li6(n,t)_stdev","Li7(n,t)","Li7(n,t)_stdev",tbr,tbr_stdev,"Th232(n,fis)","Th232(n,fis)_stdev","Th232(n,g)","Th232(n,g)_stdev",U233_kg/yr
11,3.1093295392025224,0.0,0.0,0.0,0.0,0.0,0.0,0.0,0.0,0.0,0.0,0.0
21,10.454568514638442,0.0,0.0,0.0,0.0,0.0,0.0,0.0,0.0,0.0,0.0,0.0
31,20.537851648169628,0.07938788490341833,0.00020322904174933194,0.019237060911779146,2.0931197883391463e-05,0.09862494581519748,0.0002241602396327234,0.019237060911779146,1.7650193831488526e-06,4.1282769858198955e-05,2.4494990253715076e-07,0.17864589172983586
22,28.248651331459598,0.0,0.0,0.0,0.0,0.0,0.0,0.0,0.0,0.0,0.0,0.0
32,164.68450718730858,0.9922566289562585,0.001120847923347481,0.08485438129166627,9.742413828078393e-05,1.0771110102479249,0.001218272061628265,0.08485438129166627,7.7361331833359e-06,0.0005825008352237463,1.5573268778561162e-06,2.5206976542358444
23,0.014199937142702337,0.0,0.0,0.0,0.0,0.0,0.0,0.0,0.0,0.0,0.0,0.0
total,227.0491081579215,1.0716445138596769,0.001324076965096813,0.1040914422034454,0.00011835533616417538,1.1757359560631224,0.0014424323012609884,0.1040914422034454,9.501152566484753e-06,0.0006237836050819452,1.802276780393267e-06,2.69934354596568
