cell,flux,"Li6(n,t)","Li6(n,t)_stdev","Li7(n,t)","Li7(n,t)_stdev",tbr,tbr_stdev,"U238(n,fis)","U238(n,fis)_stdev","U238(n,g)","U238(n,g)_stdev",Pu239_kg/yr
11,2.1365709731398748,0.0,0.0,0.0,0.0,0.0,0.0,0.0,0.0,0.0,0.0,0.0
21,10.74208149464862,0.0,0.0,0.0,0.0,0.0,0.0,0.0,0.0,0.0,0.0,0.0
31,21.117883769789316,0.07859555019521063,0.00024005134702112052,0.019513553796927912,1.884654389527949e-05,0.09810910399213854,0.0002588978909164,0.019513553796927912,0.00029522114209974096,0.0021925694566657782,2.377179402691777e-05,9.732859437752955
22,29.149518685993268,0.0,0.0,0.0,0.0,0.0,0.0,0.0,0.0,0.0,0.0,0.0
32,170.86680758221053,0.9603844803292869,0.0010917307251380594,0.08808233350946178,0.0001298174481150435,1.0484668138387487,0.0012215481732531029,0.08808233350946178,0.0013445214274521518,0.027948912353584147,0.00010756856146726858,124.06577796133968
23,0.014422681393939948,0.0,0.0,0.0,0.0,0.0,0.0,0.0,0.0,0.0,0.0,0.0
total,234.02728518717555,1.0389800305244976,0.0013317820721591798,0.10759588730638969,0.000148663992010323,1.1465759178308872,0.0014804460641695029,0.10759588730638969,0.0016397425695518927,0.030141481810249927,0.00013134035549418636,133.79863739909263
