cell,flux,"Li6(n,t)","Li6(n,t)_stdev","Li7(n,t)","Li7(n,t)_stdev",tbr,tbr_stdev,"U238(n,fis)","U238(n,fis)_stdev","U238(n,g)","U238(n,g)_stdev",Pu239_kg/yr
11,1.9680920310192576,0.0,0.0,0.0,0.0,0.0,0.0,0.0,0.0,0.0,0.0,0.0
21,24.04433917485543,0.0,0.0,0.0,0.0,0.0,0.0,0.0,0.0,0.0,0.0,0.0
31,64.78679860021518,0.4716676062454188,0.0012938195579655935,0.00444362687023709,1.668332840788209e-05,0.4761112331156559,0.0013105028863734755,0.00444362687023709,0.0004973265992704548,0.00558365580234597,3.1790896660523987e-05,24.785959189483968
22,0.6222796349149848,0.0,0.0,0.0,0.0,0.0,0.0,0.0,0.0,0.0,0.0,0.0
32,125.39281276259187,0.8921840973048816,0.0016965775412897208,0.009661214031248087,1.737286953823463e-05,0.9018453113361297,0.0017139504108279555,0.009661214031248087,0.001065848395194423,0.010545480637208724,5.323944975496885e-05,46.81159834342409
23,0.09047856720014266,0.0,0.0,0.0,0.0,0.0,0.0,0.0,0.0,0.0,0.0,0.0
total,216.90480077079687,1.3638517035503004,0.0029903970992553146,0.014104840901485177,3.405619794611672e-05,1.3779565444517856,0.003024453297201431,0.014104840901485177,0.001563174994464878,0.016129136439554694,8.503034641549284e-05,71.59755753290806
