cell,flux,"Li6(n,t)","Li6(n,t)_stdev","Li7(n,t)","Li7(n,t)_stdev",tbr,tbr_stdev,"U238(n,fis)","U238(n,fis)_stdev","U238(n,g)","U238(n,g)_stdev",Pu239_kg/yr
11,3.192539149691699,0.0,0.0,0.0,0.0,0.0,0.0,0.0,0.0,0.0,0.0,0.0
21,10.741372010598266,0.0,0.0,0.0,0.0,0.0,0.0,0.0,0.0,0.0,0.0,0.0
31,21.108522329470368,0.07166899210350222,0.00027038166283153807,0.01894348675012759,2.075497267404691e-05,0.09061247885362982,0.000291136635505585,0.01894348675012759,0.0012901870034059742,0.007394471441062293,4.332036013124208e-05,32.824205834637965
22,29.13849766219385,0.0,0.0,0.0,0.0,0.0,0.0,0.0,0.0,0.0,0.0,0.0
32,173.01116807560274,0.9181660506601028,0.0008196081543886309,0.0828906503565783,0.00010410603805262012,1.001056701016681,0.000923714192441251,0.0828906503565783,0.005738226492455661,0.09359075542161588,0.00019939512540848598,415.45122523822306
23,0.015515413051766963,0.0,0.0,0.0,0.0,0.0,0.0,0.0,0.0,0.0,0.0,0.0
total,237.20761464060868,0.989835042763605,0.001089989817220169,0.1018341371067059,0.00012486101072666704,1.0916691798703109,0.001214850827946836,0.1018341371067059,0.0070284134958616355,0.10098522686267818,0.00024271548553972806,448.275431072861
