fertile_kgm3,void_cell,cellfrom,leakage,leakage_stdev
25,99,[23],0.0012000000000000005,0.00012990381056766562
25,total,,0.0012000000000000005,0.00012990381056766562
