fertile_kgm3,leakage,leakage_stdev
500,0.015911999999999996,0.00017979224121192865
