cell,flux,"Li6(n,t)","Li6(n,t)_stdev","Li7(n,t)","Li7(n,t)_stdev",tbr,tbr_stdev,"U238(n,fis)","U238(n,fis)_stdev","U238(n,g)","U238(n,g)_stdev",Pu239_kg/yr
11,2.0906111198757578,0.0,0.0,0.0,0.0,0.0,0.0,0.0,0.0,0.0,0.0,0.0
21,10.51162257049982,0.0,0.0,0.0,0.0,0.0,0.0,0.0,0.0,0.0,0.0,0.0
31,20.648685350643646,0.08345372358666167,0.00014150933259936694,0.019393199483889283,1.970287505949512e-05,0.10284692307055096,0.00016121220765886207,0.019393199483889283,0.0,0.0,0.0,0.0
22,28.467026649703975,0.0,0.0,0.0,0.0,0.0,0.0,0.0,0.0,0.0,0.0,0.0
32,164.10728180724576,0.9852609457335646,0.0011840942050309114,0.08767855882848512,0.0001278723390947028,1.0729395045620498,0.0013119665441256143,0.08767855882848512,0.0,0.0,0.0,0.0
23,0.012787703188687698,0.0,0.0,0.0,0.0,0.0,0.0,0.0,0.0,0.0,0.0,0.0
total,225.83801520115765,1.0687146693202263,0.0013256035376302783,0.1070717583123744,0.00014757521415419792,1.1757864276326007,0.0014731787517844764,0.1070717583123744,0.0,0.0,0.0,0.0
