fertile_kgm3,void_cell,cellfrom,leakage,leakage_stdev
750.0,99,"[42, 44]",0.10989492072156705,4.2531732330081495e-05
750.0,98,[44],0.05665319756819523,1.9459407493811214e-05
750.0,total,,0.1665481182897623,4.6771965909162885e-05
