fertile_kgm3,void_cell,cellfrom,leakage,leakage_stdev
750,99,"[42, 44]",0.10989492072156705,4.253173232923177e-05
750,98,[44],0.056653197568195236,1.9459407493346915e-05
750,total,,0.1665481182897623,4.677196590819702e-05
