cell,flux,"Li6(n,t)","Li6(n,t)_stdev","Li7(n,t)","Li7(n,t)_stdev",tbr,tbr_stdev,"U238(n,fis)","U238(n,fis)_stdev","U238(n,g)","U238(n,g)_stdev",Pu239_kg/yr,Pu239_kg/yr_stdev
11,2.1373267547736297,0.0,0.0,0.0,0.0,0.0,0.0,0.0,0.0,0.0,0.0,0.0,0.0
21,10.757631164572555,0.0,0.0,0.0,0.0,0.0,0.0,0.0,0.0,0.0,0.0,0.0,0.0
31,21.17413074757268,0.07604594364598696,0.00012095436287655994,0.019285691012019695,1.3658024917294509e-05,0.09533163465800666,0.00013461238779385445,0.0008801912606537224,5.507903801764492e-07,0.005752267119639965,2.8252349738423982e-05,25.534428181354528,0.12541274254931514
22,29.245121355460196,0.0,0.0,0.0,0.0,0.0,0.0,0.0,0.0,0.0,0.0,0.0,0.0
32,171.78618572718403,0.9281380194418348,0.0006650830883723866,0.0866765670646441,8.075095188346819e-05,1.0148145865064788,0.0007458340402558548,0.0039968362574887,3.8005562350851038e-06,0.07033645306662016,8.792571416747113e-05,312.2249144565522,0.39030399440909846
23,0.014310401360932628,0.0,0.0,0.0,0.0,0.0,0.0,0.0,0.0,0.0,0.0,0.0,0.0
total,235.11470615092404,1.0041839630878218,0.0007860374512489465,0.1059622580766638,9.44089768007627e-05,1.1101462211644855,0.0008804464280497092,0.004877027518142422,4.351346615261553e-06,0.07608872018626013,0.00011617806390589511,337.75934263790674,0.5157167369584136
