cell,flux,"Li6(n,t)","Li6(n,t)_stdev","Li7(n,t)","Li7(n,t)_stdev",tbr,tbr_stdev,"U238(n,fis)","U238(n,fis)_stdev","U238(n,g)","U238(n,g)_stdev",Pu239_kg/yr
11,2.112640434305499,0.0,0.0,0.0,0.0,0.0,0.0,0.0,0.0,0.0,0.0,0.0
21,10.619878282573637,0.0,0.0,0.0,0.0,0.0,0.0,0.0,0.0,0.0,0.0,0.0
31,20.845891655270403,0.08037551853856346,0.0001940575812113488,0.018927373982019213,1.9206302277569e-05,0.09930289252058268,0.0002132638834889178,0.018927373982019213,0.001161174294041523,0.006449682438802185,4.1136676075346965e-05,28.630268657698537
22,28.75280272219153,0.0,0.0,0.0,0.0,0.0,0.0,0.0,0.0,0.0,0.0,0.0
32,166.06463956779177,0.9326129777012646,0.0010943602735213973,0.08484612323683369,0.00011205942038520704,1.0174591009380982,0.0012064196939066043,0.08484612323683369,0.005264055336680477,0.0738072516728743,8.702927381072512e-05,327.6318585187899
23,0.013128834975272655,0.0,0.0,0.0,0.0,0.0,0.0,0.0,0.0,0.0,0.0,0.0
total,228.4089814971081,1.0129884962398281,0.0012884178547327462,0.1037734972188529,0.00013126572266277604,1.116761993458681,0.0014196835773955222,0.1037734972188529,0.006425229630722,0.08025693411167649,0.00012816594988607208,356.26212717648843
