cell,flux,"Li6(n,t)","Li6(n,t)_stdev","Li7(n,t)","Li7(n,t)_stdev",tbr,tbr_stdev,"U238(n,fis)","U238(n,fis)_stdev","U238(n,g)","U238(n,g)_stdev",Pu239_kg/yr
11,1.939770999636817,0.0,0.0,0.0,0.0,0.0,0.0,0.0,0.0,0.0,0.0,0.0
21,23.666020816713097,0.0,0.0,0.0,0.0,0.0,0.0,0.0,0.0,0.0,0.0,0.0
31,61.46972259547906,0.48296088926757025,0.0012269153459867324,0.004867841892297068,1.8638543696089794e-05,0.4878287311598673,0.0012455538896828221,0.004867841892297068,5.330805861213787e-06,6.08887991373485e-05,4.6840741816399807e-07,0.27028659071014416
22,0.5396852776384244,0.0,0.0,0.0,0.0,0.0,0.0,0.0,0.0,0.0,0.0,0.0
32,118.3089296843644,0.9062405827615245,0.001337739127560906,0.010525829386252968,1.79415515542109e-05,0.9167664121477775,0.001355680679115117,0.010525829386252968,1.1364663382776e-05,0.00011519946678566658,4.247248580449013e-07,0.5113727248732238
23,0.07251489027880198,0.0,0.0,0.0,0.0,0.0,0.0,0.0,0.0,0.0,0.0,0.0
total,205.9966442641106,1.3892014720290948,0.002564654473547638,0.015393671278550035,3.6580095250300694e-05,1.404595143307645,0.0026012345687979393,0.015393671278550035,1.6695469243989787e-05,0.00017608826592301508,8.931322762088994e-07,0.781659315583368
