cell,flux,"Li6(n,t)","Li6(n,t)_stdev","Li7(n,t)","Li7(n,t)_stdev",tbr,tbr_stdev,"U238(n,fis)","U238(n,fis)_stdev","U238(n,g)","U238(n,g)_stdev",Pu239_kg/yr
11,1.9402245557740763,0.0,0.0,0.0,0.0,0.0,0.0,0.0,0.0,0.0,0.0,0.0
21,23.66942902043947,0.0,0.0,0.0,0.0,0.0,0.0,0.0,0.0,0.0,0.0,0.0
31,61.47983165360584,0.48284433640290114,0.0012457587308205584,0.00486615233343461,1.852945288032993e-05,0.48771048873633577,0.0012642881837008884,0.00486615233343461,1.5990947063029702e-05,0.00018239341155931212,1.5156842268316859e-06,0.8096479824992892
22,0.5406535841676829,0.0,0.0,0.0,0.0,0.0,0.0,0.0,0.0,0.0,0.0,0.0
32,118.3102154600462,0.9057756774217823,0.0013267441597660417,0.010524783905366498,1.767428608500068e-05,0.9163004613271488,0.0013444184458510423,0.010524783905366498,3.409669843351909e-05,0.0003444538234841783,1.254311462038288e-06,1.5290373751106727
23,0.07251469372954485,0.0,0.0,0.0,0.0,0.0,0.0,0.0,0.0,0.0,0.0,0.0
total,206.0128689677628,1.3886200138246836,0.0025725028905866,0.015390936238801108,3.620373896533061e-05,1.4040109500634845,0.0026087066295519307,0.015390936238801108,5.008764549654879e-05,0.0005268472350434904,2.769995688869974e-06,2.338685357609962
