cell,flux,"Li6(n,t)","Li6(n,t)_stdev","Li7(n,t)","Li7(n,t)_stdev",tbr,tbr_stdev,"U238(n,fis)","U238(n,fis)_stdev","U238(n,g)","U238(n,g)_stdev",Pu239_kg/yr
11,1.941437253410599,0.0,0.0,0.0,0.0,0.0,0.0,0.0,0.0,0.0,0.0,0.0
21,23.70386339127335,0.0,0.0,0.0,0.0,0.0,0.0,0.0,0.0,0.0,0.0,0.0
31,61.38593103199379,0.4826312136619032,0.0007155131886588561,0.004836832725898052,1.2509442098434928e-05,0.4874680463878013,0.0007280226307572911,0.004836832725898052,1.5898388068928167e-05,0.0001823120214702794,1.23226314246123e-06,0.8092866902748747
22,0.5366237925726534,0.0,0.0,0.0,0.0,0.0,0.0,0.0,0.0,0.0,0.0,0.0
32,118.38291935129931,0.9056949830306851,0.0009227004116662176,0.010541886812694669,1.3500414968174451e-05,0.9162368698433797,0.0009362008266343921,0.010541886812694669,3.4115301719704865e-05,0.00034320317194354744,1.246236648053898e-06,1.5234857080409872
23,0.07409680811702472,0.0,0.0,0.0,0.0,0.0,0.0,0.0,0.0,0.0,0.0,0.0
total,206.02487162866674,1.3883261966925882,0.0016382136003250738,0.015378719538592722,2.600985706660938e-05,1.403704916231181,0.0016642234573916832,0.015378719538592722,5.001368978863303e-05,0.0005255151934138269,2.4784997905151277e-06,2.332772398315862
