fertile_kgm3,void_cell,cellfrom,leakage,leakage_stdev
250,99,"[42, 44]",0.11226116215693555,4.8088021482409206e-05
250,98,[44],0.05719736679641635,2.322738064329605e-05
250,total,,0.1694585289533519,5.340382965332368e-05
