fertile_kgm3,void_cell,cellfrom,leakage,leakage_stdev
999.99,99,[23],0.0005500000000000002,6.454972243679024e-05
999.99,total,,0.0005500000000000002,6.454972243679024e-05
