fertile_kgm3,leakage,leakage_stdev
750,0.010534000000000003,0.00011236918320131432
