fertile_kgm3,void_cell,cellfrom,leakage,leakage_stdev
500.0,99,"[22, 23]",0.051055565309183974,3.5263761178801804e-05
500.0,98,[23],0.007539548798294423,8.97060829372589e-06
500.0,total,,0.0585951141074784,3.638687490888758e-05
