cell,flux,tbr,tbr_stdev,"Th232(n,g)","Th232(n,g)_stdev",U233_kg/yr,U233_kg/yr_stdev,"Li6(n,t)","Li6(n,t)_stdev","Li7(n,t)","Li7(n,t)_stdev","Be9(n,2n)","Be9(n,2n)_stdev","tot(n,fis)","tot(n,fis)_stdev",heating [MW],heating_stdev,fisq [MW],fisq_stdev
11,1.968753406944972,0.0,0.0,0.0,0.0,0.0,0.0,0.0,0.0,0.0,0.0,0.0,0.0,0.0,0.0,27.44894660385088,0.005095483004551993,0.0,0.0
21,24.028320078366765,0.0,0.0,0.0,0.0,0.0,0.0,0.0,0.0,0.0,0.0,0.0,0.0,0.0,0.0,180.86927773924256,0.01431711736982047,0.0,0.0
31,62.89030834445595,0.43818341194488586,9.619356120230752e-05,0.037839127714197264,1.1807275937489333e-05,163.7764338245523,0.05110460158675658,0.4339360391188525,9.473861652819906e-05,0.004247372826033401,1.4549446741084536e-06,0.14531167767234685,4.4206487939809166e-05,0.0,0.0,280.57637856271384,0.05337171968019829,14.219378789311605,0.004127759486908595
22,0.551916812492396,0.0,0.0,0.0,0.0,0.0,0.0,0.0,0.0,0.0,0.0,0.0,0.0,0.0,0.0,2.6219074906900643,0.0030277227267481955,0.0,0.0
32,120.60331568664287,0.8206864914738919,0.00013267180197388216,0.07060847671636805,1.4037072565290426e-05,305.60970119963605,0.06075567342471168,0.811456871907803,0.00013085963093980872,0.009229619566088941,1.8121710340734542e-06,0.31407086809860835,6.44092680539249e-05,0.0013905545860880561,4.05701946717093e-07,561.6650556142496,0.08227890002987784,30.502019434693917,0.005341034191561521
23,0.07391666994568319,0.0,0.0,0.0,0.0,0.0,0.0,0.0,0.0,0.0,0.0,0.0,0.0,0.002984282858988365,5.237627238308871e-07,0.3569452511221038,0.0007607565992734474,0.0,0.0
total,210.11653099884865,1.2588699034187778,0.00022886536317618967,0.10844760443056531,2.584434850277976e-05,469.3861350241883,0.11186027501146825,1.2453929110266555,0.00022559824746800776,0.013476992392122342,3.2671157081819078e-06,0.45938254577095516,0.00010861575599373406,0.004374837445076421,9.2946467054798e-07,1053.5385112618692,0.15885169941047023,44.721398224005526,0.009468793678470117
