cell,flux,tbr,tbr_stdev,"U238(n,g)","U238(n,g)_stdev","Th232(n,g)","Th232(n,g)_stdev",Pu239_kg/yr,Pu239_kg/yr_stdev,U233_kg/yr,U233_kg/yr_stdev,"Li6(n,t)","Li6(n,t)_stdev","Li7(n,t)","Li7(n,t)_stdev","Be9(n,2n)","Be9(n,2n)_stdev","Pb(n,2n)","Pb(n,2n)_stdev","tot(n,fis)","tot(n,fis)_stdev","tot(n,nufis)","tot(n,nufis)_stdev",heating [MW],heating_stdev,fisq [MW],fisq_stdev
11,1.9687534069449806,0.0,0.0,0.0,0.0,0.0,0.0,0.0,0.0,0.0,0.0,0.0,0.0,0.0,0.0,0.0,0.0,0.0,0.0,0.0,0.0,0.0,0.0,27.448946603850686,0.0050954830049548,0.0,0.0
21,24.028320078366097,0.0,0.0,0.0,0.0,0.0,0.0,0.0,0.0,0.0,0.0,0.0,0.0,0.0,0.0,0.0,0.0,0.0,0.0,0.0,0.0,0.0,0.0,180.8692777392474,0.014317117388170547,0.0,0.0
31,62.890308344455924,0.43818341194489047,9.619356121422351e-05,0.0,0.0,0.037839127714196834,1.180727593595892e-05,0.0,0.0,163.77643382455042,0.0511046015801326,0.43393603911885703,9.473861654040614e-05,0.004247372826033424,1.4549446738173658e-06,0.14531167767234468,4.420648794144422e-05,0.0,0.0,0.0,0.0,0.0,0.0,280.5763785627164,0.053371719670353375,14.219378789311476,0.004127759486535662
22,0.5519168124923928,0.0,0.0,0.0,0.0,0.0,0.0,0.0,0.0,0.0,0.0,0.0,0.0,0.0,0.0,0.0,0.0,0.0,0.0,0.0,0.0,0.0,0.0,2.621907490690066,0.003027722726716419,0.0,0.0
32,120.60331568664579,0.8206864914739302,0.00013267180190271413,0.0,0.0,0.07060847671636213,1.4037072566577735e-05,0.0,0.0,305.6097011996104,0.06075567343028345,0.8114568719078413,0.00013085963086910808,0.009229619566088965,1.812171033606041e-06,0.3140708680986107,6.44092680449473e-05,0.0,0.0,0.0013905545860880392,4.0570194667359676e-07,0.004645655882185894,1.4110471941505762e-06,561.6650556142258,0.0822789000554222,30.50201943469452,0.005341034193098677
23,0.07391666994568312,0.0,0.0,0.0,0.0,0.0,0.0,0.0,0.0,0.0,0.0,0.0,0.0,0.0,0.0,0.0,0.0,0.0,0.0,0.002984282858988273,5.237627238982707e-07,0.010005107135568219,1.7948007694505469e-06,0.35694525112210385,0.0007607565992741063,0.0,0.0
total,210.11653099885086,1.2588699034188207,0.00022886536311693764,0.0,0.0,0.10844760443055895,2.5844348502536656e-05,0.0,0.0,469.3861350241608,0.11186027501041605,1.2453929110266984,0.00022559824740951424,0.01347699239212239,3.2671157074234067e-06,0.4593825457709554,0.00010861575598639152,0.0,0.0,0.004374837445076312,9.294646705718674e-07,0.014650763017754113,3.205847963601123e-06,1053.5385112618526,0.15885169944489144,44.721398224005995,0.00946879367963434
