cell,flux,tbr,tbr_stdev,"Th232(n,g)","Th232(n,g)_stdev",U233_kg/yr,U233_kg/yr_stdev,"Li6(n,t)","Li6(n,t)_stdev","Li7(n,t)","Li7(n,t)_stdev","Th232(n,fis)","Th232(n,fis)_stdev",heating [MW],heating_stdev,fisq [MW],fisq_stdev
11,1.968646530250323,0.0,0.0,0.0,0.0,0.0,0.0,0.0,0.0,0.0,0.0,0.0,0.0,27.44292722415557,0.004529426846977532,0.0,0.0
21,24.02627107079314,0.0,0.0,0.0,0.0,0.0,0.0,0.0,0.0,0.0,0.0,0.0,0.0,180.865167278704,0.013628753657954018,0.0,0.0
31,62.891544619811484,0.43809383431279436,7.922413030358415e-05,0.03784467432933338,9.150223058416012e-06,163.80044084854217,0.039604266581554685,0.43384654152803775,7.784366869882759e-05,0.00424729278475659,1.380461604756564e-06,0.0013905991977233893,3.8390303795863006e-07,280.55820208992844,0.04575131730455171,14.219857212081278,0.0039023471340029845
22,0.5517445398713021,0.0,0.0,0.0,0.0,0.0,0.0,0.0,0.0,0.0,0.0,0.0,0.0,2.6208121241297317,0.002969175236775604,0.0,0.0
32,120.59907646326286,0.8207424303961274,9.615397972060962e-05,0.07060807455504986,1.4554526653516418e-05,305.6079605531018,0.06299533354261104,0.8115134015193434,9.422790938873415e-05,0.009229028876783953,1.9260703318754764e-06,0.0029841468094151287,5.206203303790432e-07,561.6657407557353,0.0720745588947464,30.50060670276807,0.0053002740038756175
23,0.07374515834449948,0.0,0.0,0.0,0.0,0.0,0.0,0.0,0.0,0.0,0.0,0.0,0.0,0.35653089044081665,0.0006674945746553876,0.0,0.0
total,210.11102838233361,1.2588362647089217,0.00017537811002419376,0.10845274888438325,2.370474971193243e-05,469.40840140164397,0.10259960012416572,1.2453599430473812,0.00017207157808756175,0.013476321661540544,3.30653193663204e-06,0.004374746007138518,9.045233683376733e-07,1053.509380363094,0.13962072651566068,44.72046391484935,0.009202621137878602
