cell,flux,tbr,tbr_stdev,"U238(n,g)","U238(n,g)_stdev","Th232(n,g)","Th232(n,g)_stdev","U235(n,inel)","U235(n,inel)_stdev","U238(n,inel)","U238(n,inel)_stdev","Th232(n,inel)","Th232(n,inel)_stdev","U235(n,el)","U235(n,el)_stdev","U238(n,el)","U238(n,el)_stdev","Th232(n,el)","Th232(n,el)_stdev","Li6(n,el)","Li6(n,el)_stdev","Li7(n,el)","Li7(n,el)_stdev","Be9(n,el)","Be9(n,el)_stdev","Pb(n,el)","Pb(n,el)_stdev",Pu239_kg/yr,Pu239_kg/yr_stdev,U233_kg/yr,U233_kg/yr_stdev,"Li6(n,t)","Li6(n,t)_stdev","Li7(n,t)","Li7(n,t)_stdev","Be9(n,2n)","Be9(n,2n)_stdev","Pb(n,2n)","Pb(n,2n)_stdev","tot(n,fis)","tot(n,fis)_stdev","tot(n,nufis)","tot(n,nufis)_stdev",heating [MW],heating_stdev,fisq [MW],fisq_stdev
31,21.46438025011845,0.12989437655736105,7.769253099145068e-05,0.0,0.0,0.005359417447954465,1.052806707264942e-05,0.0,0.0,0.0,0.0,0.035608146210435405,1.4288087662995479e-05,0.0,0.0,0.0,0.0,0.0,0.0,0.0,0.0,0.0,0.0,0.0,0.0,0.0,0.0,0.0,0.0,23.19678940890951,0.04556789187234029,0.11115746458811834,7.048685949980998e-05,0.01873691196924272,7.205671491640698e-06,0.018820199212010464,7.078407666940895e-06,0.0,0.0,0.00014073513403497917,4.604096596276753e-08,0.0004899365714774692,1.4765316605935641e-07,96.37231798302055,0.028229002881961042,1.4312459999114335,0.00047433559232857686
32,159.3480850186738,1.0184936479179876,0.0003654762172954068,0.0,0.0,0.045559515191103565,3.669084553771123e-05,0.0,0.0,0.0,0.0,0.29634908568210416,6.751244484694799e-05,0.0,0.0,0.0,0.0,0.0,0.0,0.0,0.0,0.0,0.0,0.0,0.0,0.0,0.0,0.0,0.0,197.19204367321794,0.15880640488229902,0.9383063666470014,0.0003276177494643111,0.08018728127098618,3.7858467831095744e-05,0.085807415345998,3.732257294804157e-05,0.0,0.0,0.000603966580015412,2.6209590498556176e-07,0.001987599801008796,8.963204250719714e-07,549.3696122526395,0.1613806397372792,6.187996016320755,0.0026736806701694537
total,180.81246526879224,1.1483880244753486,0.00044316874828685747,0.0,0.0,0.05091893263905803,4.721891261036065e-05,0.0,0.0,0.0,0.0,0.33195723189253956,8.180053250994347e-05,0.0,0.0,0.0,0.0,0.0,0.0,0.0,0.0,0.0,0.0,0.0,0.0,0.0,0.0,0.0,0.0,220.38883308212746,0.2043742967546393,1.0494638312351197,0.00039810460896412103,0.0989241932402289,4.506413932273644e-05,0.10462761455800847,4.440098061498247e-05,0.0,0.0,0.0007447017140503913,3.081368709483293e-07,0.002477536372486265,1.043973591131328e-06,645.7419302356601,0.18960964261924024,7.619242016232188,0.0031480162624980307
