fertile_kgm3,void_cell,cellfrom,leakage,leakage_stdev
4000,99,[23],0.00024490000000000004,4.042688874169392e-06
4000,total,,0.00024490000000000004,4.042688874169392e-06
