fertile_kgm3,void_cell,cellfrom,leakage,leakage_stdev
250,99,[23],0.00096092,3.3547453952077033e-06
250,total,,0.00096092,3.3547453952077033e-06
