cell,flux,tbr,tbr_stdev,"U238(n,g)","U238(n,g)_stdev",Pu239_kg/yr,Pu239_kg/yr_stdev,"Li6(n,t)","Li6(n,t)_stdev","Li7(n,t)","Li7(n,t)_stdev","Be9(n,2n)","Be9(n,2n)_stdev","tot(n,fis)","tot(n,fis)_stdev",heating [MW],heating_stdev,fisq [MW],fisq_stdev
11,2.3846939665598708,0.0,0.0,0.0,0.0,0.0,0.0,0.0,0.0,0.0,0.0,0.0,0.0,0.0,0.0,48.21317928106008,0.007979466619296643,0.0,0.0
41,12.04523846912419,0.0,0.0,0.0,0.0,0.0,0.0,0.0,0.0,0.0,0.0,0.12048214434482206,1.4636754395119888e-05,0.0,0.0,45.41816219897393,0.004328990202087001,0.0,0.0
21,11.513712317954653,0.0,0.0,0.0,0.0,0.0,0.0,0.0,0.0,0.0,0.0,0.0,0.0,0.0,0.0,66.29503924410356,0.006890421928140041,0.0,0.0
31,21.83079866156148,0.1228846720269471,2.2652147449531137e-05,0.01997198784920289,8.929042789755916e-06,88.67362721344112,0.03964405634981803,0.10489330245405021,2.030467708857665e-05,0.017991369572896886,2.347470360954486e-06,0.018102607086594898,2.259542862935427e-06,0.0,0.0,128.03965178967033,0.011119399340105644,30.717898930627868,0.002854788068787791
22,29.30935305320333,0.0,0.0,0.0,0.0,0.0,0.0,0.0,0.0,0.0,0.0,0.0,0.0,0.0028626061427299595,2.505666482529263e-07,141.46939851955779,0.014961862189447263,0.0,0.0
32,162.92859663164765,0.9468806199229514,0.00011639945488168536,0.14472895496799934,2.9322785209787037e-05,642.5820752907923,0.1301902316476843,0.8709907810400286,0.00010108656949374735,0.0758898388829228,1.531288538793801e-05,0.08160664184114777,1.3281137941611518e-05,0.014573179108309173,1.6441924734208392e-06,707.4321574676355,0.08162788568810937,157.8279366887575,0.019987536765683215
23,0.01177922121389237,0.0,0.0,0.0,0.0,0.0,0.0,0.0,0.0,0.0,0.0,0.0,0.0,0.0,0.0,0.0346606971122407,0.0002310439389974569,0.0,0.0
total,240.02417232126507,1.0697652919498986,0.0001390516023312165,0.16470094281720224,3.825182799954295e-05,731.2557025042335,0.16983428799750233,0.9758840834940787,0.00012139124658232401,0.0938812084558197,1.7660355748892496e-05,0.22019139327256473,3.017743519966683e-05,0.017435785251039133,1.8947591216737655e-06,1136.9022491981134,0.12713906990618343,188.54583561938534,0.022842324834471007
