fertile_kgm3,void_cell,cellfrom,leakage,leakage_stdev
250,99,[23],0.00096379,4.017894349034018e-06
250,total,,0.00096379,4.017894349034018e-06
