cell,flux,tbr,tbr_stdev,"U238(n,g)","U238(n,g)_stdev","Th232(n,g)","Th232(n,g)_stdev",Pu239_kg/yr,Pu239_kg/yr_stdev,U233_kg/yr,U233_kg/yr_stdev,"Li6(n,t)","Li6(n,t)_stdev","Li7(n,t)","Li7(n,t)_stdev","Be9(n,2n)","Be9(n,2n)_stdev","Pb(n,2n)","Pb(n,2n)_stdev","tot(n,fis)","tot(n,fis)_stdev",heating [MW],heating_stdev,fisq [MW],fisq_stdev
11,2.3849225377026015,0.0,0.0,0.0,0.0,0.0,0.0,0.0,0.0,0.0,0.0,0.0,0.0,0.0,0.0,0.0,0.0,0.0,0.0,0.0,0.0,48.21835502380642,0.00999228659705763,0.0,0.0
41,12.04601666311428,0.0,0.0,0.0,0.0,0.0,0.0,0.0,0.0,0.0,0.0,0.0,0.0,0.0,0.0,0.12048114180864904,1.4567595596908337e-05,0.0,0.0,0.0,0.0,45.41656429904062,0.004459051329863909,0.0,0.0
21,11.514174968699075,0.0,0.0,0.0,0.0,0.0,0.0,0.0,0.0,0.0,0.0,0.0,0.0,0.0,0.0,0.0,0.0,0.0,0.0,0.0,0.0,66.29551229842926,0.006932993799586841,0.0,0.0
31,21.831973368382013,0.12290475481328124,2.3450598206690672e-05,0.019982000199696634,1.052977776301186e-05,0.0,0.0,88.71808104757702,0.04675115942627421,0.0,0.0,0.10491306787313291,2.1224498547266877e-05,0.017991686940148327,2.2260996594237938e-06,0.018103313558471817,2.2012322918203393e-06,0.0,0.0,0.0,0.0,128.0483419637027,0.012615837084309502,30.718812807129826,0.0029509710429142105
22,29.309693053279375,0.0,0.0,0.0,0.0,0.0,0.0,0.0,0.0,0.0,0.0,0.0,0.0,0.0,0.0,0.0,0.0,0.0,0.0,0.0028626898690106554,2.487731832754676e-07,141.47659735279194,0.014647231440500435,0.0,0.0
32,162.92963178825053,0.9468871805301413,0.00012257725729508166,0.14474097794073673,2.6846056037179698e-05,0.0,0.0,642.6354560864629,0.11919380199738273,0.0,0.0,0.87099558281418,0.00010737970831766193,0.07589159771596128,1.5197548977419725e-05,0.08161006415693839,1.2897204792113401e-05,0.0,0.0,0.014573344169833153,1.60551680802713e-06,707.4435621189936,0.0835706790629513,157.8297443288832,0.019740907765811527
23,0.011791970655597036,0.0,0.0,0.0,0.0,0.0,0.0,0.0,0.0,0.0,0.0,0.0,0.0,0.0,0.0,0.0,0.0,0.0,0.0,0.0,0.0,0.034645415487297875,0.00023041986531850166,0.0,0.0
total,240.02820435008348,1.0697919353434227,0.00014602785550177233,0.16472297814043335,3.737583380019156e-05,0.0,0.0,731.3535371340399,0.16594496142365694,0.0,0.0,0.9759086506873129,0.00012860420686492882,0.09388328465610961,1.742364863684352e-05,0.22019451952405925,2.9666032680842075e-05,0.0,0.0,0.01743603403884381,1.8542899913025974e-06,1136.9335784722518,0.13244849917958812,188.54855713601305,0.022691878808725738
