fertile_kgm3,void_cell,cellfrom,leakage,leakage_stdev
0.5,99,[23],0.04195684963824,2.4321820041470157e-05
0.5,total,,0.04195684963824,2.4321820041470157e-05
