cell,flux,tbr,tbr_stdev,"Th232(n,g)","Th232(n,g)_stdev",U233_kg/yr,U233_kg/yr_stdev,"Li6(n,t)","Li6(n,t)_stdev","Li7(n,t)","Li7(n,t)_stdev","Th232(n,fis)","Th232(n,fis)_stdev",heat_eV_src,heat_eV_src_stdev
11,2.3727960414558935,0.0,0.0,0.0,0.0,0.0,0.0,0.0,0.0,0.0,0.0,0.0,0.0,829982.3170502584,431.2521130260356
41,11.974555794918677,0.0,0.0,0.0,0.0,0.0,0.0,0.0,0.0,0.0,0.0,0.0,0.0,797170.2016380364,186.72947632523008
21,11.432488442189012,0.0,0.0,0.0,0.0,0.0,0.0,0.0,0.0,0.0,0.0,0.0,0.0,1159075.9190674352,373.4637101266675
31,21.636637012333523,0.11250604321614725,7.446367605384409e-05,0.03418541297140256,4.052361248538285e-05,147.93299009262122,0.17536073556672346,0.09559886612053718,6.900676466245779e-05,0.016907177095610074,5.456911391386287e-06,0.0013992496933057615,3.424128601697518e-07,1986736.1251711887,569.5587085608986
22,29.00881107410769,0.0,0.0,0.0,0.0,0.0,0.0,0.0,0.0,0.0,0.0,0.0,0.0,2459717.072717531,587.5824737102514
32,157.2218676364912,0.8262271296785687,0.00031646471040713993,0.25554808166594745,0.000122247670380363,1105.8515474100454,0.5290111143707004,0.7565191954871758,0.000281064876325741,0.06970793419139289,3.539983408139893e-05,0.005791920341707502,2.3536964114650446e-06,10584896.868375227,3122.0498608019275
23,0.009667158759968389,0.0,0.0,0.0,0.0,0.0,0.0,0.0,0.0,0.0,0.0,0.0,0.0,505.3816675808591,12.566619271042162
total,233.65682316025598,0.9387331728947159,0.000390928386460984,0.28973349463735,0.00016277128286574586,1253.7845375026666,0.7043718499374239,0.852118061607713,0.0003500716409881988,0.08661511128700296,4.085674547278522e-05,0.007191170035013263,2.6961092716347963e-06,17818083.885687258,5283.202961822052
