cell,flux,"Li6(n,t)","Li6(n,t)_stdev","Li7(n,t)","Li7(n,t)_stdev",tbr,tbr_stdev,"U238(n,fis)","U238(n,fis)_stdev","U238(n,g)","U238(n,g)_stdev",Pu239_kg/yr,Pu239_kg/yr_stdev
11,2.1875549393268203,0.0,0.0,0.0,0.0,0.0,0.0,0.0,0.0,0.0,0.0,0.0,0.0
21,11.017199049134543,0.0,0.0,0.0,0.0,0.0,0.0,0.0,0.0,0.0,0.0,0.0,0.0
31,21.7057492123459,0.07146299912747807,0.00013987137459021886,0.018209758049377016,1.3428448824623528e-05,0.08967275717685508,0.00015329982341484238,0.0034775991294360977,2.414736116538696e-06,0.016746463571583107,6.1643052117931e-05,74.33788495326742,0.2736347346962777
22,30.039530342735922,0.0,0.0,0.0,0.0,0.0,0.0,0.0,0.0,0.0,0.0,0.0,0.0
32,176.70836502063784,0.8541326811739444,0.0006273989292550421,0.08040384421645166,7.69809463830762e-05,0.934536525390396,0.0007043798756381183,0.01562038857699396,1.4634518624081188e-05,0.18634567872862765,0.00023299657397584316,827.1921750914316,1.0342764271802802
23,0.013437219216156548,0.0,0.0,0.0,0.0,0.0,0.0,0.0,0.0,0.0,0.0,0.0,0.0
total,241.67183578339717,0.9255956803014225,0.0007672703038452609,0.09861360226582869,9.040939520769973e-05,1.024209282567251,0.0008576796990529607,0.019097987706430057,1.7049254740619883e-05,0.20309214230021075,0.0002946396260937742,901.5300600446991,1.307911161876558
