cell,flux,"Li6(n,t)","Li6(n,t)_stdev","Li7(n,t)","Li7(n,t)_stdev",tbr,tbr_stdev,"Th232(n,fis)","Th232(n,fis)_stdev","Th232(n,g)","Th232(n,g)_stdev",U233_kg/yr,U233_kg/yr_stdev
11,2.1217824438983226,0.0,0.0,0.0,0.0,0.0,0.0,0.0,0.0,0.0,0.0,0.0,0.0
21,10.685153666028729,0.0,0.0,0.0,0.0,0.0,0.0,0.0,0.0,0.0,0.0,0.0,0.0
31,21.020997508561727,0.07744514643623972,0.00011489237404570897,0.019505367732282286,1.4076978716999108e-05,0.096950514168522,0.0001289693527627081,0.00010007367073760351,6.402376091346984e-08,0.002554049145383303,1.2649782033920076e-05,11.052320100275633,0.054740309320327626
22,29.038219393259272,0.0,0.0,0.0,0.0,0.0,0.0,0.0,0.0,0.0,0.0,0.0,0.0
32,170.16742457924994,0.9508615142196207,0.0007543417935604946,0.08797415319527432,8.855816309702177e-05,1.038835667414895,0.0008428999566575164,0.00044693940398770937,4.345078679289952e-07,0.03247234003408482,4.7721067530932404e-05,140.51988667110754,0.20650679914758663
23,0.013959251286880645,0.0,0.0,0.0,0.0,0.0,0.0,0.0,0.0,0.0,0.0,0.0,0.0
total,233.04753684228487,1.0283066606558604,0.0008692341676062036,0.10747952092755661,0.00010263514181402088,1.1357861815834172,0.0009718693094202245,0.0005470130747253129,4.98531628842465e-07,0.035026389179468126,6.037084956485248e-05,151.57220677138318,0.26124710846791427
