fertile_kgm3,void_cell,cellfrom,leakage,leakage_stdev
2000.0,99,[23],0.0004636,6.276742785872258e-06
2000.0,total,,0.0004636,6.276742785872258e-06
