cell,flux,tbr,tbr_stdev,"U238(n,g)","U238(n,g)_stdev","Th232(n,g)","Th232(n,g)_stdev","U235(n,inel)","U235(n,inel)_stdev","U238(n,inel)","U238(n,inel)_stdev","Th232(n,inel)","Th232(n,inel)_stdev","U235(n,el)","U235(n,el)_stdev","U238(n,el)","U238(n,el)_stdev","Th232(n,el)","Th232(n,el)_stdev","Li6(n,el)","Li6(n,el)_stdev","Li7(n,el)","Li7(n,el)_stdev","Be9(n,el)","Be9(n,el)_stdev","Pb(n,el)","Pb(n,el)_stdev",Pu239_kg/yr,Pu239_kg/yr_stdev,U233_kg/yr,U233_kg/yr_stdev,"Li6(n,t)","Li6(n,t)_stdev","Li7(n,t)","Li7(n,t)_stdev","Be9(n,2n)","Be9(n,2n)_stdev","Pb(n,2n)","Pb(n,2n)_stdev","tot(n,fis)","tot(n,fis)_stdev","tot(n,nufis)","tot(n,nufis)_stdev",heating [MW],heating_stdev,fisq [MW],fisq_stdev
31,22.633892935383198,0.0737390213023013,6.060211694399447e-05,0.0,0.0,0.09341008205670458,8.182392195775551e-05,0.0,0.0,0.0,0.0,1.332524847226903,0.0005056925276245601,0.0,0.0,0.0,0.0,0.0,0.0,0.0,0.0,0.0,0.0,0.0,0.0,0.0,0.0,0.0,0.0,404.30028509261643,0.35415272363035144,0.06275696350741726,5.648301646481515e-05,0.010982057794884039,4.119100479179328e-06,0.011015858822596685,4.802819470366553e-06,0.0,0.0,0.0054874356054049524,1.8403112352066868e-06,0.019144220371959085,5.822559391233747e-06,162.45305329089297,0.051866418506698854,55.79020919806143,0.018978603931450424
32,157.85266557511366,0.4811118117542133,0.0002479831617582265,0.0,0.0,0.6499467844503393,0.0003045176791899919,0.0,0.0,0.0,0.0,10.098860748241199,0.003026959921899933,0.0,0.0,0.0,0.0,0.0,0.0,0.0,0.0,0.0,0.0,0.0,0.0,0.0,0.0,0.0,0.0,2813.1189317314243,1.3180224425615827,0.44067647778505986,0.00023177100374309167,0.04043533396915345,1.6212158015134858e-05,0.04317601494429425,1.823240242934103e-05,0.0,0.0,0.020384498182037213,7.722134154737452e-06,0.06761092396260833,2.6651515930987683e-05,751.7872205360142,0.2326848868041743,208.64607657360122,0.07872189216126028
total,180.48655851049685,0.5548508330565146,0.00030858527870222097,0.0,0.0,0.7433568665070438,0.0003863416011477474,0.0,0.0,0.0,0.0,11.431385595468102,0.0035326524495244934,0.0,0.0,0.0,0.0,0.0,0.0,0.0,0.0,0.0,0.0,0.0,0.0,0.0,0.0,0.0,0.0,3217.4192168240406,1.6721751661919342,0.5034334412924771,0.0002882540202079068,0.051417391764037486,2.0331258494314186e-05,0.05419187376689094,2.3035221899707582e-05,0.0,0.0,0.025871933787442167,9.56244538994414e-06,0.08675514433456741,3.247407532222143e-05,914.2402738269071,0.28455130531087314,264.43628577166265,0.09770049609271071
