fertile_kgm3,void_cell,cellfrom,leakage,leakage_stdev
25.0,99,[23],0.0010107000000000002,1.1458730296153414e-05
25.0,total,,0.0010107000000000002,1.1458730296153414e-05
