fertile_kgm3,void_cell,cellfrom,leakage,leakage_stdev
500.0,99,[23],0.016030939999999994,1.5932626902331054e-05
500.0,total,,0.016030939999999994,1.5932626902331054e-05
