cell,flux,"Li6(n,t)","Li6(n,t)_stdev","Li7(n,t)","Li7(n,t)_stdev",tbr,tbr_stdev,"Th232(n,fis)","Th232(n,fis)_stdev","Th232(n,g)","Th232(n,g)_stdev",U233_kg/yr
11,2.0966195115088793,0.0,0.0,0.0,0.0,0.0,0.0,0.0,0.0,0.0,0.0,0.0
21,10.534107156797864,0.0,0.0,0.0,0.0,0.0,0.0,0.0,0.0,0.0,0.0,0.0
31,20.684420715876563,0.08012705224763499,0.0002480704855380973,0.019018171085142435,1.9843856529360018e-05,0.09914522333277742,0.0002679143420674573,0.019018171085142435,0.0002620338607174354,0.00552436686773358,3.74571903587739e-05,23.905989077741626
22,28.543491325267972,0.0,0.0,0.0,0.0,0.0,0.0,0.0,0.0,0.0,0.0,0.0
32,163.66695775626553,0.9298161477617534,0.0012596684206979856,0.0854326054309444,0.00011633823946833624,1.0152487531926977,0.001376006660166322,0.0854326054309444,0.0011657472249398209,0.06451979769366298,0.00010668553887679219,279.2011493609573
23,0.012681502069367875,0.0,0.0,0.0,0.0,0.0,0.0,0.0,0.0,0.0,0.0,0.0
total,225.53827796778617,1.0099432000093884,0.001507738906236083,0.10445077651608684,0.00013618209599769627,1.1143939765254751,0.0016439210022337791,0.10445077651608684,0.0014277810856572564,0.07004416456139656,0.00014414272923556607,303.10713843869894
