cell,flux,"Li6(n,t)","Li6(n,t)_stdev","Li7(n,t)","Li7(n,t)_stdev",tbr,tbr_stdev,"U238(n,fis)","U238(n,fis)_stdev","U238(n,g)","U238(n,g)_stdev",Pu239_kg/yr
11,1.9694337354846891,0.0,0.0,0.0,0.0,0.0,0.0,0.0,0.0,0.0,0.0,0.0
21,24.04938874667811,0.0,0.0,0.0,0.0,0.0,0.0,0.0,0.0,0.0,0.0,0.0
31,64.91407527159097,0.47099502144430083,0.001261917002030419,0.004424918340952129,1.7493968205170033e-05,0.475419939785253,0.001279410970235589,0.004424918340952129,0.0006626397529603758,0.007159720097568825,4.7632022324240466e-05,31.782139950659058
22,0.6238557220109255,0.0,0.0,0.0,0.0,0.0,0.0,0.0,0.0,0.0,0.0,0.0
32,125.52292704833181,0.8884410176019909,0.0016081953976705824,0.009624627290065794,1.6930443817775932e-05,0.8980656448920566,0.0016251258414883584,0.009624627290065794,0.001420916179900529,0.01345898031079829,7.843066567245553e-05,59.74468135649685
23,0.09029836981719294,0.0,0.0,0.0,0.0,0.0,0.0,0.0,0.0,0.0,0.0,0.0
total,217.1699788939137,1.3594360390462916,0.0028701123997010016,0.014049545631017924,3.442441202294596e-05,1.3734855846773097,0.0029045368117239477,0.014049545631017924,0.002083555932860905,0.020618700408367115,0.000126062687996696,91.5268213071559
