cell,flux,"Li6(n,t)","Li6(n,t)_stdev","Li7(n,t)","Li7(n,t)_stdev",tbr,tbr_stdev,"U238(n,fis)","U238(n,fis)_stdev","U238(n,g)","U238(n,g)_stdev",Pu239_kg/yr
11,2.1234701988825213,0.0,0.0,0.0,0.0,0.0,0.0,0.0,0.0,0.0,0.0,0.0
21,10.692720059229718,0.0,0.0,0.0,0.0,0.0,0.0,0.0,0.0,0.0,0.0,0.0
31,21.032090001131003,0.07894861018122035,9.422033024757695e-05,0.01964535332194691,1.4356308610698627e-05,0.09859396350316726,0.00010857663885827558,0.01964535332194691,2.237968386445648e-05,0.0002091565010729694,1.8252230952593955e-06,0.9284498692830895
22,29.044332242747224,0.0,0.0,0.0,0.0,0.0,0.0,0.0,0.0,0.0,0.0,0.0
32,170.5741906464014,0.9766902478612225,0.0009312025139900873,0.08880160341129292,8.678564598950419e-05,1.0654918512725153,0.0010179881599795915,0.08880160341129292,0.00010199287536255932,0.0030780053537035673,7.595984310853782e-06,13.663326999822596
23,0.014171913455063375,0.0,0.0,0.0,0.0,0.0,0.0,0.0,0.0,0.0,0.0,0.0
total,233.48097506184695,1.055638858042443,0.0010254228442376642,0.10844695673323984,0.00010114195460020281,1.1640858147756825,0.001126564798837867,0.10844695673323984,0.0001243725592270158,0.0032871618547765367,9.421207406113177e-06,14.591776869105685
