cell,flux,"Li6(n,t)","Li6(n,t)_stdev","Li7(n,t)","Li7(n,t)_stdev",tbr,tbr_stdev,"U238(n,fis)","U238(n,fis)_stdev","U238(n,g)","U238(n,g)_stdev",Pu239_kg/yr,Pu239_kg/yr_stdev
11,2.220946911517888,0.0,0.0,0.0,0.0,0.0,0.0,0.0,0.0,0.0,0.0,0.0,0.0
21,11.190743413368782,0.0,0.0,0.0,0.0,0.0,0.0,0.0,0.0,0.0,0.0,0.0,0.0
31,22.047749078674578,0.06931583880620383,0.00010536059453681902,0.01756669286450697,1.3331130673121681e-05,0.0868825316707108,0.0001186917252099407,0.005047940718246222,4.173916990473933e-06,0.02252465733353965,7.022084813916242e-05,99.9874020156574,0.3117117418836893
22,30.52859686208755,0.0,0.0,0.0,0.0,0.0,0.0,0.0,0.0,0.0,0.0,0.0,0.0
32,180.14847737648535,0.8227952753471813,0.0006166455731014507,0.07669929658579183,7.474982792900126e-05,0.8994945719329732,0.0006913954010304519,0.02250101594438924,2.0714829920869856e-05,0.2441699807850762,0.00020466531465476238,1083.8754022934659,0.9085134034237015
23,0.013150756738009564,0.0,0.0,0.0,0.0,0.0,0.0,0.0,0.0,0.0,0.0,0.0,0.0
total,246.14966439887218,0.8921111141533852,0.0007220061676382698,0.0942659894502988,8.808095860212294e-05,0.986377103603684,0.0008100871262403926,0.02754895666263546,2.488874691134379e-05,0.2666946381186159,0.0002748861627939248,1183.8628043091232,1.2202251453073907
