cell,flux,"Li6(n,t)","Li6(n,t)_stdev","Li7(n,t)","Li7(n,t)_stdev",tbr,tbr_stdev,"U238(n,fis)","U238(n,fis)_stdev","U238(n,g)","U238(n,g)_stdev",Pu239_kg/yr
11,1.956810822512208,0.0,0.0,0.0,0.0,0.0,0.0,0.0,0.0,0.0,0.0,0.0
21,23.901926086422726,0.0,0.0,0.0,0.0,0.0,0.0,0.0,0.0,0.0,0.0,0.0
31,62.037814739943414,0.47097156442485666,0.0004465842632973126,0.00468754762912887,1.1115985740303253e-05,0.47565911205398553,0.00045770024903761585,0.00468754762912887,0.00126894059506734,0.011284825597925808,3.488452791648756e-05,50.09356533279059
22,0.5431738325581908,0.0,0.0,0.0,0.0,0.0,0.0,0.0,0.0,0.0,0.0,0.0
32,119.59721599646778,0.8840647957861734,0.000931900047575665,0.010216135716112549,1.4487800514312744e-05,0.8942809315022859,0.0009463878480899777,0.010216135716112549,0.002721259726786294,0.021119947390521414,4.686753674299515e-05,93.75186663289186
23,0.07415533011281308,0.0,0.0,0.0,0.0,0.0,0.0,0.0,0.0,0.0,0.0,0.0
total,208.11109680801712,1.35503636021103,0.0013784843108729777,0.01490368334524142,2.5603786254616e-05,1.3699400435562714,0.0014040880971275937,0.01490368334524142,0.003990200321853634,0.032404772988447225,8.175206465948271e-05,143.84543196568245
