fertile_kgm3,void_cell,cellfrom,leakage,leakage_stdev
0.1,99,"[42, 44]",0.11456148462450085,4.879584984821493e-05
0.1,98,[44],0.05825863331217759,2.1286348935094197e-05
0.1,total,,0.17282011793667845,5.3236675454014996e-05
