fertile_kgm3,leakage,leakage_stdev
999.99,0.0006642000000000001,1.0860593906412356e-05
