fertile_kgm3,void_cell,cellfrom,leakage,leakage_stdev
4000.0,99,[23],0.0009200000000000002,0.00011430952132988161
4000.0,total,,0.0009200000000000002,0.00011430952132988161
