cell,flux,tbr,tbr_stdev,"U238(n,g)","U238(n,g)_stdev",Pu239_kg/yr,Pu239_kg/yr_stdev,"Li6(n,t)","Li6(n,t)_stdev","Li7(n,t)","Li7(n,t)_stdev","Be9(n,2n)","Be9(n,2n)_stdev","tot(n,fis)","tot(n,fis)_stdev",heating [MW],heating_stdev,fisq [MW],fisq_stdev
11,2.0197188317532278,0.0,0.0,0.0,0.0,0.0,0.0,0.0,0.0,0.0,0.0,0.0,0.0,0.0,0.0,27.95235202343596,0.004809396890358315,0.0,0.0
21,24.689961960359852,0.0,0.0,0.0,0.0,0.0,0.0,0.0,0.0,0.0,0.0,0.0,0.0,0.0,0.0,181.56581226157758,0.013597280926063968,0.0,0.0
31,65.58621203317257,0.4388124712845226,9.002589451765341e-05,0.04487697108210897,1.382995844428978e-05,199.24926022634907,0.061403631362377364,0.43476530709869016,8.860434107682281e-05,0.004047164185832444,1.4215534408305996e-06,0.13939465248035632,3.960047116337846e-05,0.0,0.0,358.71058476856774,0.06678769772944633,89.50841308711314,0.02130866138538938
22,0.5806655560782253,0.0,0.0,0.0,0.0,0.0,0.0,0.0,0.0,0.0,0.0,0.0,0.0,0.0,0.0,2.6230178775469324,0.002675455137120132,0.0,0.0
32,125.72591414970275,0.822759883516674,0.00013354802074330713,0.08379449447463674,1.7844553132924948e-05,372.03916914456,0.07922802999114499,0.8139740643166937,0.00013176553546975125,0.008785819199980215,1.7824852735558816e-06,0.3008978211754762,5.827422158558113e-05,0.008300654409886601,1.9029130082020733e-06,723.58265882884,0.10217705243310951,186.9025823620276,0.029539409147901326
23,0.07780692373681986,0.0,0.0,0.0,0.0,0.0,0.0,0.0,0.0,0.0,0.0,0.0,0.0,0.017349129260516134,2.52701886998974e-06,0.3561184162460983,0.000816657214279917,0.0,0.0
total,218.68027945480344,1.2615723548011966,0.00022357391526096052,0.12867146555674572,3.167451157721473e-05,571.2884293709091,0.14063166135352234,1.2487393714153838,0.00022036987654657406,0.012832983385812659,3.2040387143864814e-06,0.4402924736558325,9.787469274895959e-05,0.025649783670402736,4.4299318781918135e-06,1294.7905441762143,0.19086354033037817,276.4109954491407,0.050848070533290705
