cell,flux,tbr,tbr_stdev,"U238(n,g)","U238(n,g)_stdev","Th232(n,g)","Th232(n,g)_stdev",Pu239_kg/yr,Pu239_kg/yr_stdev,U233_kg/yr,U233_kg/yr_stdev,"Li6(n,t)","Li6(n,t)_stdev","Li7(n,t)","Li7(n,t)_stdev","Be9(n,2n)","Be9(n,2n)_stdev","Pb(n,2n)","Pb(n,2n)_stdev","tot(n,fis)","tot(n,fis)_stdev",heating [MW],heating_stdev,fisq [MW],fisq_stdev
11,2.019463452873368,0.0,0.0,0.0,0.0,0.0,0.0,0.0,0.0,0.0,0.0,0.0,0.0,0.0,0.0,0.0,0.0,0.0,0.0,0.0,0.0,27.947846766310963,0.004465187563313894,0.0,0.0
21,24.687773410830488,0.0,0.0,0.0,0.0,0.0,0.0,0.0,0.0,0.0,0.0,0.0,0.0,0.0,0.0,0.0,0.0,0.0,0.0,0.0,0.0,181.56462929175328,0.013222139548053468,0.0,0.0
31,65.58889259172521,0.4388090019355563,8.466947280872374e-05,0.044868068488967336,1.2274783121168182e-05,0.0,0.0,199.2097336037898,0.05449880857281556,0.0,0.0,0.4347619932956848,8.32330213655229e-05,0.004047008639871429,1.4364514432008418e-06,0.13939164024739753,4.2018819767458e-05,0.0,0.0,0.0,0.0,358.7037781198406,0.06341077860117898,89.50801636095855,0.021090355604569
22,0.5802284068164734,0.0,0.0,0.0,0.0,0.0,0.0,0.0,0.0,0.0,0.0,0.0,0.0,0.0,0.0,0.0,0.0,0.0,0.0,0.0,0.0,2.6222427653604,0.0030946511221237095,0.0,0.0
32,125.7271253723965,0.8228905146577545,0.00011697144194571226,0.08381292951118063,1.6702378008598073e-05,0.0,0.0,372.12101886179903,0.07415688675033487,0.0,0.0,0.814104287604123,0.00011533027676458392,0.008786227053631572,1.6411651811283427e-06,0.3009084394070368,5.302517876369892e-05,0.0,0.0,0.008300615686697469,1.929240994153655e-06,723.6347849352652,0.09183376359732691,186.9099385577084,0.02555063930545217
23,0.0778313061915552,0.0,0.0,0.0,0.0,0.0,0.0,0.0,0.0,0.0,0.0,0.0,0.0,0.0,0.0,0.0,0.0,0.0,0.0,0.01734980863484619,2.177794989406525e-06,0.35610592026934895,0.0008429039621187747,0.0,0.0
total,218.6813145408336,1.261699516593311,0.000201640914754436,0.12868099800014798,2.8977161129766255e-05,0.0,0.0,571.3307524655888,0.12865569532315044,0.0,0.0,1.248866280899808,0.00019856329813010683,0.012833235693503,3.0776166243291842e-06,0.44030007965443435,9.504399853115692e-05,0.0,0.0,0.025650424321543658,4.10703598356018e-06,1294.8293877987999,0.17686942439411574,276.41795491866696,0.046640994910021175
