cell,flux,tbr,tbr_stdev,"U238(n,g)","U238(n,g)_stdev","Th232(n,g)","Th232(n,g)_stdev","U235(n,inel)","U235(n,inel)_stdev","U238(n,inel)","U238(n,inel)_stdev","Th232(n,inel)","Th232(n,inel)_stdev","U235(n,el)","U235(n,el)_stdev","U238(n,el)","U238(n,el)_stdev","Th232(n,el)","Th232(n,el)_stdev","Li6(n,el)","Li6(n,el)_stdev","Li7(n,el)","Li7(n,el)_stdev","Be9(n,el)","Be9(n,el)_stdev","Pb(n,el)","Pb(n,el)_stdev",Pu239_kg/yr,Pu239_kg/yr_stdev,U233_kg/yr,U233_kg/yr_stdev,"Li6(n,t)","Li6(n,t)_stdev","Li7(n,t)","Li7(n,t)_stdev","Be9(n,2n)","Be9(n,2n)_stdev","Pb(n,2n)","Pb(n,2n)_stdev","tot(n,fis)","tot(n,fis)_stdev","tot(n,nufis)","tot(n,nufis)_stdev",heating [MW],heating_stdev,fisq [MW],fisq_stdev
31,21.620618794050838,0.11240973984223132,7.446988496574066e-05,0.0,0.0,0.03415310727124024,3.089820913147604e-05,0.0,0.0,0.0,0.0,0.3343192635866333,9.883374089806048e-05,0.0,0.0,0.0,0.0,0.0,0.0,0.0,0.0,0.0,0.0,0.0,0.0,0.0,0.0,0.0,0.0,147.8224909189024,0.13373454434098117,0.09550723573645939,6.85510564027009e-05,0.016902504105771935,5.918828563039755e-06,0.01697209520609216,6.3091986623713495e-06,0.0,0.0,0.0013987292267626072,4.1441826362477693e-07,0.004872030959605117,1.300707244861153e-06,112.81406134761018,0.03498500013235343,14.223735483743223,0.0042873172044994015
32,157.20000583979967,0.8258461792377088,0.0003666293435225713,0.0,0.0,0.255547162340709,0.00012763474956884003,0.0,0.0,0.0,0.0,2.6595846307046225,0.0007041379703424193,0.0,0.0,0.0,0.0,0.0,0.0,0.0,0.0,0.0,0.0,0.0,0.0,0.0,0.0,0.0,0.0,1106.0668004363677,0.5524325051666401,0.7561049899728587,0.00033298904261294736,0.06974118926485005,3.364030090962398e-05,0.07457165252908102,3.224921737625863e-05,0.0,0.0,0.005794109374501969,2.7253727988863992e-06,0.019107250417237317,9.1502400390066e-06,601.3890132732175,0.2003051641839627,59.34872759008844,0.0278674323507072
total,178.8206246338505,0.9382559190799401,0.00044109922848831196,0.0,0.0,0.2897002696119493,0.00015853295870031607,0.0,0.0,0.0,0.0,2.9939038942912557,0.0008029717112404798,0.0,0.0,0.0,0.0,0.0,0.0,0.0,0.0,0.0,0.0,0.0,0.0,0.0,0.0,0.0,0.0,1253.88929135527,0.6861670495076213,0.851612225709318,0.00040154009901564825,0.08664369337062199,3.9559129472663736e-05,0.09154374773517318,3.855841603862998e-05,0.0,0.0,0.007192838601264576,3.1397910625111763e-06,0.023979281376842434,1.0450947283867753e-05,714.2030746208277,0.2352901643163161,73.57246307383166,0.0321547495552066
