fertile_kgm3,void_cell,cellfrom,leakage,leakage_stdev
250.0,99,"[22, 23]",0.05126554505348077,3.868039727935283e-05
250.0,98,[23],0.007632952967995309,9.947848145936356e-06
250.0,total,,0.05889849802147608,3.993911386627369e-05
