fertile_kgm3,void_cell,cellfrom,leakage,leakage_stdev
250.0,99,"[22, 23]",0.05125835972022409,3.661781281904873e-05
250.0,98,[23],0.007638657289710812,9.354009400038784e-06
250.0,total,,0.0588970170099349,3.779367285018622e-05
