cell,flux,tbr,tbr_stdev,"U238(n,g)","U238(n,g)_stdev","Th232(n,g)","Th232(n,g)_stdev",Pu239_kg/yr,Pu239_kg/yr_stdev,U233_kg/yr,U233_kg/yr_stdev,"Li6(n,t)","Li6(n,t)_stdev","Li7(n,t)","Li7(n,t)_stdev","Be9(n,2n)","Be9(n,2n)_stdev","Pb(n,2n)","Pb(n,2n)_stdev","tot(n,fis)","tot(n,fis)_stdev",heating [MW],heating_stdev,fisq [MW],fisq_stdev
11,1.9693852226080149,0.0,0.0,0.0,0.0,0.0,0.0,0.0,0.0,0.0,0.0,0.0,0.0,0.0,0.0,0.0,0.0,0.0,0.0,0.0,0.0,27.635114880277573,0.00456240902148185,0.0,0.0
21,24.048524629906844,0.0,0.0,0.0,0.0,0.0,0.0,0.0,0.0,0.0,0.0,0.0,0.0,0.0,0.0,0.0,0.0,0.0,0.0,0.0,0.0,181.37373958820407,0.014561362850990392,0.0,0.0
31,62.823511067009115,0.46672243534378777,9.144703315066648e-05,0.01979043747236815,7.01865639759399e-06,0.0,0.0,87.86756171022452,0.03116213196396085,0.0,0.0,0.4621747493470613,8.984209396885261e-05,0.004547685996726453,1.6049391818138674e-06,0.15588806238868547,4.837664662917395e-05,0.0,0.0,0.0,0.0,303.16886438035294,0.053895132808445496,32.842618899192615,0.008493892146829982
22,0.552893002418052,0.0,0.0,0.0,0.0,0.0,0.0,0.0,0.0,0.0,0.0,0.0,0.0,0.0,0.0,0.0,0.0,0.0,0.0,0.0,0.0,2.6756337889961874,0.003343135861827577,0.0,0.0
32,120.8164113335194,0.8762831924933652,0.00014167430350796648,0.03699595327575031,9.86271635411406e-06,0.0,0.0,164.25832991435055,0.04378947353162567,0.0,0.0,0.8663947384460962,0.00013992207364179113,0.009888454047269051,1.7522298661753566e-06,0.33720787325265067,6.0578203521120186e-05,0.0,0.0,0.003046590194540422,7.646389225372934e-07,608.4450607035864,0.084180736817678,68.77495586189517,0.009813912223320866
23,0.07464547452755481,0.0,0.0,0.0,0.0,0.0,0.0,0.0,0.0,0.0,0.0,0.0,0.0,0.0,0.0,0.0,0.0,0.0,0.0,0.006385603960116325,8.180566006312159e-07,0.3655392787600469,0.0007399467135419748,0.0,0.0
total,210.28537072998895,1.343005627837153,0.00023312133665863297,0.05678639074811846,1.688137275170805e-05,0.0,0.0,252.12589162457508,0.07495160549558652,0.0,0.0,1.3285694877931575,0.00022976416761064374,0.014436140043995505,3.3571690479892242e-06,0.49309593564133614,0.00010895485015029413,0.0,0.0,0.009432194154656747,1.5826955231685092e-06,1123.663952620177,0.1612827240739653,101.61757476108778,0.018307804370150848
