cell,flux,tbr,tbr_stdev,"U238(n,g)","U238(n,g)_stdev",Pu239_kg/yr,Pu239_kg/yr_stdev,"Li6(n,t)","Li6(n,t)_stdev","Li7(n,t)","Li7(n,t)_stdev","Be9(n,2n)","Be9(n,2n)_stdev","tot(n,fis)","tot(n,fis)_stdev",heating [MW],heating_stdev,fisq [MW],fisq_stdev
11,1.9693852226080049,0.0,0.0,0.0,0.0,0.0,0.0,0.0,0.0,0.0,0.0,0.0,0.0,0.0,0.0,27.635114880277712,0.004562409021031978,0.0,0.0
21,24.04852462990701,0.0,0.0,0.0,0.0,0.0,0.0,0.0,0.0,0.0,0.0,0.0,0.0,0.0,0.0,181.37373958820515,0.014561362841969253,0.0,0.0
31,62.823511067009,0.46672243534379765,9.144703310561312e-05,0.019790437472368458,7.018656397433079e-06,87.8675617102259,0.031162131963246423,0.4621747493470712,8.984209392379925e-05,0.004547685996726471,1.6049391818138674e-06,0.15588806238868413,4.8376646624691616e-05,0.0,0.0,303.1688643803451,0.053895132798696184,32.84261889919347,0.008493892146829982
22,0.5528930024180506,0.0,0.0,0.0,0.0,0.0,0.0,0.0,0.0,0.0,0.0,0.0,0.0,0.0,0.0,2.675633788996181,0.0033431358617987982,0.0,0.0
32,120.81641133351643,0.876283192493372,0.0001416743035243357,0.03699595327574987,9.86271635503014e-06,164.25832991434862,0.04378947353569297,0.8663947384461029,0.0001399220736583215,0.009888454047269103,1.7522298660142222e-06,0.3372078732526525,6.0578203535438234e-05,0.003046590194540465,7.646389224925795e-07,608.4450607035973,0.08418073679271075,68.77495586189367,0.00981391222666714
23,0.07464547452755485,0.0,0.0,0.0,0.0,0.0,0.0,0.0,0.0,0.0,0.0,0.0,0.0,0.006385603960116116,8.180566004856097e-07,0.3655392787600469,0.0007399467135406204,0.0,0.0
total,210.28537072998606,1.3430056278371696,0.00023312133662994883,0.05678639074811833,1.6881372752463217e-05,252.12589162457454,0.0749516054989394,1.3285694877931742,0.00022976416758212074,0.014436140043995575,3.3571690478280898e-06,0.49309593564133664,0.00010895485016012985,0.00943219415465658,1.5826955229781892e-06,1123.6639526201814,0.16128272402974758,101.61757476108714,0.01830780437349712
