cell,flux,"Li6(n,t)","Li6(n,t)_stdev","Li7(n,t)","Li7(n,t)_stdev",tbr,tbr_stdev,"U238(n,fis)","U238(n,fis)_stdev","U238(n,g)","U238(n,g)_stdev",Pu239_kg/yr
11,2.0920565963541664,0.0,0.0,0.0,0.0,0.0,0.0,0.0,0.0,0.0,0.0,0.0
21,10.520364352187467,0.0,0.0,0.0,0.0,0.0,0.0,0.0,0.0,0.0,0.0,0.0
31,20.668448095314652,0.08325584663698396,0.00013270515937637123,0.019360150734855173,1.931619801136638e-05,0.10261599737183913,0.0001520213573877376,0.019360150734855173,7.410364236747793e-05,0.0005710511135982603,5.885085228187241e-06,2.5349072539193833
22,28.48920936323766,0.0,0.0,0.0,0.0,0.0,0.0,0.0,0.0,0.0,0.0,0.0
32,164.14620607851535,0.9784062314070521,0.001108474129687619,0.08749821853729597,0.00013132461226703296,1.065904449944348,0.001239798741954652,0.08749821853729597,0.00033758263672388706,0.007731451270338309,3.0358857534215854e-05,34.32006600076879
23,0.012744285889572503,0.0,0.0,0.0,0.0,0.0,0.0,0.0,0.0,0.0,0.0,0.0
total,225.92902877149888,1.061662078044036,0.0012411792890639902,0.10685836927215114,0.00015064081027839934,1.1685204473161872,0.0013918200993423898,0.10685836927215114,0.000411686279091365,0.00830250238393657,3.6243942762403096e-05,36.854973254688176
