cell,flux,"Li6(n,t)","Li6(n,t)_stdev","Li7(n,t)","Li7(n,t)_stdev",tbr,tbr_stdev,"U238(n,fis)","U238(n,fis)_stdev","U238(n,g)","U238(n,g)_stdev",Pu239_kg/yr
11,2.091197862497902,0.0,0.0,0.0,0.0,0.0,0.0,0.0,0.0,0.0,0.0,0.0
21,10.51667243116054,0.0,0.0,0.0,0.0,0.0,0.0,0.0,0.0,0.0,0.0,0.0
31,20.652842231883234,0.08306573654208296,5.6221989242880085e-05,0.01938989474913346,6.321802079841651e-06,0.10245563129121643,6.254379132272173e-05,0.01938989474913346,7.422872663940539e-05,0.0005662057844250581,1.126096838193836e-06,2.5133987413251524
22,28.470540710898103,0.0,0.0,0.0,0.0,0.0,0.0,0.0,0.0,0.0,0.0,0.0
32,164.24357136368693,0.9787594868650877,0.0003122611571305156,0.08749091040488338,2.7106044604645133e-05,1.066250397269971,0.0003393672017351607,0.08749091040488338,0.00033787766866160654,0.007724441632129773,7.630174227289767e-06,34.28895007730932
23,0.013036807355476266,0.0,0.0,0.0,0.0,0.0,0.0,0.0,0.0,0.0,0.0,0.0
total,225.98786140748217,1.0618252234071708,0.0003684831463733957,0.10688080515401685,3.342784668448678e-05,1.1687060285611874,0.00040191099305788246,0.10688080515401685,0.00041210639530101195,0.00829064741655483,8.756271065483604e-06,36.80234881863448
