cell,flux,"Li6(n,t)","Li6(n,t)_stdev","Li7(n,t)","Li7(n,t)_stdev",tbr,tbr_stdev,"U238(n,fis)","U238(n,fis)_stdev","U238(n,g)","U238(n,g)_stdev",Pu239_kg/yr
11,2.0921163761253854,0.0,0.0,0.0,0.0,0.0,0.0,0.0,0.0,0.0,0.0,0.0
21,10.515062846754855,0.0,0.0,0.0,0.0,0.0,0.0,0.0,0.0,0.0,0.0,0.0
31,20.66432226122273,0.08338855244914385,8.031307667710598e-05,0.019374803615735757,2.0452720422885745e-05,0.1027633560648796,0.00010076579709999173,0.019374803615735757,7.416275154378418e-05,0.0005800349265346124,9.144617944313526e-06,2.574786578270434
22,28.493666726375967,0.0,0.0,0.0,0.0,0.0,0.0,0.0,0.0,0.0,0.0,0.0
32,164.19097225839707,0.9775909422924117,0.001459971656754882,0.08757533843036729,0.00012804467652530673,1.065166280722779,0.0015880163332801889,0.08757533843036729,0.00033786499972601313,0.007705069280922783,2.895888726674452e-05,34.20295582490231
23,0.012853429898381244,0.0,0.0,0.0,0.0,0.0,0.0,0.0,0.0,0.0,0.0,0.0
total,225.9689938987744,1.0609794947415556,0.001540284733431988,0.10695014204610304,0.00014849739694819248,1.1679296367876586,0.0016887821303801806,0.10695014204610304,0.0004120277512697973,0.008285104207457395,3.8103505211058044e-05,36.777742403172745
