cell,flux,"Li6(n,t)","Li6(n,t)_stdev","Li7(n,t)","Li7(n,t)_stdev",tbr,tbr_stdev,"U238(n,fis)","U238(n,fis)_stdev","U238(n,g)","U238(n,g)_stdev",Pu239_kg/yr
11,3.1333057841261147,0.0,0.0,0.0,0.0,0.0,0.0,0.0,0.0,0.0,0.0,0.0
21,10.5271325213674,0.0,0.0,0.0,0.0,0.0,0.0,0.0,0.0,0.0,0.0,0.0
31,20.686234458928908,0.07768773100279036,0.00015134191279346558,0.01894268954447869,2.188494337680906e-05,0.09663042054726906,0.00017322685617027464,0.01894268954447869,0.0007247564228632817,0.004127315705358392,2.3209735841779542e-05,18.32123652610325
22,28.462888783522374,0.0,0.0,0.0,0.0,0.0,0.0,0.0,0.0,0.0,0.0,0.0
32,165.59368252728206,0.9525508223009419,0.0011964913369530575,0.08314517597919521,0.00010790546923807317,1.035695998280137,0.0013043968061911308,0.08314517597919521,0.0032279259206032017,0.05249095056163204,0.00015032928400131313,233.00837381330018
23,0.0139183269786838,0.0,0.0,0.0,0.0,0.0,0.0,0.0,0.0,0.0,0.0,0.0
total,228.41716240220552,1.0302385533037324,0.001347833249746523,0.10208786552367391,0.00012979041261488222,1.132326418827406,0.0014776236623614055,0.10208786552367391,0.0039526823434664835,0.05661826626699043,0.00017353901984309267,251.32961033940342
