cell,flux,"Li6(n,t)","Li6(n,t)_stdev","Li7(n,t)","Li7(n,t)_stdev",tbr,tbr_stdev,"U238(n,fis)","U238(n,fis)_stdev","U238(n,g)","U238(n,g)_stdev",Pu239_kg/yr
11,3.1737273369584926,0.0,0.0,0.0,0.0,0.0,0.0,0.0,0.0,0.0,0.0,0.0
21,10.685259686456526,0.0,0.0,0.0,0.0,0.0,0.0,0.0,0.0,0.0,0.0,0.0
31,21.020922028332556,0.07281069641191774,0.000241279795871933,0.019177993805213584,2.210920274636776e-05,0.09198869021713132,0.00026338899861830077,0.019177993805213584,0.0007249691270203207,0.004627879591292846,3.1347762052018266e-05,20.543249574129618
22,28.998504284734604,0.0,0.0,0.0,0.0,0.0,0.0,0.0,0.0,0.0,0.0,0.0
32,171.95369696684276,0.9398512567072459,0.000785617056426441,0.08425159840541876,0.00010358252428393728,1.0241028551126647,0.0008891995807103782,0.08425159840541876,0.0032319654549363445,0.06201954759351613,0.00018549474665337194,275.3060056025105
23,0.015044626713632723,0.0,0.0,0.0,0.0,0.0,0.0,0.0,0.0,0.0,0.0,0.0
total,235.84715493003858,1.0126619531191636,0.001026896852298374,0.10342959221063235,0.00012569172703030503,1.1160915453297962,0.001152588579328679,0.10342959221063235,0.003956934581956666,0.06664742718480898,0.0002168425087053902,295.8492551766401
