cell,flux,tbr,tbr_stdev,"Th232(n,g)","Th232(n,g)_stdev",U233_kg/yr,U233_kg/yr_stdev,"Li6(n,t)","Li6(n,t)_stdev","Li7(n,t)","Li7(n,t)_stdev","Be9(n,2n)","Be9(n,2n)_stdev","tot(n,fis)","tot(n,fis)_stdev",heating [MW],heating_stdev,fisq [MW],fisq_stdev
11,2.3429545176865445,0.0,0.0,0.0,0.0,0.0,0.0,0.0,0.0,0.0,0.0,0.0,0.0,0.0,0.0,48.396904693395754,0.009917930834711541,0.0,0.0
41,11.838957215402225,0.0,0.0,0.0,0.0,0.0,0.0,0.0,0.0,0.0,0.0,0.12049929722827189,1.4850414329816855e-05,0.0,0.0,45.246511061825366,0.004308561370707288,0.0,0.0
21,11.319099125965183,0.0,0.0,0.0,0.0,0.0,0.0,0.0,0.0,0.0,0.0,0.0,0.0,0.0,0.0,66.2904135364139,0.007135945518550488,0.0,0.0
31,21.473667456432914,0.1332444322211887,3.199182029829493e-05,0.0,0.0,0.0,0.0,0.11429001658583024,2.98394755454004e-05,0.018954415635358476,2.152344752894534e-06,0.01903748723484873,2.175750158057981e-06,0.0,0.0,94.39668944800293,0.00964263010135139,0.0,0.0
22,28.78158955296789,0.0,0.0,0.0,0.0,0.0,0.0,0.0,0.0,0.0,0.0,0.0,0.0,0.0,0.0,141.91752284976002,0.012529230090242082,0.0,0.0
32,160.08574502410377,1.0611215784300947,0.00012166764380427129,0.0,0.0,0.0,0.0,0.9797150778600539,0.00010501699753080232,0.08140650057004076,1.6650646273468966e-05,0.08711123048364905,1.482175729628023e-05,0.0,0.0,543.4405796993879,0.054734848625644705,0.0,0.0
23,0.012212080960249706,0.0,0.0,0.0,0.0,0.0,0.0,0.0,0.0,0.0,0.0,0.0,0.0,0.0,0.0,0.037604894950096494,0.00021274015539159773,0.0,0.0
total,235.85422497351877,1.1943660106512834,0.00015365946410256622,0.0,0.0,0.0,0.0,1.0940050944458841,0.0001348564730762027,0.10036091620539923,1.88029910263635e-05,0.22664801494676967,3.1847921784155064e-05,0.0,0.0,939.7262261837359,0.09848188669659909,0.0,0.0
