cell,flux,tbr,tbr_stdev,"Th232(n,g)","Th232(n,g)_stdev",U233_kg/yr,U233_kg/yr_stdev,"Li6(n,t)","Li6(n,t)_stdev","Li7(n,t)","Li7(n,t)_stdev","Th232(n,fis)","Th232(n,fis)_stdev",heating [MW],heating_stdev,fisq [MW],fisq_stdev
11,2.343337695157922,0.0,0.0,0.0,0.0,0.0,0.0,0.0,0.0,0.0,0.0,0.0,0.0,48.40413690887079,0.010242623233905613,0.0,0.0
41,11.841320500813376,0.0,0.0,0.0,0.0,0.0,0.0,0.0,0.0,0.0,0.0,0.0,0.0,45.248595273626194,0.004876509450915957,0.0,0.0
21,11.321165095197493,0.0,0.0,0.0,0.0,0.0,0.0,0.0,0.0,0.0,0.0,0.0,0.0,66.2958820677836,0.009216627757179543,0.0,0.0
31,21.476513732971267,0.13324983003186194,4.105931844419109e-05,0.0,0.0,0.0,0.0,0.11429673229132306,3.77871585909217e-05,0.01895309774053889,3.2721598532693897e-06,0.0,0.0,94.39907331616817,0.01251053550111695,0.0,0.0
22,28.78278846873548,0.0,0.0,0.0,0.0,0.0,0.0,0.0,0.0,0.0,0.0,0.0,0.0,141.90877671114322,0.019451463934037745,0.0,0.0
32,160.08737720807548,1.0612481827576927,0.0001409251544538083,0.0,0.0,0.0,0.0,0.9798489494513343,0.00012764778273853498,0.0813992333063585,1.3277371715273323e-05,0.0,0.0,543.4546078166727,0.04579099979107357,0.0,0.0
23,0.012211301953697741,0.0,0.0,0.0,0.0,0.0,0.0,0.0,0.0,0.0,0.0,0.0,0.0,0.037664050610395405,0.00024996583118401663,0.0,0.0
total,235.86471400290472,1.1944980127895546,0.0001819844728979994,0.0,0.0,0.0,0.0,1.0941456817426574,0.00016543494132945669,0.10035233104689739,1.6549531568542713e-05,0.0,0.0,939.748736144875,0.10233872549941339,0.0,0.0
