fertile_kgm3,void_cell,cellfrom,leakage,leakage_stdev
0.0,99,"[22, 23]",0.05025601107046449,2.7346344013571243e-05
0.0,98,[23],0.007541899407558215,9.867682545300626e-06
0.0,total,,0.057797910478022706,2.9072215081128826e-05
