fertile_kgm3,void_cell,cellfrom,leakage,leakage_stdev
0.0,99,"[22, 23]",0.05025711207371751,3.1093835358928266e-05
0.0,98,[23],0.00754389874514748,8.78170927431236e-06
0.0,total,,0.05780101081886499,3.231013796174014e-05
