cell,flux,tbr,tbr_stdev,"Th232(n,g)","Th232(n,g)_stdev",U233_kg/yr,U233_kg/yr_stdev,"Li6(n,t)","Li6(n,t)_stdev","Li7(n,t)","Li7(n,t)_stdev","Be9(n,2n)","Be9(n,2n)_stdev","Th232(n,fis)","Th232(n,fis)_stdev",heating [MW],heating_stdev,fisq [MW],fisq_stdev
11,1.9431592184387743,0.0,0.0,0.0,0.0,0.0,0.0,0.0,0.0,0.0,0.0,0.0,0.0,0.0,0.0,27.50427543120101,0.006160101264273159,0.0,0.0
21,23.71069176820629,0.0,0.0,0.0,0.0,0.0,0.0,0.0,0.0,0.0,0.0,0.0,0.0,0.0,0.0,181.32687822831596,0.01263709022423969,0.0,0.0
31,61.43083340670894,0.4876597165498491,0.00010084048905839226,0.0,0.0,0.0,0.0,0.48281385774414615,9.905785425327467e-05,0.004845858805702904,1.782634805117591e-06,0.1656966626910169,5.343618165666918e-05,0.0,0.0,271.0109962936705,0.04976752581666753,0.0,0.0
22,0.5408465528162741,0.0,0.0,0.0,0.0,0.0,0.0,0.0,0.0,0.0,0.0,0.0,0.0,0.0,0.0,2.715078015200102,0.002896334902075283,0.0,0.0
32,118.3862574505336,0.9170295854270163,0.00014809718280157656,0.0,0.0,0.0,0.0,0.9064819449343348,0.00014633404100088923,0.010547640492681499,1.7631418006873233e-06,0.3588424140363282,6.350531578328969e-05,0.0,0.0,541.6860931022579,0.06998364672999562,0.0,0.0
23,0.07333173338152328,0.0,0.0,0.0,0.0,0.0,0.0,0.0,0.0,0.0,0.0,0.0,0.0,0.0,0.0,0.3732285101867557,0.0008027815509569213,0.0,0.0
total,206.08512013008541,1.4046893019768654,0.00024893767185996883,0.0,0.0,0.0,0.0,1.389295802678481,0.0002453918952541639,0.015393499298384402,3.5457766058049144e-06,0.5245390767273451,0.00011694149743995887,0.0,0.0,1024.616549580832,0.14224748048820818,0.0,0.0
