cell,flux,"Li6(n,t)","Li6(n,t)_stdev","Li7(n,t)","Li7(n,t)_stdev",tbr,tbr_stdev,"U238(n,fis)","U238(n,fis)_stdev","U238(n,g)","U238(n,g)_stdev",Pu239_kg/yr
11,2.1449284668264577,0.0,0.0,0.0,0.0,0.0,0.0,0.0,0.0,0.0,0.0,0.0
21,26.309784065963136,0.0,0.0,0.0,0.0,0.0,0.0,0.0,0.0,0.0,0.0,0.0
31,65.94305628555404,0.39884940673131447,0.0002988549013725441,0.003370392433883489,2.4407231250254204e-06,0.40221979916519796,0.0003012956244975695,0.003370392433883489,0.01893528518078769,0.10520412925630374,7.942137980411471e-05,467.0032227302343
22,0.4643043106469409,0.0,0.0,0.0,0.0,0.0,0.0,0.0,0.0,0.0,0.0,0.0
32,123.74795867518924,0.7301452526025441,0.00024518052475040053,0.007218082891935988,4.450299892735066e-06,0.7373633354944802,0.0002496308246431356,0.007218082891935988,0.039819657772198674,0.19200399434291363,9.215861481992901e-05,852.3095506714213
23,0.04596068016702629,0.0,0.0,0.0,0.0,0.0,0.0,0.0,0.0,0.0,0.0,0.0
total,218.65599248434683,1.1289946593338587,0.0005440354261229447,0.010588475325819477,6.891023017760486e-06,1.139583134659678,0.0005509264491407051,0.010588475325819477,0.05875494295298636,0.29720812359921733,0.0001715799946240437,1319.3127734016557
