cell,flux,tbr,tbr_stdev,"U238(n,g)","U238(n,g)_stdev",Pu239_kg/yr,Pu239_kg/yr_stdev,"Li6(n,t)","Li6(n,t)_stdev","Li7(n,t)","Li7(n,t)_stdev","U238(n,fis)","U238(n,fis)_stdev",heating [MW],heating_stdev,fisq [MW],fisq_stdev
11,2.366733318162937,0.0,0.0,0.0,0.0,0.0,0.0,0.0,0.0,0.0,0.0,0.0,0.0,48.12006575571304,0.012241759077390425,0.0,0.0
41,11.954794592424703,0.0,0.0,0.0,0.0,0.0,0.0,0.0,0.0,0.0,0.0,0.0,0.0,45.350026448322645,0.004668211946499666,0.0,0.0
21,11.426900186391368,0.0,0.0,0.0,0.0,0.0,0.0,0.0,0.0,0.0,0.0,0.0,0.0,66.24204322426196,0.007619169466308067,0.0,0.0
31,21.667513381759605,0.1258614705513891,3.2440572221769705e-05,0.014038431735577948,6.659641303604979e-06,62.329231911267335,0.029568140877607837,0.10748542010841229,3.016093730556908e-05,0.01837605044297681,2.279634916200625e-06,0.001401933293071827,1.3598492653218752e-07,114.78586464530291,0.013347722383102065,18.42975911902386,0.0019480274662363765
22,29.067888191998495,0.0,0.0,0.0,0.0,0.0,0.0,0.0,0.0,0.0,0.0,0.0,0.0,141.493617251448,0.014238264680382477,0.0,0.0
32,161.4922364543562,0.9780296183257113,0.0001345762730063181,0.10172977604986327,2.523325775523978e-05,451.6700243392376,0.11203313903769009,0.8999557123934759,0.00011871036125092047,0.07807390593223545,1.586591175539762e-05,0.006105271033143297,8.816217872247677e-07,642.2097124328867,0.07559453381430123,95.24902907658594,0.011626340131026182
23,0.011837496023809083,0.0,0.0,0.0,0.0,0.0,0.0,0.0,0.0,0.0,0.0,0.0,0.0,0.0354172974089154,0.00024909129138509076,0.0,0.0
total,237.98790362111714,1.1038910888771005,0.0001670168452280878,0.11576820778544122,3.189289905884476e-05,513.9992562505049,0.14160127991529792,1.0074411325018882,0.00014887129855648955,0.09644995637521227,1.8145546671598245e-05,0.007507204326215124,1.0176067137569551e-06,1058.236747055344,0.127958752659369,113.6787881956098,0.01357436759726256
