cell,flux,tbr,tbr_stdev,"U238(n,g)","U238(n,g)_stdev","Th232(n,g)","Th232(n,g)_stdev",Pu239_kg/yr,Pu239_kg/yr_stdev,U233_kg/yr,U233_kg/yr_stdev,"Li6(n,t)","Li6(n,t)_stdev","Li7(n,t)","Li7(n,t)_stdev","Be9(n,2n)","Be9(n,2n)_stdev","Pb(n,2n)","Pb(n,2n)_stdev","tot(n,fis)","tot(n,fis)_stdev",heating [MW],heating_stdev,fisq [MW],fisq_stdev
11,2.3669422057567884,0.0,0.0,0.0,0.0,0.0,0.0,0.0,0.0,0.0,0.0,0.0,0.0,0.0,0.0,0.0,0.0,0.0,0.0,0.0,0.0,48.12137741182302,0.0099289283969533,0.0,0.0
41,11.955765592271195,0.0,0.0,0.0,0.0,0.0,0.0,0.0,0.0,0.0,0.0,0.0,0.0,0.0,0.0,0.12048448755066468,1.5614906122572588e-05,0.0,0.0,0.0,0.0,45.348884158466944,0.004423909743119031,0.0,0.0
21,11.426898635505903,0.0,0.0,0.0,0.0,0.0,0.0,0.0,0.0,0.0,0.0,0.0,0.0,0.0,0.0,0.0,0.0,0.0,0.0,0.0,0.0,66.23957483148203,0.007262466990941837,0.0,0.0
31,21.66780254244018,0.1258746497425817,2.709270221876105e-05,0.014044431867244338,9.599476892375774e-06,0.0,0.0,62.35587189536077,0.0426207166670465,0.0,0.0,0.10749852076923265,2.4955581394496125e-05,0.018376128973349042,2.137120824264923e-06,0.018476425259684365,2.1088178290656398e-06,0.0,0.0,0.0,0.0,114.79068040900744,0.012447032952720012,18.430338151176194,0.001712119168738823
22,29.068210204187523,0.0,0.0,0.0,0.0,0.0,0.0,0.0,0.0,0.0,0.0,0.0,0.0,0.0,0.0,0.0,0.0,0.0,0.0,0.0017175774035952023,1.3874979431006177e-07,141.4951085034825,0.014739022069126416,0.0,0.0
32,161.48627180672332,0.9780408702854272,0.0001610373825666815,0.10172548486676769,2.412751987039849e-05,0.0,0.0,451.65097191576353,0.1071237734934832,0.0,0.0,0.8999664949262036,0.00014574753442641713,0.0780743753592236,1.5289848140264382e-05,0.08379037298014438,1.2763383941840943e-05,0.0,0.0,0.00879502389093486,9.342893548492162e-07,642.2059251106396,0.08104582293030635,95.24709476582191,0.011624495684025802
23,0.011865831616591294,0.0,0.0,0.0,0.0,0.0,0.0,0.0,0.0,0.0,0.0,0.0,0.0,0.0,0.0,0.0,0.0,0.0,0.0,0.0,0.0,0.03550836277961017,0.00026875187098577885,0.0,0.0
total,237.98375681850152,1.1039155200280089,0.00018813008478544256,0.11576991673401203,3.372699676277426e-05,0.0,0.0,514.0068438111243,0.1497444901605297,0.0,0.0,1.0074650156954363,0.00017070311582091327,0.09645050433257264,1.7426968964529306e-05,0.22275128579049344,3.048710789347917e-05,0.0,0.0,0.010512601294530062,1.073039149159278e-06,1058.2370587876812,0.13011593495415272,113.6774329169981,0.013336614852764625
