fertile_kgm3,void_cell,cellfrom,leakage,leakage_stdev
150.0,99,[23],0.0009815400000000001,4.335384450463216e-06
150.0,total,,0.0009815400000000001,4.335384450463216e-06
