cell,flux,"Li6(n,t)","Li6(n,t)_stdev","Li7(n,t)","Li7(n,t)_stdev",tbr,tbr_stdev,"U238(n,fis)","U238(n,fis)_stdev","U238(n,g)","U238(n,g)_stdev",Pu239_kg/yr
11,2.0957700062366946,0.0,0.0,0.0,0.0,0.0,0.0,0.0,0.0,0.0,0.0,0.0
21,10.533171812332792,0.0,0.0,0.0,0.0,0.0,0.0,0.0,0.0,0.0,0.0,0.0
31,20.691615551196165,0.08250922500982785,0.00012521998640183256,0.01928629638547896,2.131108284236523e-05,0.10179552139530681,0.0001465310692441978,0.01928629638547896,0.0002953431812239396,0.0020491416473183708,2.215612650990458e-05,9.096180538665317
22,28.54897634821295,0.0,0.0,0.0,0.0,0.0,0.0,0.0,0.0,0.0,0.0,0.0
32,164.4538611678979,0.9643280874382176,0.001198546889898091,0.08699875188567159,0.00013393626522014841,1.0513268393238893,0.0013324831551182394,0.08699875188567159,0.001344029134608782,0.02562290890921424,6.954576744272895e-05,113.74060239759355
23,0.013098869718790781,0.0,0.0,0.0,0.0,0.0,0.0,0.0,0.0,0.0,0.0,0.0
total,226.33649375559528,1.0468373124480455,0.0013237668762999236,0.10628504827115055,0.00015524734806251364,1.153122360719196,0.0014790142243624371,0.10628504827115055,0.0016393723158327216,0.02767205055653261,9.170189395263354e-05,122.83678293625887
