fertile_kgm3,void_cell,cellfrom,leakage,leakage_stdev
3000,99,[23],0.00030800000000000006,1.9828430766620586e-05
3000,total,,0.00030800000000000006,1.9828430766620586e-05
