cell,flux,"Li6(n,t)","Li6(n,t)_stdev","Li7(n,t)","Li7(n,t)_stdev",tbr,tbr_stdev,"U238(n,fis)","U238(n,fis)_stdev","U238(n,g)","U238(n,g)_stdev",Pu239_kg/yr
11,2.0939453012093123,0.0,0.0,0.0,0.0,0.0,0.0,0.0,0.0,0.0,0.0,0.0
21,10.531002287797012,0.0,0.0,0.0,0.0,0.0,0.0,0.0,0.0,0.0,0.0,0.0
31,20.689931775727125,0.08135205140141502,0.00016306924165212892,0.01913279181607751,1.9141914182238768e-05,0.10048484321749253,0.0001822111558343677,0.01913279181607751,0.0,0.0,0.0,0.0
22,28.529813856789694,0.0,0.0,0.0,0.0,0.0,0.0,0.0,0.0,0.0,0.0,0.0
32,163.64901485320297,0.9447091197734064,0.001241981316013158,0.08610734335657103,0.00012509265275006989,1.0308164631299774,0.001367073968763228,0.08610734335657103,0.0,0.0,0.0,0.0
23,0.012662153854897763,0.0,0.0,0.0,0.0,0.0,0.0,0.0,0.0,0.0,0.0,0.0
total,225.506370228581,1.0260611711748215,0.001405050557665287,0.10524013517264853,0.00014423456693230866,1.13130130634747,0.0015492851245975958,0.10524013517264853,0.0,0.0,0.0,0.0
