cell,flux,"Li6(n,t)","Li6(n,t)_stdev","Li7(n,t)","Li7(n,t)_stdev",tbr,tbr_stdev,"Th232(n,fis)","Th232(n,fis)_stdev","Th232(n,g)","Th232(n,g)_stdev",U233_kg/yr
11,2.09726346555878,0.0,0.0,0.0,0.0,0.0,0.0,0.0,0.0,0.0,0.0,0.0
21,10.538025112284988,0.0,0.0,0.0,0.0,0.0,0.0,0.0,0.0,0.0,0.0,0.0
31,20.678311075074113,0.08126211317199775,0.00019134347446784906,0.019132945049123554,1.9153507630751786e-05,0.1003950582211213,0.00021049698209860083,0.019132945049123554,0.0001757294107120703,0.0038555736444423313,2.1768652278696753e-05,16.68450043946501
22,28.517187674789927,0.0,0.0,0.0,0.0,0.0,0.0,0.0,0.0,0.0,0.0,0.0
32,163.68763359032226,0.9451184452609829,0.0012993651927119506,0.08611123158619668,0.00012740426400557396,1.0312296768471796,0.0014267694567175245,0.08611123158619668,0.000783365399113926,0.04626860743734475,6.704018836759108e-05,200.22146438172098
23,0.012403837755979183,0.0,0.0,0.0,0.0,0.0,0.0,0.0,0.0,0.0,0.0,0.0
total,225.53082475578606,1.0263805584329806,0.0014907086671797996,0.10524417663532024,0.00014655777163632573,1.1316247350683009,0.0016372664388161254,0.10524417663532024,0.0009590948098259963,0.05012418108178708,8.880884064628783e-05,216.905964821186
