fertile_kgm3,leakage,leakage_stdev
0.0,0.2662303527226872,0.006724791716886228
