cell,flux,"Li6(n,t)","Li6(n,t)_stdev","Li7(n,t)","Li7(n,t)_stdev",tbr,tbr_stdev,"U238(n,fis)","U238(n,fis)_stdev","U238(n,g)","U238(n,g)_stdev",Pu239_kg/yr
11,3.104344752071472,0.0,0.0,0.0,0.0,0.0,0.0,0.0,0.0,0.0,0.0,0.0
21,10.43475350044264,0.0,0.0,0.0,0.0,0.0,0.0,0.0,0.0,0.0,0.0,0.0
31,20.492508245357566,0.07882164189926831,0.00021032604622925493,0.018878439109731505,2.6793813530882927e-05,0.09770008100899982,0.00023711985976013786,0.018878439109731505,0.0,0.0,0.0,0.0
22,28.254244247127566,0.0,0.0,0.0,0.0,0.0,0.0,0.0,0.0,0.0,0.0,0.0
32,164.41766532361666,0.9676476645082348,0.0010207560084054138,0.08515239867948626,0.00017889088143566614,1.052800063187721,0.00119964688984108,0.08515239867948626,0.0,0.0,0.0,0.0
23,0.013470861909081644,0.0,0.0,0.0,0.0,0.0,0.0,0.0,0.0,0.0,0.0,0.0
total,226.71698693052497,1.046469306407503,0.0012310820546346686,0.10403083778921776,0.00020568469496654908,1.1505001441967209,0.0014367667496012178,0.10403083778921776,0.0,0.0,0.0,0.0
