cell,flux,"Li6(n,t)","Li6(n,t)_stdev","Li7(n,t)","Li7(n,t)_stdev",tbr,tbr_stdev,"U238(n,fis)","U238(n,fis)_stdev","U238(n,g)","U238(n,g)_stdev",Pu239_kg/yr
11,1.9436389629752355,0.0,0.0,0.0,0.0,0.0,0.0,0.0,0.0,0.0,0.0,0.0
21,23.72562990438953,0.0,0.0,0.0,0.0,0.0,0.0,0.0,0.0,0.0,0.0,0.0
31,61.418769263871866,0.48045164437375376,0.0007053016140304882,0.004820850603061684,1.1970608951918327e-05,0.48527249497681546,0.0007172722229824065,0.004820850603061684,0.00015899417486349015,0.0017447154218817242,9.638923101115317e-06,7.744826467608299
22,0.5372446797556443,0.0,0.0,0.0,0.0,0.0,0.0,0.0,0.0,0.0,0.0,0.0
32,118.48672400865105,0.9020457467229324,0.0007563116853195332,0.010504338962921026,1.425820109999555e-05,0.9125500856858534,0.0007705698864195287,0.010504338962921026,0.00034098849440340035,0.00325645645703372,1.2522616680927142e-05,14.45547499766322
23,0.07397336653104788,0.0,0.0,0.0,0.0,0.0,0.0,0.0,0.0,0.0,0.0,0.0
total,206.1859801861744,1.382497391096686,0.0014616132993500214,0.01532518956598271,2.622881005191388e-05,1.3978225806626687,0.0014878421094019353,0.01532518956598271,0.0004999826692668905,0.005001171878915444,2.216153978204246e-05,22.20030146527152
