cell,flux,"Li6(n,t)","Li6(n,t)_stdev","Li7(n,t)","Li7(n,t)_stdev",tbr,tbr_stdev,"U238(n,fis)","U238(n,fis)_stdev","U238(n,g)","U238(n,g)_stdev",Pu239_kg/yr
11,1.9408134002305215,0.0,0.0,0.0,0.0,0.0,0.0,0.0,0.0,0.0,0.0,0.0
21,23.688177386295337,0.0,0.0,0.0,0.0,0.0,0.0,0.0,0.0,0.0,0.0,0.0
31,61.56094589118884,0.4810929826174978,0.0011280659652570953,0.004848603473905384,1.892757394667954e-05,0.48594158609140314,0.001146993539203775,0.004848603473905384,0.00015988266242873478,0.0017397153032258296,1.197955455921981e-05,7.722630841420971
22,0.5400874816254729,0.0,0.0,0.0,0.0,0.0,0.0,0.0,0.0,0.0,0.0,0.0
32,118.41273246377314,0.9019587929333219,0.0012183509211334148,0.010483110513528958,1.9870756095112773e-05,0.9124419034468508,0.0012382216772285275,0.010483110513528958,0.00034081866086521943,0.0032856433702366343,1.4189637335940782e-05,14.585036286023886
23,0.07208909958077425,0.0,0.0,0.0,0.0,0.0,0.0,0.0,0.0,0.0,0.0,0.0
total,206.2148457226941,1.3830517755508196,0.00234641688639051,0.015331713987434341,3.8798330041792314e-05,1.3983834895382539,0.002385215216432302,0.015331713987434341,0.0005007013232939542,0.0050253586734624635,2.6169191895160592e-05,22.30766712744486
