cell,flux,"Li6(n,t)","Li6(n,t)_stdev","Li7(n,t)","Li7(n,t)_stdev",tbr,tbr_stdev,"U238(n,fis)","U238(n,fis)_stdev","U238(n,g)","U238(n,g)_stdev",Pu239_kg/yr
11,1.9646717473393047,0.0,0.0,0.0,0.0,0.0,0.0,0.0,0.0,0.0,0.0,0.0
21,24.00271245645233,0.0,0.0,0.0,0.0,0.0,0.0,0.0,0.0,0.0,0.0,0.0
31,64.59236192618793,0.4777081144300235,0.0010391605865813535,0.004500780198881527,1.5790245493684117e-05,0.482208894628905,0.0010549508320750376,0.004500780198881527,1.660802609660866e-05,0.00021481301226383906,2.0822042878495234e-06,0.9535592349916361
22,0.6216227801846479,0.0,0.0,0.0,0.0,0.0,0.0,0.0,0.0,0.0,0.0,0.0
32,125.02222265221558,0.9039099836130161,0.0011379726418663115,0.009783564740222416,1.6936324133631555e-05,0.9136935483532386,0.001154908965999943,0.009783564740222416,3.559016121588084e-05,0.0004049232593890359,2.001782866175482e-06,1.7974624040888558
23,0.09067465908830985,0.0,0.0,0.0,0.0,0.0,0.0,0.0,0.0,0.0,0.0,0.0
total,216.29426622146812,1.3816180980430395,0.002177133228447665,0.014284344939103943,3.272656962731567e-05,1.3959024429821436,0.002209859798074981,0.014284344939103943,5.21981873124895e-05,0.000619736271652875,4.083987154025005e-06,2.751021639080492
