cell,flux,"Li6(n,t)","Li6(n,t)_stdev","Li7(n,t)","Li7(n,t)_stdev",tbr,tbr_stdev,"Th232(n,fis)","Th232(n,fis)_stdev","Th232(n,g)","Th232(n,g)_stdev",U233_kg/yr
11,2.0894560225239256,0.0,0.0,0.0,0.0,0.0,0.0,0.0,0.0,0.0,0.0,0.0
21,10.506482142684932,0.0,0.0,0.0,0.0,0.0,0.0,0.0,0.0,0.0,0.0,0.0
31,20.63821206250921,0.08335156317479829,5.639715637560018e-05,0.019414320152515298,6.293149418379145e-06,0.1027658833273136,6.269030579397933e-05,0.019414320152515298,4.459248481435832e-06,0.00011054304708475026,1.8695723182116135e-07,0.4783608582665482
22,28.44750138173307,0.0,0.0,0.0,0.0,0.0,0.0,0.0,0.0,0.0,0.0,0.0
32,164.1917796742799,0.9840983033575352,0.00028471336213076073,0.08764358637438302,2.7869688328477353e-05,1.0717418897319182,0.0003125830504592381,0.08764358637438302,1.9937730166030383e-05,0.0014392680111286228,9.355527026411273e-07,6.22824772100981
23,0.013003194044324337,0.0,0.0,0.0,0.0,0.0,0.0,0.0,0.0,0.0,0.0,0.0
total,225.88643447777537,1.0674498665323335,0.00034111051850636094,0.10705790652689831,3.41628377468565e-05,1.1745077730592317,0.00037527335625321743,0.10705790652689831,2.4396978647466215e-05,0.001549811058213373,1.1225099344622886e-06,6.706608579276358
