cell,flux,"Li6(n,t)","Li6(n,t)_stdev","Li7(n,t)","Li7(n,t)_stdev",tbr,tbr_stdev,"Th232(n,fis)","Th232(n,fis)_stdev","Th232(n,g)","Th232(n,g)_stdev",U233_kg/yr
11,2.0901340566279503,0.0,0.0,0.0,0.0,0.0,0.0,0.0,0.0,0.0,0.0,0.0
21,10.505632868230153,0.0,0.0,0.0,0.0,0.0,0.0,0.0,0.0,0.0,0.0,0.0
31,20.642232627979872,0.08339393005671072,0.00015770368539342016,0.019384821151404948,1.9603544928457482e-05,0.10277875120811567,0.00017730723032187765,0.019384821151404948,4.45163685995454e-06,0.00011145295255825144,8.342063591416767e-07,0.4822983575007764
22,28.460566917998545,0.0,0.0,0.0,0.0,0.0,0.0,0.0,0.0,0.0,0.0,0.0
32,164.08105944469852,0.9837057503729731,0.0010879249119643013,0.08764166466575439,0.0001252700436811237,1.0713474150387274,0.001213194955645425,0.08764166466575439,1.991979528020301e-05,0.0014422245034878443,3.7183174582448904e-06,6.241041562501546
23,0.012762091741942946,0.0,0.0,0.0,0.0,0.0,0.0,0.0,0.0,0.0,0.0,0.0
total,225.792388007277,1.067099680429684,0.0012456285973577214,0.10702648581715934,0.0001448735886095812,1.1741261662468432,0.0013905021859673026,0.10702648581715934,2.437143214015755e-05,0.0015536774560460957,4.5525238173865676e-06,6.7233399200023225
