cell,flux,"Li6(n,t)","Li6(n,t)_stdev","Li7(n,t)","Li7(n,t)_stdev",tbr,tbr_stdev,"U238(n,fis)","U238(n,fis)_stdev","U238(n,g)","U238(n,g)_stdev",Pu239_kg/yr
11,3.1291786745195496,0.0,0.0,0.0,0.0,0.0,0.0,0.0,0.0,0.0,0.0,0.0
21,10.5152501187541,0.0,0.0,0.0,0.0,0.0,0.0,0.0,0.0,0.0,0.0,0.0
31,20.65726340125762,0.07712116145624068,0.00016277361009578155,0.01859328150330841,2.4382107018363834e-05,0.09571444295954909,0.00018715571711414537,0.01859328150330841,0.0009973717992608053,0.0054643987791830675,3.5942570304862027e-05,24.25657489112999
22,28.487661445876558,0.0,0.0,0.0,0.0,0.0,0.0,0.0,0.0,0.0,0.0,0.0
32,165.91891790382834,0.9381077991444633,0.0008931532436051685,0.08339105172992879,0.00016462088485407015,1.021498850874392,0.0010577741284592387,0.08339105172992879,0.004528771078058621,0.06719614070011011,0.00014989098051201668,298.2850053873279
23,0.013523209619904119,0.0,0.0,0.0,0.0,0.0,0.0,0.0,0.0,0.0,0.0,0.0
total,228.72179475385607,1.015228960600704,0.00105592685370095,0.1019843332332372,0.00018900299187243398,1.1172132938339412,0.0012449298455733842,0.1019843332332372,0.005526142877319427,0.07266053947929318,0.0001858335508168787,322.5415802784579
