cell,flux,"Li6(n,t)","Li6(n,t)_stdev","Li7(n,t)","Li7(n,t)_stdev",tbr,tbr_stdev,"U238(n,fis)","U238(n,fis)_stdev","U238(n,g)","U238(n,g)_stdev",Pu239_kg/yr
11,1.9650959797409366,0.0,0.0,0.0,0.0,0.0,0.0,0.0,0.0,0.0,0.0,0.0
21,24.0061974368702,0.0,0.0,0.0,0.0,0.0,0.0,0.0,0.0,0.0,0.0,0.0
31,64.67861355102208,0.47644086132005714,0.001031319232311835,0.004482323057682574,1.5524947368764348e-05,0.48092318437773973,0.0010468441796805995,0.004482323057682574,0.00016594234779025615,0.0020270314925219324,1.1414642813230257e-05,8.998033121658086
22,0.6231276365739141,0.0,0.0,0.0,0.0,0.0,0.0,0.0,0.0,0.0,0.0,0.0
32,125.12230311370972,0.9004494158258899,0.0010953010267969194,0.009746177726004883,1.8158980338766896e-05,0.9101955935518947,0.0011134600071356863,0.009746177726004883,0.0003557609488513038,0.0038409869016640804,1.5263902795914804e-05,17.05021727019582
23,0.0919129993490428,0.0,0.0,0.0,0.0,0.0,0.0,0.0,0.0,0.0,0.0,0.0
total,216.48725071726588,1.376890277145947,0.0021266202591087545,0.014228500783687457,3.368392770753125e-05,1.3911187779296346,0.0021603041868162856,0.014228500783687457,0.0005217032966415599,0.005868018394186013,2.667854560914506e-05,26.048250391853905
