fertile_kgm3,void_cell,cellfrom,leakage,leakage_stdev
1,99,[23],0.0011200000000000003,0.00012086493839543911
1,total,,0.0011200000000000003,0.00012086493839543911
