fertile_kgm3,leakage,leakage_stdev
75.0,0.037617000000000005,0.00022480417404190645
