fertile_kgm3,void_cell,cellfrom,leakage,leakage_stdev
2000.0,99,[23],0.0008560000000000002,1.4289419162442868e-05
2000.0,total,,0.0008560000000000002,1.4289419162442868e-05
