cell,flux,tbr,tbr_stdev,"U238(n,g)","U238(n,g)_stdev","Th232(n,g)","Th232(n,g)_stdev","U235(n,inel)","U235(n,inel)_stdev","U238(n,inel)","U238(n,inel)_stdev","Th232(n,inel)","Th232(n,inel)_stdev","U235(n,el)","U235(n,el)_stdev","U238(n,el)","U238(n,el)_stdev","Th232(n,el)","Th232(n,el)_stdev","Li6(n,el)","Li6(n,el)_stdev","Li7(n,el)","Li7(n,el)_stdev","Be9(n,el)","Be9(n,el)_stdev","Pb(n,el)","Pb(n,el)_stdev",Pu239_kg/yr,Pu239_kg/yr_stdev,U233_kg/yr,U233_kg/yr_stdev,"Li6(n,t)","Li6(n,t)_stdev","Li7(n,t)","Li7(n,t)_stdev","Be9(n,2n)","Be9(n,2n)_stdev","Pb(n,2n)","Pb(n,2n)_stdev","tot(n,fis)","tot(n,fis)_stdev","tot(n,nufis)","tot(n,nufis)_stdev",heating [MW],heating_stdev,fisq [MW],fisq_stdev
31,21.461963030460616,0.12713565225159235,7.145817266666165e-05,0.0,0.0,0.009750345893289035,1.5396335618683398e-05,0.0,0.0,0.0,0.0,0.07005092255540893,3.109133883890052e-05,0.0,0.0,0.0,0.0,0.0,0.0,0.0,0.0,0.0,0.0,0.0,0.0,0.0,0.0,0.0,0.0,42.20173601833844,0.06663887605019524,0.10860668699796287,6.466638246208993e-05,0.018528965253629476,6.791790204571725e-06,0.018608108004328335,6.994601113133158e-06,0.0,0.0,0.000281244442956363,8.821380538157793e-08,0.0009791743789916189,2.8418590445452066e-07,98.28544367702776,0.031031729330732023,2.8601611652937398,0.0009088941334830353
32,158.8180119230945,0.9860833199687253,0.0003327466172998491,0.0,0.0,0.07992731148070595,4.074145695190571e-05,0.0,0.0,0.0,0.0,0.5768892823804646,0.0001440004642036283,0.0,0.0,0.0,0.0,0.0,0.0,0.0,0.0,0.0,0.0,0.0,0.0,0.0,0.0,0.0,0.0,345.94375796307696,0.1763383812332468,0.9070953356257544,0.00029319929588869105,0.07898798434297091,3.954732141115809e-05,0.0845148628681167,3.92585972298146e-05,0.0,0.0,0.0012023185803729545,5.412740915399286e-07,0.003957782712652867,1.839609651850537e-06,555.1796360496631,0.152983968658877,12.318051785552928,0.005527622462180612
total,180.27997495355513,1.1132189722203176,0.0004042047899665108,0.0,0.0,0.08967765737399498,5.613779257058911e-05,0.0,0.0,0.0,0.0,0.6469402049358735,0.00017509180304252884,0.0,0.0,0.0,0.0,0.0,0.0,0.0,0.0,0.0,0.0,0.0,0.0,0.0,0.0,0.0,0.0,388.14549398141537,0.24297725728344205,1.0157020226237172,0.000357865678350781,0.09751694959660039,4.633911161572981e-05,0.10312297087244504,4.625319834294776e-05,0.0,0.0,0.0014835630233293175,6.294878969215065e-07,0.004936957091644486,2.1237955563050575e-06,653.4650797266909,0.18401569798960904,15.178212950846667,0.006436516595663647
