cell,flux,"Li6(n,t)","Li6(n,t)_stdev","Li7(n,t)","Li7(n,t)_stdev",tbr,tbr_stdev,"U238(n,fis)","U238(n,fis)_stdev","U238(n,g)","U238(n,g)_stdev",Pu239_kg/yr
11,3.117804352326543,0.0,0.0,0.0,0.0,0.0,0.0,0.0,0.0,0.0,0.0,0.0
21,10.47578728885056,0.0,0.0,0.0,0.0,0.0,0.0,0.0,0.0,0.0,0.0,0.0
31,20.57632921362033,0.07805616049456784,0.00013166883431416044,0.018768731857681152,2.627183804686117e-05,0.096824892352249,0.00015794067236102162,0.018768731857681152,0.0005748491512923045,0.0034753667126904164,2.3593015261187285e-05,15.4272219775875
22,28.368647196387133,0.0,0.0,0.0,0.0,0.0,0.0,0.0,0.0,0.0,0.0,0.0
32,165.32507108419952,0.9553082881019815,0.0011288598638424323,0.08444942870924894,0.0001779429916518923,1.0397577168112304,0.0013068028554943246,0.08444942870924894,0.0026151762417632846,0.044111787488183084,0.0002056646829635462,195.8131022327565
23,0.013537811359429608,0.0,0.0,0.0,0.0,0.0,0.0,0.0,0.0,0.0,0.0,0.0
total,227.87717694674353,1.0333644485965494,0.0012605286981565928,0.10321816056693009,0.00020421482969875347,1.1365826091634794,0.0014647435278553461,0.10321816056693009,0.003190025393055589,0.0475871542008735,0.00022925769822473347,211.240324210344
