cell,flux,"Li6(n,t)","Li6(n,t)_stdev","Li7(n,t)","Li7(n,t)_stdev",tbr,tbr_stdev,"U238(n,fis)","U238(n,fis)_stdev","U238(n,g)","U238(n,g)_stdev",Pu239_kg/yr
11,3.1685119515357814,0.0,0.0,0.0,0.0,0.0,0.0,0.0,0.0,0.0,0.0,0.0
21,10.657644184935462,0.0,0.0,0.0,0.0,0.0,0.0,0.0,0.0,0.0,0.0,0.0
31,20.96013882455967,0.07618274185766735,0.00016348287827735195,0.019474681999873608,2.2798959273659192e-05,0.09565742385754096,0.00018628183755101113,0.019474681999873608,5.8828343170208545e-06,5.314159057216956e-05,6.485788764112661e-07,0.23589657776409756
22,28.900706291081462,0.0,0.0,0.0,0.0,0.0,0.0,0.0,0.0,0.0,0.0,0.0
32,171.4013806697206,0.9905421363926215,0.0006186733165041543,0.08599077718263634,9.4331162459021e-05,1.0765329135752577,0.0007130044789631753,0.08599077718263634,2.6315414530628944e-05,0.000843101094863092,4.8421688456526e-06,3.7425425329953104
23,0.015061032000406035,0.0,0.0,0.0,0.0,0.0,0.0,0.0,0.0,0.0,0.0,0.0
total,235.1034429538334,1.0667248782502887,0.0007821561947815062,0.10546545918250995,0.00011713012173268018,1.1721903374327987,0.0008992863165141864,0.10546545918250995,3.2198248847649795e-05,0.0008962426854352615,5.490747722063866e-06,3.9784391107594077
