fertile_kgm3,void_cell,cellfrom,leakage,leakage_stdev
250,99,[23],0.0008670000000000001,3.0472665346722222e-05
250,total,,0.0008670000000000001,3.0472665346722222e-05
