fertile_kgm3,void_cell,cellfrom,leakage,leakage_stdev
500,99,[23],0.000883,3.8936914789609854e-05
500,total,,0.000883,3.8936914789609854e-05
