fertile_kgm3,void_cell,cellfrom,leakage,leakage_stdev
750,99,[23],0.00068,9.073771725877463e-05
750,total,,0.00068,9.073771725877463e-05
