cell,flux,"Li6(n,t)","Li6(n,t)_stdev","Li7(n,t)","Li7(n,t)_stdev",tbr,tbr_stdev,"U238(n,fis)","U238(n,fis)_stdev","U238(n,g)","U238(n,g)_stdev",Pu239_kg/yr
11,2.091001355240083,0.0,0.0,0.0,0.0,0.0,0.0,0.0,0.0,0.0,0.0,0.0
21,10.512981356595155,0.0,0.0,0.0,0.0,0.0,0.0,0.0,0.0,0.0,0.0,0.0
31,20.648242361540316,0.08315462007590949,0.000157183099821532,0.01935898325948017,1.9498232434472763e-05,0.10251360333538966,0.00017668133225600478,0.01935898325948017,0.0,0.0,0.0,0.0
22,28.480190795383304,0.0,0.0,0.0,0.0,0.0,0.0,0.0,0.0,0.0,0.0,0.0
32,164.01863516891441,0.9786207820287652,0.0009974148780256221,0.08749055859774058,0.00012500856666287664,1.066111340626506,0.0011224234446884987,0.08749055859774058,0.0,0.0,0.0,0.0
23,0.01291871889847456,0.0,0.0,0.0,0.0,0.0,0.0,0.0,0.0,0.0,0.0,0.0
total,225.76396975657175,1.0617754021046748,0.0011545979778471542,0.10684954185722075,0.0001445067990973494,1.1686249439618956,0.0012991047769445035,0.10684954185722075,0.0,0.0,0.0,0.0
