cell,flux,"Li6(n,t)","Li6(n,t)_stdev","Li7(n,t)","Li7(n,t)_stdev",tbr,tbr_stdev,"Th232(n,fis)","Th232(n,fis)_stdev","Th232(n,g)","Th232(n,g)_stdev",U233_kg/yr
11,2.090575566532376,0.0,0.0,0.0,0.0,0.0,0.0,0.0,0.0,0.0,0.0,0.0
21,10.50770764349082,0.0,0.0,0.0,0.0,0.0,0.0,0.0,0.0,0.0,0.0,0.0
31,20.646824810962958,0.08325308132483303,0.00015017533899095283,0.019358678333853397,1.9340380638996364e-05,0.10261175965868642,0.00016951571962994918,0.019358678333853397,2.2227622918817394e-05,0.000549462762491927,4.147675387536222e-06,2.3777296318748435
22,28.475950689677507,0.0,0.0,0.0,0.0,0.0,0.0,0.0,0.0,0.0,0.0,0.0
32,164.04874192241385,0.9790642993519378,0.001192951060309438,0.08748887890271732,0.0001251969327309453,1.0665531782546551,0.0013181479930403834,0.08748887890271732,9.943205270048901e-05,0.0069809849736727075,1.553676001704118e-05,30.20931710876131
23,0.012818726297926932,0.0,0.0,0.0,0.0,0.0,0.0,0.0,0.0,0.0,0.0,0.0
total,225.78261935937545,1.062317380676771,0.001343126399300391,0.10684755723657072,0.00014453731336994165,1.1691649379133415,0.0014876637126703326,0.10684755723657072,0.00012165967561930641,0.0075304477361646345,1.96844354045774e-05,32.587046740636154
