cell,flux,"Li6(n,t)","Li6(n,t)_stdev","Li7(n,t)","Li7(n,t)_stdev",tbr,tbr_stdev,"Th232(n,fis)","Th232(n,fis)_stdev","Th232(n,g)","Th232(n,g)_stdev",U233_kg/yr
11,1.9339021046805303,0.0,0.0,0.0,0.0,0.0,0.0,0.0,0.0,0.0,0.0,0.0
21,23.57856255717144,0.0,0.0,0.0,0.0,0.0,0.0,0.0,0.0,0.0,0.0,0.0
31,60.96060576813435,0.4779714885564615,0.00021160998977703648,0.004952813673963549,3.8301904975886844e-06,0.48292430223042504,0.00021544018027462515,0.004952813673963549,9.242143511755058e-05,0.0030456062706438647,3.3087918914422515e-06,13.179470513873358
22,0.5363695276609065,0.0,0.0,0.0,0.0,0.0,0.0,0.0,0.0,0.0,0.0,0.0
32,117.35179036068341,0.8962655241240596,0.00037694112840599785,0.010777912226618355,4.520570390570322e-06,0.907043436350678,0.0003814616987965682,0.010777912226618355,0.00019861704986688872,0.005707295244492869,5.397706960775471e-06,24.697588166201633
23,0.0722226552608348,0.0,0.0,0.0,0.0,0.0,0.0,0.0,0.0,0.0,0.0,0.0
total,204.43345297359147,1.374237012680521,0.0005885511181830343,0.015730725900581905,8.350760888159006e-06,1.389967738581103,0.0005969018790711934,0.015730725900581905,0.0002910384849844393,0.008752901515136734,8.706498852217722e-06,37.877058680074995
