fertile_kgm3,leakage,leakage_stdev
0.1,0.010360000000000001,0.0003936686423884945
