fertile_kgm3,leakage,leakage_stdev
0.1,0.0010269000000000003,1.059410213278985e-05
