cell,flux,tbr,tbr_stdev,"U238(n,g)","U238(n,g)_stdev",Pu239_kg/yr,Pu239_kg/yr_stdev,"Li6(n,t)","Li6(n,t)_stdev","Li7(n,t)","Li7(n,t)_stdev","U238(n,fis)","U238(n,fis)_stdev"
11,23.41841238995619,0.0,0.0,0.0,0.0,0.0,0.0,0.0,0.0,0.0,0.0,0.0,0.0
41,118.2767796730192,0.0,0.0,0.0,0.0,0.0,0.0,0.0,0.0,0.0,0.0,0.0,0.0
21,113.12544735619099,0.0,0.0,0.0,0.0,0.0,0.0,0.0,0.0,0.0,0.0,0.0,0.0
31,214.5569514625617,1.3311797375138386,0.001574585721080345,0.00017503509192684817,7.808671122511792e-07,0.7769842552622337,0.003466284646080105,1.1417481769007183,0.0015067711588957352,0.1894315606131203,6.781456218460988e-05,9.335868222136698e-06,4.7803412634484406e-09
22,287.5176187333302,0.0,0.0,0.0,0.0,0.0,0.0,0.0,0.0,0.0,0.0,0.0,0.0
32,1601.2436005144205,10.61387298630964,0.009487943962884982,0.0014595426934182695,4.212034027313992e-06,6.47893905264994,0.01869730284267506,9.799185559468292,0.00869529176997573,0.8146874268413485,0.0007926521929092523,4.0984874512521114e-05,2.7249209127171414e-08
23,0.1252321294433572,0.0,0.0,0.0,0.0,0.0,0.0,0.0,0.0,0.0,0.0,0.0,0.0
total,2358.264042258922,11.94505272382348,0.011062529683965327,0.0016345777853451176,4.992901139565171e-06,7.255923307912173,0.022163587488755167,10.94093373636901,0.010202062928871465,1.004118987454469,0.0008604667550938622,5.0320742734657814e-05,3.2029550390619856e-08
