cell,flux,tbr,tbr_stdev,"U238(n,g)","U238(n,g)_stdev",Pu239_kg/yr,Pu239_kg/yr_stdev,"Li6(n,t)","Li6(n,t)_stdev","Li7(n,t)","Li7(n,t)_stdev","U238(n,fis)","U238(n,fis)_stdev",heat_eV_src,heat_eV_src_stdev
11,2.3448024826122738,0.0,0.0,0.0,0.0,0.0,0.0,0.0,0.0,0.0,0.0,0.0,0.0,852113.4031235384,445.600598092765
41,11.846934501048779,0.0,0.0,0.0,0.0,0.0,0.0,0.0,0.0,0.0,0.0,0.0,0.0,796671.0340004838,232.5264074608
21,11.322634256946825,0.0,0.0,0.0,0.0,0.0,0.0,0.0,0.0,0.0,0.0,0.0,0.0,1166861.2176696493,348.49350686138223
31,21.478142215381013,0.13320313597053574,8.347135308205719e-05,1.7431838254987978e-05,4.539604208322485e-08,0.07738027680794465,0.0002015139339294808,0.11425841726923566,7.714109012634322e-05,0.01894471870130006,6.330262955713966e-06,9.337746341563749e-07,2.429586899923536e-10,1661277.6714972907,429.7084166073812
22,28.79394334340348,0.0,0.0,0.0,0.0,0.0,0.0,0.0,0.0,0.0,0.0,0.0,0.0,2498113.0614969674,612.2506757976249
32,160.059549899371,1.0610079406926594,0.000436534756830601,0.00014630675901914695,1.443734726529594e-07,0.6494586139551495,0.0006408767173142825,0.9796497669507659,0.00039569792359601654,0.0813581737418935,4.083683323458447e-05,4.094239492096895e-06,1.573495330739598e-09,9564146.029821161,2667.0055975610317
23,0.012430152921251611,0.0,0.0,0.0,0.0,0.0,0.0,0.0,0.0,0.0,0.0,0.0,0.0,655.557578723083,10.92803107285502
total,235.85843685168462,1.194211076663195,0.0005200061099126581,0.00016373859727413493,1.8976951473618426e-07,0.7268388907630942,0.0008423906512437633,1.0939081842200016,0.00047283901372235975,0.10030289244319356,4.716709619029844e-05,5.028014126253269e-06,1.8164540207319516e-09,16539837.975187816,4746.51323345384
