cell,flux,"Li6(n,t)","Li6(n,t)_stdev","Li7(n,t)","Li7(n,t)_stdev",tbr,tbr_stdev,"Th232(n,fis)","Th232(n,fis)_stdev","Th232(n,g)","Th232(n,g)_stdev",U233_kg/yr,U233_kg/yr_stdev
11,2.166081857374933,0.0,0.0,0.0,0.0,0.0,0.0,0.0,0.0,0.0,0.0,0.0,0.0
21,10.890226317372633,0.0,0.0,0.0,0.0,0.0,0.0,0.0,0.0,0.0,0.0,0.0,0.0
31,21.389404855546612,0.06218519880326957,7.607394731948706e-05,0.01678376479010851,1.1690928751160732e-05,0.07896896359337809,8.776487607064778e-05,0.0019168488192540512,1.4293062373340822e-06,0.030651914668619756,6.351409095740489e-05,132.64222938555767,0.27484908244939443
22,29.571062580733745,0.0,0.0,0.0,0.0,0.0,0.0,0.0,0.0,0.0,0.0,0.0,0.0
32,169.58726994255466,0.7163213356308656,0.0006316561868538084,0.0724154212523362,6.614672062702589e-05,0.7887367568832019,0.0006978029074808344,0.008203309388485649,6.718810918527215e-06,0.3161346638712594,0.00025723697927051867,1368.032211210184,1.1131600351797701
23,0.011021654153786463,0.0,0.0,0.0,0.0,0.0,0.0,0.0,0.0,0.0,0.0,0.0,0.0
total,233.61506720773636,0.7785065344341352,0.0007077301341732955,0.08919918604244471,7.783764937818662e-05,0.86770572047658,0.0007855677835514822,0.0101201582077397,8.148117155861297e-06,0.34678657853987915,0.00032075107022792355,1500.6744405957415,1.3880091176291645
