fertile_kgm3,void_cell,cellfrom,leakage,leakage_stdev
100,99,[23],0.03593882966185971,2.0877742202167987e-05
100,total,,0.03593882966185971,2.0877742202167987e-05
