cell,flux,"Li6(n,t)","Li6(n,t)_stdev","Li7(n,t)","Li7(n,t)_stdev",tbr,tbr_stdev,"U238(n,fis)","U238(n,fis)_stdev","U238(n,g)","U238(n,g)_stdev",Pu239_kg/yr
11,2.0905332373587617,0.0,0.0,0.0,0.0,0.0,0.0,0.0,0.0,0.0,0.0,0.0
21,10.506719282098281,0.0,0.0,0.0,0.0,0.0,0.0,0.0,0.0,0.0,0.0,0.0
31,20.645610131376053,0.08352097367585257,0.00011369493209194027,0.019405448659175577,2.0958753145750824e-05,0.10292642233502815,0.0001346536852376911,0.019405448659175577,4.950873740424896e-06,4.000108008647228e-05,4.6495959867902e-07,0.17756559029695532
22,28.475248558521912,0.0,0.0,0.0,0.0,0.0,0.0,0.0,0.0,0.0,0.0,0.0
32,164.1857703571745,0.9842494039877675,0.0012795847193237172,0.08774916545563008,0.00012919772860335674,1.0719985694433976,0.0014087824479270738,0.08774916545563008,2.2561662161089536e-05,0.0005617957982385561,2.1753443270497896e-06,2.4938227249097245
23,0.012836750469461627,0.0,0.0,0.0,0.0,0.0,0.0,0.0,0.0,0.0,0.0,0.0
total,225.91671831699898,1.06777037766362,0.0013932796514156574,0.10715461411480566,0.00015015648174910757,1.1749249917784257,0.0015434361331647648,0.10715461411480566,2.7512535901514432e-05,0.0006017968783250284,2.6403039257288097e-06,2.6713883152066797
