fertile_kgm3,void_cell,cellfrom,leakage,leakage_stdev
1.0,99,"[22, 23]",0.050251544717017864,2.7087192197276777e-05
1.0,98,[23],0.0075444023346486165,1.012490595619551e-05
1.0,total,,0.05779594705166648,2.8917636517426787e-05
