cell,flux,tbr,tbr_stdev,"Th232(n,g)","Th232(n,g)_stdev",U233_kg/yr,U233_kg/yr_stdev,"Li6(n,t)","Li6(n,t)_stdev","Li7(n,t)","Li7(n,t)_stdev","Be9(n,2n)","Be9(n,2n)_stdev","tot(n,fis)","tot(n,fis)_stdev",heating [MW],heating_stdev,fisq [MW],fisq_stdev
11,1.9431522265105192,0.0,0.0,0.0,0.0,0.0,0.0,0.0,0.0,0.0,0.0,0.0,0.0,0.0,0.0,27.50189059802206,0.006233258943745292,0.0,0.0
21,23.710759851367417,0.0,0.0,0.0,0.0,0.0,0.0,0.0,0.0,0.0,0.0,0.0,0.0,0.0,0.0,181.3244877515685,0.012856670730479854,0.0,0.0
31,61.432263842207746,0.48749372841494515,0.00010190973955080967,0.00011253269491371011,5.8139607690010867e-08,0.48706734470305335,0.000251641572801264,0.4826492796527819,0.0001001300753210583,0.004844448762163249,1.7796642297513737e-06,0.16564972773031778,5.329689839269678e-05,0.0,0.0,271.02480828603285,0.04941339760914955,0.032277241462438475,9.902686813804186e-06
22,0.5407880620052498,0.0,0.0,0.0,0.0,0.0,0.0,0.0,0.0,0.0,0.0,0.0,0.0,0.0,0.0,2.7144558818950304,0.0029587536518147282,0.0,0.0
32,118.38919765178393,0.9167090426775346,0.00014553100354230663,0.0002110706388891421,6.148661879761668e-08,0.9135621937015074,0.0002661282054560959,0.9061644012940662,0.00014377955009567238,0.010544641383468424,1.7514534466342373e-06,0.358744401581451,6.318672843928578e-05,3.15582242892632e-06,9.73178788415906e-10,541.718557369647,0.06972485330063131,0.06938452166018788,1.087304323254744e-05
23,0.07336170849215083,0.0,0.0,0.0,0.0,0.0,0.0,0.0,0.0,0.0,0.0,0.0,0.0,6.786770928532314e-06,1.0644301730551851e-09,0.3731531649316973,0.0007844562537279566,0.0,0.0
total,206.089523342367,1.4042027710924798,0.0002474407430931163,0.0003236033338028522,1.1962622648762754e-07,1.4006295384045608,0.0005177697782573599,1.388813680946848,0.00024390962541673066,0.015389090145631673,3.531117676385611e-06,0.5243941293117688,0.00011648362683198256,9.942593357458633e-06,2.037608961471091e-09,1024.657353052097,0.14197139048954868,0.10166176312262636,2.077573004635163e-05
