cell,flux,tbr,tbr_stdev,"U238(n,g)","U238(n,g)_stdev","Th232(n,g)","Th232(n,g)_stdev",Pu239_kg/yr,Pu239_kg/yr_stdev,U233_kg/yr,U233_kg/yr_stdev,"Li6(n,t)","Li6(n,t)_stdev","Li7(n,t)","Li7(n,t)_stdev","Be9(n,2n)","Be9(n,2n)_stdev","Pb(n,2n)","Pb(n,2n)_stdev","tot(n,fis)","tot(n,fis)_stdev",heating [MW],heating_stdev,fisq [MW],fisq_stdev
11,1.9430913649912087,0.0,0.0,0.0,0.0,0.0,0.0,0.0,0.0,0.0,0.0,0.0,0.0,0.0,0.0,0.0,0.0,0.0,0.0,0.0,0.0,27.50555027322572,0.004923590330288106,0.0,0.0
21,23.70929364486728,0.0,0.0,0.0,0.0,0.0,0.0,0.0,0.0,0.0,0.0,0.0,0.0,0.0,0.0,0.0,0.0,0.0,0.0,0.0,0.0,181.32083785531043,0.012441218838764794,0.0,0.0
31,61.43377111920267,0.4875549288874528,8.683355665668288e-05,0.0,0.0,0.00011255101827249636,4.421949836160934e-08,0.0,0.0,0.48714665240751115,0.00019139214312431852,0.48271057689311064,8.5035680969658e-05,0.004844351994342121,1.7978756870248875e-06,0.1656481544085526,5.313185940665524e-05,0.0,0.0,0.0,0.0,271.03972379022116,0.047302063412424676,0.03227664647246028,9.915010864476749e-06
22,0.5407173320730285,0.0,0.0,0.0,0.0,0.0,0.0,0.0,0.0,0.0,0.0,0.0,0.0,0.0,0.0,0.0,0.0,0.0,0.0,0.0,0.0,2.7138185590096113,0.002949369948557282,0.0,0.0
32,118.38826147596869,0.9166622748759018,0.00016675651441903176,0.0,0.0,0.00021102164506218508,7.143722760249169e-08,0.0,0.0,0.913350137167883,0.00030919672534256685,0.9061175912422966,0.00016500800927905738,0.010544683633605214,1.748505139974363e-06,0.3587426457135285,6.225027840081314e-05,0.0,0.0,3.1557659421420295e-06,9.751554499602204e-10,541.706453540389,0.07782120429721327,0.06938494849609979,1.094679323005113e-05
23,0.07333570148075073,0.0,0.0,0.0,0.0,0.0,0.0,0.0,0.0,0.0,0.0,0.0,0.0,0.0,0.0,0.0,0.0,0.0,0.0,6.786815315464511e-06,1.0716004036207418e-09,0.3729971194170907,0.0008235509059275682,0.0,0.0
total,206.0884706385836,1.4042172037633547,0.00025359007107571464,0.0,0.0,0.00032357266333468145,1.1565672596410102e-07,0.0,0.0,1.4004967895753941,0.0005005888684668854,1.3888281681354073,0.00025004369024871537,0.015389035627947335,3.5463808269992504e-06,0.5243908001220811,0.00011538213780746837,0.0,0.0,9.942581257606541e-06,2.0467558535809625e-09,1024.6593811375728,0.1462609977331757,0.10166159496856006,2.086180409452788e-05
