cell,flux,tbr,tbr_stdev,"Th232(n,g)","Th232(n,g)_stdev",U233_kg/yr,U233_kg/yr_stdev,"Li6(n,t)","Li6(n,t)_stdev","Li7(n,t)","Li7(n,t)_stdev","Be9(n,2n)","Be9(n,2n)_stdev","tot(n,fis)","tot(n,fis)_stdev",heating [MW],heating_stdev,fisq [MW],fisq_stdev
11,1.9430913649912034,0.0,0.0,0.0,0.0,0.0,0.0,0.0,0.0,0.0,0.0,0.0,0.0,0.0,0.0,27.50555027322579,0.004923590329871236,0.0,0.0
21,23.709293644867845,0.0,0.0,0.0,0.0,0.0,0.0,0.0,0.0,0.0,0.0,0.0,0.0,0.0,0.0,181.32083785531015,0.012441218849323253,0.0,0.0
31,61.43377111920283,0.4875549288874629,8.683355666348287e-05,0.000112551018272495,4.421949836706532e-08,0.48714665240750527,0.00019139214314793329,0.4827105768931208,8.503568097645799e-05,0.004844351994342092,1.7978756870248875e-06,0.16564815440855354,5.313185940257406e-05,0.0,0.0,271.0397237902221,0.04730206339576238,0.03227664647245944,9.915010863687068e-06
22,0.540717332073026,0.0,0.0,0.0,0.0,0.0,0.0,0.0,0.0,0.0,0.0,0.0,0.0,0.0,0.0,2.7138185590096082,0.0029493699485464084,0.0,0.0
32,118.38826147596914,0.9166622748758991,0.0001667565144749394,0.00021102164506219223,7.143722761021111e-08,0.913350137167914,0.0003091967253759783,0.906117591242294,0.00016500800933512652,0.010544683633605213,1.7485051398128854e-06,0.3587426457135337,6.225027840081314e-05,3.1557659421420854e-06,9.751554500292516e-10,541.7064535403889,0.07782120431071707,0.06938494849609829,1.0946793234342618e-05
23,0.07333570148075083,0.0,0.0,0.0,0.0,0.0,0.0,0.0,0.0,0.0,0.0,0.0,0.0,6.7868153154643305e-06,1.071600403872015e-09,0.3729971194170909,0.0008235509059269597,0.0,0.0
total,206.0884706385848,1.404217203763362,0.0002535900711384223,0.00032357266333468725,1.1565672597727644e-07,1.4004967895754192,0.0005005888685239116,1.3888281681354147,0.0002500436903115845,0.015389035627947304,3.546380826837773e-06,0.5243908001220873,0.00011538213780338719,9.942581257606416e-06,2.0467558539012667e-09,1024.6593811375737,0.1462609977401473,0.10166159496855773,2.0861804098029686e-05
