fertile_kgm3,void_cell,cellfrom,leakage,leakage_stdev
150,99,[23],0.0009340999999999999,4.166408325325841e-06
150,total,,0.0009340999999999999,4.166408325325841e-06
