cell,flux,tbr,tbr_stdev,"U238(n,g)","U238(n,g)_stdev","Th232(n,g)","Th232(n,g)_stdev",Pu239_kg/yr,Pu239_kg/yr_stdev,U233_kg/yr,U233_kg/yr_stdev,"Li6(n,t)","Li6(n,t)_stdev","Li7(n,t)","Li7(n,t)_stdev","Be9(n,2n)","Be9(n,2n)_stdev","Pb(n,2n)","Pb(n,2n)_stdev","tot(n,fis)","tot(n,fis)_stdev",heating [MW],heating_stdev,fisq [MW],fisq_stdev
11,2.348536557127593,0.0,0.0,0.0,0.0,0.0,0.0,0.0,0.0,0.0,0.0,0.0,0.0,0.0,0.0,0.0,0.0,0.0,0.0,0.0,0.0,47.689182420872456,0.009669193572269023,0.0,0.0
41,11.859280218977831,0.0,0.0,0.0,0.0,0.0,0.0,0.0,0.0,0.0,0.0,0.0,0.0,0.0,0.0,0.12036434950865671,1.4568926365245897e-05,0.0,0.0,0.0,0.0,45.25212631451998,0.0042308515852974024,0.0,0.0
21,11.33020025100855,0.0,0.0,0.0,0.0,0.0,0.0,0.0,0.0,0.0,0.0,0.0,0.0,0.0,0.0,0.0,0.0,0.0,0.0,0.0,0.0,66.05484763134176,0.006482683534894214,0.0,0.0
31,21.471971250721253,0.12490584186875799,2.482259992251054e-05,0.0,0.0,0.013641440805654931,6.419200640505226e-06,0.0,0.0,59.04328831926638,0.027783774426485372,0.10656776137111405,2.2463196040062342e-05,0.01833808049764393,2.3594038824481996e-06,0.018415463772801562,2.3278023880362735e-06,0.0,0.0,0.0,0.0,100.25345826720752,0.009676145151575152,4.290397897413197,0.00041158027746739394
22,28.776056743692546,0.0,0.0,0.0,0.0,0.0,0.0,0.0,0.0,0.0,0.0,0.0,0.0,0.0,0.0,0.0,0.0,0.0,0.0,0.0004218796739907638,4.0133062683521885e-08,140.9558301253665,0.013683329082966603,0.0,0.0
32,158.42110631655422,0.9591278431060117,0.0001349059765823097,0.0,0.0,0.10893870422861802,1.8874240807747504e-05,0.0,0.0,471.51172772242734,0.08169204834705848,0.8813139449092791,0.00011961268773656243,0.07781389819673264,1.5293288845747255e-05,0.08324683853350487,1.3538342958045824e-05,0.0,0.0,0.0017953735423581493,2.7738345559972214e-07,561.1182987849077,0.061791072262844075,18.393347555755753,0.002813163388781125
23,0.011298687510975056,0.0,0.0,0.0,0.0,0.0,0.0,0.0,0.0,0.0,0.0,0.0,0.0,0.0,0.0,0.0,0.0,0.0,0.0,0.0,0.0,0.03431281421275244,0.0002599202776746988,0.0,0.0
total,234.21845002559297,1.0840336849747698,0.00015972857650482024,0.0,0.0,0.12258014503427296,2.529344144825273e-05,0.0,0.0,530.5550160416938,0.10947582277354385,0.9878817062803931,0.00014207588377662477,0.09615197869437657,1.7652692728195454e-05,0.22202665181496314,3.0435071711327996e-05,0.0,0.0,0.0022172532163489134,3.1751651828324403e-07,961.3580563584286,0.10579319546752118,22.68374545316895,0.003224743666248519
