fertile_kgm3,void_cell,cellfrom,leakage,leakage_stdev
150.0,99,[23],0.0009372599999999999,4.450455969149862e-06
150.0,total,,0.0009372599999999999,4.450455969149862e-06
