fertile_kgm3,void_cell,cellfrom,leakage,leakage_stdev
75,99,[23],0.00096957,4.7229607592407395e-06
75,total,,0.00096957,4.7229607592407395e-06
