cell,flux,tbr,tbr_stdev,"Th232(n,g)","Th232(n,g)_stdev",U233_kg/yr,U233_kg/yr_stdev,"Li6(n,t)","Li6(n,t)_stdev","Li7(n,t)","Li7(n,t)_stdev","Be9(n,2n)","Be9(n,2n)_stdev","tot(n,fis)","tot(n,fis)_stdev",heating [MW],heating_stdev,fisq [MW],fisq_stdev
11,2.34532846361587,0.0,0.0,0.0,0.0,0.0,0.0,0.0,0.0,0.0,0.0,0.0,0.0,0.0,0.0,47.970912012039484,0.009775899460623108,0.0,0.0
41,11.846312217257879,0.0,0.0,0.0,0.0,0.0,0.0,0.0,0.0,0.0,0.0,0.12043142425418779,1.5643349549023233e-05,0.0,0.0,45.25018459432635,0.0042934989707043136,0.0,0.0
21,11.32085549830607,0.0,0.0,0.0,0.0,0.0,0.0,0.0,0.0,0.0,0.0,0.0,0.0,0.0,0.0,66.14871989061528,0.006219276136433368,0.0,0.0
31,21.46386588375447,0.12852973476757273,2.6182302411366196e-05,0.0076659952785264555,3.8145650269259246e-06,33.180187923884155,0.016510313383027168,0.10988351401460386,2.4016966682030144e-05,0.018646220752968873,2.1653357293360516e-06,0.018725992951791257,2.025275264342068e-06,0.0,0.0,97.3972123702716,0.009148989873363742,2.1475252186944633,0.0001942594233359763
22,28.76254388413073,0.0,0.0,0.0,0.0,0.0,0.0,0.0,0.0,0.0,0.0,0.0,0.0,0.00021116578559980694,1.8923333010073098e-08,141.35598796389692,0.013109010171399135,0.0,0.0
32,159.03993741600001,1.0011721179805906,0.0001171140044877586,0.06355300373698763,1.2553802688906455e-05,275.07199398195985,0.054335740793378697,0.9215765942526198,0.00010080150984389715,0.07959552372797082,1.631249464386145e-05,0.08516286852382442,1.4165760439154548e-05,0.0009038883429324785,1.400989556368315e-07,552.2231274220316,0.05707991083877267,9.260608832738564,0.0014174294308336587
23,0.01172610051585627,0.0,0.0,0.0,0.0,0.0,0.0,0.0,0.0,0.0,0.0,0.0,0.0,0.0,0.0,0.03553150218905255,0.00023174632062636686,0.0,0.0
total,234.79056946358088,1.1297018527481633,0.0001432963068991248,0.0712189990155141,1.636836771583238e-05,308.252181905844,0.07084605417640587,1.0314601082672237,0.0001248184765259273,0.0982417444809397,1.8477830373197502e-05,0.22432028572980345,3.183438525251985e-05,0.0011150541285322854,1.590222886469046e-07,950.3816757553703,0.09985833177192269,11.408134051433027,0.001611688854169635
