cell,flux,tbr,tbr_stdev,"Th232(n,g)","Th232(n,g)_stdev",U233_kg/yr,U233_kg/yr_stdev,"Li6(n,t)","Li6(n,t)_stdev","Li7(n,t)","Li7(n,t)_stdev","Be9(n,2n)","Be9(n,2n)_stdev","Th232(n,fis)","Th232(n,fis)_stdev",heating [MW],heating_stdev,fisq [MW],fisq_stdev
11,2.3453843910734764,0.0,0.0,0.0,0.0,0.0,0.0,0.0,0.0,0.0,0.0,0.0,0.0,0.0,0.0,47.97412907963296,0.009824968390923033,0.0,0.0
41,11.845895544349576,0.0,0.0,0.0,0.0,0.0,0.0,0.0,0.0,0.0,0.0,0.12043321466100937,1.427613522117975e-05,0.0,0.0,45.249213935120345,0.004198011453635623,0.0,0.0
21,11.320964538939156,0.0,0.0,0.0,0.0,0.0,0.0,0.0,0.0,0.0,0.0,0.0,0.0,0.0,0.0,66.14916687674437,0.0069929986976888904,0.0,0.0
31,21.464257793267347,0.12854969542643893,3.0249163189604043e-05,0.007665994164041275,3.2721609628994036e-06,33.180183100136375,0.014162664040548334,0.10990399249930599,2.8185066320633767e-05,0.018645702927132947,2.0640968689702766e-06,0.018725652592261437,2.0051959172301564e-06,0.00021115988083262596,1.8468816669779387e-08,97.4004820922055,0.009731668258233933,2.147464830698237,0.00018953684690844
22,28.76513530406628,0.0,0.0,0.0,0.0,0.0,0.0,0.0,0.0,0.0,0.0,0.0,0.0,0.0,0.0,141.36563004925654,0.012177271532348643,0.0,0.0
32,159.04490276609323,1.0013049086169927,9.615935870050961e-05,0.06357052246936001,1.289090422427852e-05,275.1478190785304,0.05579479364779488,0.9217096990642191,7.983456010862508e-05,0.07959520955277374,1.6324798591884534e-05,0.08516296706046067,1.4160099332761089e-05,0.0009038805054302565,1.3960570980518927e-07,552.2613042148495,0.05669478339999597,9.260527973656904,0.0014129667041542337
23,0.011756359882120664,0.0,0.0,0.0,0.0,0.0,0.0,0.0,0.0,0.0,0.0,0.0,0.0,0.0,0.0,0.03578172305162735,0.000244735293259419,0.0,0.0
total,234.7982966976712,1.1298546040434316,0.00012640852189011364,0.07123651663340129,1.6163065187177922e-05,308.3280021786668,0.06995745768834322,1.031613691563525,0.00010801962642925886,0.09824091247990668,1.838889546085481e-05,0.22432183431373148,3.0441430471170996e-05,0.0011150403862628824,1.5807452647496866e-07,950.4357079708608,0.09986443702608551,11.40799280435514,0.0016025035510626737
