cell,flux,tbr,tbr_stdev,"U238(n,g)","U238(n,g)_stdev","Th232(n,g)","Th232(n,g)_stdev",Pu239_kg/yr,Pu239_kg/yr_stdev,U233_kg/yr,U233_kg/yr_stdev,"Li6(n,t)","Li6(n,t)_stdev","Li7(n,t)","Li7(n,t)_stdev","Be9(n,2n)","Be9(n,2n)_stdev","Pb(n,2n)","Pb(n,2n)_stdev","tot(n,fis)","tot(n,fis)_stdev",heating [MW],heating_stdev,fisq [MW],fisq_stdev
11,2.3453284636158553,0.0,0.0,0.0,0.0,0.0,0.0,0.0,0.0,0.0,0.0,0.0,0.0,0.0,0.0,0.0,0.0,0.0,0.0,0.0,0.0,47.97091201203927,0.009775899463142572,0.0,0.0
41,11.846312217257605,0.0,0.0,0.0,0.0,0.0,0.0,0.0,0.0,0.0,0.0,0.0,0.0,0.0,0.0,0.12043142425418754,1.5643349549023233e-05,0.0,0.0,0.0,0.0,45.250184594326356,0.004293498966879923,0.0,0.0
21,11.320855498305951,0.0,0.0,0.0,0.0,0.0,0.0,0.0,0.0,0.0,0.0,0.0,0.0,0.0,0.0,0.0,0.0,0.0,0.0,0.0,0.0,66.14871989061366,0.006219276128512827,0.0,0.0
31,21.46386588375402,0.12852973476757334,2.618230240737345e-05,0.0,0.0,0.00766599527852637,3.8145650271109683e-06,0.0,0.0,33.180187923883786,0.01651031338382808,0.10988351401460437,2.4016966677515828e-05,0.01864622075296896,2.165335729857623e-06,0.018725992951791157,2.025275264342068e-06,0.0,0.0,0.0,0.0,97.39721237027102,0.009148989862595333,2.1475252186945175,0.00019425942350106658
22,28.76254388413062,0.0,0.0,0.0,0.0,0.0,0.0,0.0,0.0,0.0,0.0,0.0,0.0,0.0,0.0,0.0,0.0,0.0,0.0,0.00021116578559980177,1.892333303921457e-08,141.3559879638981,0.01310901018643003,0.0,0.0
32,159.03993741599777,1.0011721179805932,0.00011711400465059422,0.0,0.0,0.06355300373698856,1.2553802680270012e-05,0.0,0.0,275.0719939819639,0.05433574075599819,0.921576594252623,0.00010080151000451728,0.07959552372797041,1.6312494646076936e-05,0.08516286852382533,1.4165760439154548e-05,0.0,0.0,0.0009038883429324407,1.400989556210868e-07,552.2231274220202,0.057079910728308494,9.260608832738667,0.0014174294311956699
23,0.011726100515856258,0.0,0.0,0.0,0.0,0.0,0.0,0.0,0.0,0.0,0.0,0.0,0.0,0.0,0.0,0.0,0.0,0.0,0.0,0.0,0.0,0.03553150218905257,0.00023174632062631623,0.0,0.0
total,234.79056946357767,1.1297018527481666,0.00014329630705796765,0.0,0.0,0.07121899901551493,1.636836770738098e-05,0.0,0.0,308.2521819058477,0.07084605413982627,1.0314601082672272,0.0001248184766820331,0.09824174448093936,1.8477830375934557e-05,0.224320285729804,3.183438525251985e-05,0.0,0.0,0.0011150541285322424,1.5902228866030135e-07,950.3816757553577,0.0998583316564955,11.408134051433183,0.0016116888546967366
