cell,flux,"Li6(n,t)","Li6(n,t)_stdev","Li7(n,t)","Li7(n,t)_stdev",tbr,tbr_stdev,"U238(n,fis)","U238(n,fis)_stdev","U238(n,g)","U238(n,g)_stdev",Pu239_kg/yr
11,2.051756569871339,0.0,0.0,0.0,0.0,0.0,0.0,0.0,0.0,0.0,0.0,0.0
21,25.132382966554054,0.0,0.0,0.0,0.0,0.0,0.0,0.0,0.0,0.0,0.0,0.0
31,69.53846367529285,0.41872122366104036,0.0006138542342956453,0.003617612164894284,1.5261268044777565e-05,0.4223388358259346,0.0006291155023404229,0.003617612164894284,0.008137557035953012,0.0557821448678289,0.00015232829668808095,247.61805081448347
22,0.6544392015896949,0.0,0.0,0.0,0.0,0.0,0.0,0.0,0.0,0.0,0.0,0.0
32,133.71275546338052,0.7890872081226671,0.0009863949053975658,0.007830192000215615,1.4445374726522334e-05,0.7969174001228827,0.001000840280124088,0.007830192000215615,0.017350779649806972,0.10507548344809639,0.0002297289617004849,466.432161428285
23,0.09471350949466666,0.0,0.0,0.0,0.0,0.0,0.0,0.0,0.0,0.0,0.0,0.0
total,231.18451138618312,1.2078084317837074,0.0016002491396932112,0.0114478041651099,2.97066427712999e-05,1.2192562359488173,0.001629955782464511,0.0114478041651099,0.025488336685759984,0.1608576283159253,0.00038205725838856585,714.0502122427685
