fertile_kgm3,leakage,leakage_stdev
0.5,0.0010246000000000003,1.0543244282476943e-05
