cell,flux,tbr,tbr_stdev,"Th232(n,g)","Th232(n,g)_stdev",U233_kg/yr,U233_kg/yr_stdev,"Li6(n,t)","Li6(n,t)_stdev","Li7(n,t)","Li7(n,t)_stdev","Th232(n,fis)","Th232(n,fis)_stdev"
11,2.3423584234807646,0.0,0.0,0.0,0.0,0.0,0.0,0.0,0.0,0.0,0.0,0.0,0.0
41,11.838115780130767,0.0,0.0,0.0,0.0,0.0,0.0,0.0,0.0,0.0,0.0,0.0,0.0
21,11.319683976804654,0.0,0.0,0.0,0.0,0.0,0.0,0.0,0.0,0.0,0.0,0.0,0.0
31,21.47985272107829,0.1331198550985011,7.519456759349419e-05,6.141853766771474e-05,1.0328647038031313e-07,0.2657808443590247,0.00044695895328965486,0.11417768456012124,6.828823574381869e-05,0.018942170538379877,6.906331849675493e-06,1.408477852383859e-06,4.3046053582266047e-10
22,28.776375166461193,0.0,0.0,0.0,0.0,0.0,0.0,0.0,0.0,0.0,0.0,0.0,0.0
32,160.06446916345624,1.060792639439208,0.0003666583088767387,0.0005650090609553689,5.853659168482815e-07,2.4450042445435036,0.002533095927497352,0.9794136553204913,0.0003223260066359992,0.08137898411871673,4.433230224073949e-05,6.066895235928792e-06,2.9383618011734574e-09
23,0.01240376688921812,0.0,0.0,0.0,0.0,0.0,0.0,0.0,0.0,0.0,0.0,0.0,0.0
total,235.83325899830112,1.193912494537709,0.0004418528764702329,0.0006264275986230837,6.886523872285947e-07,2.7107850889025285,0.002980054880787007,1.0935913398806125,0.0003906142423798179,0.10032115465709661,5.123863409041498e-05,7.475373088312651e-06,3.3688223369961176e-09
