cell,flux,"Li6(n,t)","Li6(n,t)_stdev","Li7(n,t)","Li7(n,t)_stdev",tbr,tbr_stdev,"U238(n,fis)","U238(n,fis)_stdev","U238(n,g)","U238(n,g)_stdev",Pu239_kg/yr
11,2.0907827073376715,0.0,0.0,0.0,0.0,0.0,0.0,0.0,0.0,0.0,0.0,0.0
21,10.512226349418556,0.0,0.0,0.0,0.0,0.0,0.0,0.0,0.0,0.0,0.0,0.0
31,20.6519856138641,0.08340484700156059,0.00012656496254708497,0.019385857625918733,1.9456227703964094e-05,0.10279070462747933,0.00014602119025104905,0.019385857625918733,1.4838398040048942e-05,0.00011873843525017177,1.3456062350162952e-06,0.5270822762924289
22,28.471154394111398,0.0,0.0,0.0,0.0,0.0,0.0,0.0,0.0,0.0,0.0,0.0
32,164.10493729282368,0.9838430744920412,0.0011456916770606097,0.08764140044022213,0.00013113649482783497,1.0714844749322634,0.0012768281718884447,0.08764140044022213,6.760429296694271e-05,0.001665762542022312,6.843893827801075e-06,7.394353063200845
23,0.012938705606155145,0.0,0.0,0.0,0.0,0.0,0.0,0.0,0.0,0.0,0.0,0.0
total,225.84402506316158,1.067247921493602,0.0012722566396076948,0.10702725806614086,0.00015059272253179905,1.1742751795597428,0.0014228493621394936,0.10702725806614086,8.244269100699165e-05,0.0017845009772724837,8.18950006281737e-06,7.921435339493274
