cell,flux,"Li6(n,t)","Li6(n,t)_stdev","Li7(n,t)","Li7(n,t)_stdev",tbr,tbr_stdev,"U238(n,fis)","U238(n,fis)_stdev","U238(n,g)","U238(n,g)_stdev",Pu239_kg/yr
11,2.0906802918002243,0.0,0.0,0.0,0.0,0.0,0.0,0.0,0.0,0.0,0.0,0.0
21,10.506924370960931,0.0,0.0,0.0,0.0,0.0,0.0,0.0,0.0,0.0,0.0,0.0
31,20.647139824479325,0.08346909321555829,0.0001175716958956737,0.019401291373011127,2.064479691895699e-05,0.10287038458856941,0.0001382164928146307,0.019401291373011127,1.4850095088423851e-05,0.00011907026871094587,1.5209274981866438e-06,0.5285552916263961
22,28.478099747298433,0.0,0.0,0.0,0.0,0.0,0.0,0.0,0.0,0.0,0.0,0.0
32,164.1851685136465,0.9833006746880212,0.0014266092141096516,0.08771888049159784,0.00013006361972749887,1.071019555179619,0.0015566728338371504,0.08771888049159784,6.766517090233963e-05,0.001661769568989072,6.190133852134411e-06,7.376628176468929
23,0.012851946046462758,0.0,0.0,0.0,0.0,0.0,0.0,0.0,0.0,0.0,0.0,0.0
total,225.92086469423185,1.0667697679035795,0.0015441809100053252,0.10712017186460897,0.00015070841664645586,1.1738899397681886,0.0016948893266517811,0.10712017186460897,8.251526599076348e-05,0.0017808398377000178,7.711061350321055e-06,7.905183468095325
