fertile_kgm3,leakage,leakage_stdev
250,0.0009752000000000003,9.135462039035173e-06
