fertile_kgm3,void_cell,cellfrom,leakage,leakage_stdev
1,99,[23],0.0010320000000000004,3.235609164696246e-05
1,total,,0.0010320000000000004,3.235609164696246e-05
