fertile_kgm3,leakage,leakage_stdev
0.0,0.0010269,1.0371515479106502e-05
