cell,flux,"Li6(n,t)","Li6(n,t)_stdev","Li7(n,t)","Li7(n,t)_stdev",tbr,tbr_stdev,"U238(n,fis)","U238(n,fis)_stdev","U238(n,g)","U238(n,g)_stdev",Pu239_kg/yr
11,3.1069862139759996,0.0,0.0,0.0,0.0,0.0,0.0,0.0,0.0,0.0,0.0,0.0
21,10.444954242150498,0.0,0.0,0.0,0.0,0.0,0.0,0.0,0.0,0.0,0.0,0.0
31,20.530906610644156,0.07943501422267621,0.00022381011464288667,0.019237095700411575,2.1668221424155195e-05,0.09867210992308778,0.00024547833606704185,0.019237095700411575,2.94126235125965e-07,2.250108564352595e-06,3.765567131340623e-08,0.009988276681474452
22,28.256177000641706,0.0,0.0,0.0,0.0,0.0,0.0,0.0,0.0,0.0,0.0,0.0
32,164.63474352135896,0.992469901612416,0.0011483771298659287,0.08485505771961895,9.414412257615989e-05,1.0773249593320349,0.0012425212524420886,0.08485505771961895,1.313985519718982e-06,3.4373795797608005e-05,1.601480343836114e-07,0.15258596338785882
23,0.014200495581570452,0.0,0.0,0.0,0.0,0.0,0.0,0.0,0.0,0.0,0.0,0.0
total,226.9879680843529,1.0719049158350922,0.0013721872445088153,0.10409215342003052,0.00011581234400031509,1.1759970692551227,0.0014879995885091306,0.10409215342003052,1.608111754844947e-06,3.66239043619606e-05,1.9780370569701762e-07,0.16257424006933327
