cell,flux,"Li6(n,t)","Li6(n,t)_stdev","Li7(n,t)","Li7(n,t)_stdev",tbr,tbr_stdev,"Th232(n,fis)","Th232(n,fis)_stdev","Th232(n,g)","Th232(n,g)_stdev",U233_kg/yr
11,2.141085456280343,0.0,0.0,0.0,0.0,0.0,0.0,0.0,0.0,0.0,0.0,0.0
21,10.753016752709252,0.0,0.0,0.0,0.0,0.0,0.0,0.0,0.0,0.0,0.0,0.0
31,21.088729637706102,0.06735481804698468,0.00012612670459398367,0.016582979013288503,1.5749125595537525e-05,0.08393779706027318,0.0001418758301895212,0.016582979013288503,0.0019072072385840795,0.02877129494141358,0.00010316377619465899,124.50408871996122
22,29.11689586149232,0.0,0.0,0.0,0.0,0.0,0.0,0.0,0.0,0.0,0.0,0.0
32,164.4765902457799,0.7439816092674286,0.0008412405529152687,0.07149791060441593,9.644986714206543e-05,0.8154795198718445,0.0009376904200573341,0.07149791060441593,0.00815721018312278,0.2903203609981853,0.0004068412230981873,1256.3241264090743
23,0.010552639631397609,0.0,0.0,0.0,0.0,0.0,0.0,0.0,0.0,0.0,0.0,0.0
total,227.58687059359931,0.8113364273144132,0.0009673672575092524,0.08808088961770444,0.00011219899273760295,0.8994173169321177,0.0010795662502468553,0.08808088961770444,0.01006441742170686,0.3190916559395989,0.0005100049992928463,1380.8282151290355
