cell,flux,"Li6(n,t)","Li6(n,t)_stdev","Li7(n,t)","Li7(n,t)_stdev",tbr,tbr_stdev,"U238(n,fis)","U238(n,fis)_stdev","U238(n,g)","U238(n,g)_stdev",Pu239_kg/yr
11,3.1014150977411137,0.0,0.0,0.0,0.0,0.0,0.0,0.0,0.0,0.0,0.0,0.0
21,10.421575771699668,0.0,0.0,0.0,0.0,0.0,0.0,0.0,0.0,0.0,0.0,0.0
31,20.47222846435304,0.07978352691353428,0.0001882560227075091,0.01899736364408219,2.859306579423945e-05,0.09878089055761648,0.00021684908850174857,0.01899736364408219,0.0,0.0,0.0,0.0
22,28.21608597841497,0.0,0.0,0.0,0.0,0.0,0.0,0.0,0.0,0.0,0.0,0.0
32,164.61414138506768,0.9869309056894379,0.001087537275179863,0.08582613631084614,0.0001821402296238827,1.072757042000284,0.0012696775048037458,0.08582613631084614,0.0,0.0,0.0,0.0
23,0.013992720438464829,0.0,0.0,0.0,0.0,0.0,0.0,0.0,0.0,0.0,0.0,0.0
total,226.83943941771494,1.066714432602972,0.0012757932978873722,0.10482349995492833,0.00021073329541812215,1.1715379325579005,0.0014865265933054943,0.10482349995492833,0.0,0.0,0.0,0.0
