fertile_kgm3,void_cell,cellfrom,leakage,leakage_stdev
150.0,99,[23],0.014428809999999999,1.3494121250965482e-05
150.0,total,,0.014428809999999999,1.3494121250965482e-05
