cell,flux,"Li6(n,t)","Li6(n,t)_stdev","Li7(n,t)","Li7(n,t)_stdev",tbr,tbr_stdev,"Th232(n,fis)","Th232(n,fis)_stdev","Th232(n,g)","Th232(n,g)_stdev",U233_kg/yr,U233_kg/yr_stdev
11,1.9439720670482195,0.0,0.0,0.0,0.0,0.0,0.0,0.0,0.0,0.0,0.0,0.0,0.0
21,23.73583360258971,0.0,0.0,0.0,0.0,0.0,0.0,0.0,0.0,0.0,0.0,0.0,0.0
31,61.43285658600305,0.4783797283830431,0.0007292398345310831,0.004798366000936316,1.238107062737839e-05,0.4831780943839794,0.0007416209051584615,9.437984259458223e-05,2.2963648994145923e-07,0.003247480877922175,8.611145042609943e-06,14.053056984905211,0.037263625726568966
22,0.5358018114366547,0.0,0.0,0.0,0.0,0.0,0.0,0.0,0.0,0.0,0.0,0.0,0.0
32,118.52151489265809,0.8986992003540338,0.0006192994806723762,0.010456100476935732,1.380224721908623e-05,0.9091553008309695,0.0006331017278914624,0.00020324065631203308,2.2872646046569872e-07,0.00609070086348809,9.818324951649891e-06,26.356726807695377,0.04248754195286726
23,0.07409942363826813,0.0,0.0,0.0,0.0,0.0,0.0,0.0,0.0,0.0,0.0,0.0,0.0
total,206.244078383374,1.377078928737077,0.0013485393152034594,0.015254466477872049,2.618331784646462e-05,1.392333395214949,0.001374722633049924,0.0002976204989066153,4.5836295040715793e-07,0.009338181741410266,1.8429469994259836e-05,40.40978379260059,0.07975116767943623
