cell,flux,"Li6(n,t)","Li6(n,t)_stdev","Li7(n,t)","Li7(n,t)_stdev",tbr,tbr_stdev,"Th232(n,fis)","Th232(n,fis)_stdev","Th232(n,g)","Th232(n,g)_stdev",U233_kg/yr
11,1.9656568540367885,0.0,0.0,0.0,0.0,0.0,0.0,0.0,0.0,0.0,0.0,0.0
21,24.012206523014928,0.0,0.0,0.0,0.0,0.0,0.0,0.0,0.0,0.0,0.0,0.0
31,64.67648717053046,0.47363217090404175,0.0010538458908251323,0.004467604221068982,1.676304634598137e-05,0.4780997751251107,0.0010706089371711137,0.004467604221068982,9.791812654076895e-05,0.0036440642331409694,1.7186923237663794e-05,15.769220589760835
22,0.6218835302631265,0.0,0.0,0.0,0.0,0.0,0.0,0.0,0.0,0.0,0.0,0.0
32,125.0417086052563,0.8951133154563266,0.001433066443806456,0.009698171672427302,1.8091003608880268e-05,0.9048114871287538,0.0014511574474153363,0.009698171672427302,0.00021036064549676876,0.006868523779838509,2.326770830757601e-05,29.722655716453545
23,0.09083258509449908,0.0,0.0,0.0,0.0,0.0,0.0,0.0,0.0,0.0,0.0,0.0
total,216.4087752681961,1.3687454863603683,0.002486912334631588,0.014165775893496282,3.485404995486163e-05,1.3829112622538644,0.0025217663845864503,0.014165775893496282,0.0003082787720375377,0.010512588012979478,4.04546315452398e-05,45.49187630621438
