fertile_kgm3,void_cell,cellfrom,leakage,leakage_stdev
750,99,[23],0.0007530000000000002,3.2252906845740064e-05
750,total,,0.0007530000000000002,3.2252906845740064e-05
