fertile_kgm3,void_cell,cellfrom,leakage,leakage_stdev
0.1,99,[23],0.0011300000000000004,0.00012172373091006792
0.1,total,,0.0011300000000000004,0.00012172373091006792
