cell,flux,"Li6(n,t)","Li6(n,t)_stdev","Li7(n,t)","Li7(n,t)_stdev",tbr,tbr_stdev,"Th232(n,fis)","Th232(n,fis)_stdev","Th232(n,g)","Th232(n,g)_stdev",U233_kg/yr
11,2.0967348411185336,0.0,0.0,0.0,0.0,0.0,0.0,0.0,0.0,0.0,0.0,0.0
21,10.536630028558113,0.0,0.0,0.0,0.0,0.0,0.0,0.0,0.0,0.0,0.0,0.0
31,20.678699915909455,0.08063061228209525,0.00019213143345708526,0.01906879006308089,1.9239247285277846e-05,0.09969940234517614,0.0002113706807423631,0.01906879006308089,0.00021893590721632611,0.004719143961833097,1.970058138616513e-05,20.421490228464144
22,28.513830022231407,0.0,0.0,0.0,0.0,0.0,0.0,0.0,0.0,0.0,0.0,0.0
32,163.6718232570577,0.9368424011972494,0.001271332348690598,0.08572410062154878,0.00013050466234811175,1.0225665018187982,0.0014018370110387096,0.08572410062154878,0.0009748720674311548,0.05566599098593904,8.81091217656435e-05,240.88743640182514
23,0.012463581075354883,0.0,0.0,0.0,0.0,0.0,0.0,0.0,0.0,0.0,0.0,0.0
total,225.51018164595055,1.0174730134793446,0.0014634637821476831,0.10479289068462967,0.0001497439096333896,1.1222659041639742,0.0016132076917810727,0.10479289068462967,0.001193807974647481,0.06038513494777213,0.00010780970315180863,261.3089266302893
