cell,flux,"Li6(n,t)","Li6(n,t)_stdev","Li7(n,t)","Li7(n,t)_stdev",tbr,tbr_stdev,"U238(n,fis)","U238(n,fis)_stdev","U238(n,g)","U238(n,g)_stdev",Pu239_kg/yr
11,3.101397686787298,0.0,0.0,0.0,0.0,0.0,0.0,0.0,0.0,0.0,0.0,0.0
21,10.421260061565267,0.0,0.0,0.0,0.0,0.0,0.0,0.0,0.0,0.0,0.0,0.0
31,20.47630083326313,0.07947390683365052,0.00021677575257192088,0.018975926575969845,2.8345614463178412e-05,0.09844983340962037,0.0002451213670350993,0.018975926575969845,0.0,0.0,0.0,0.0
22,28.219222349076283,0.0,0.0,0.0,0.0,0.0,0.0,0.0,0.0,0.0,0.0,0.0
32,164.59421956862778,0.9833249767523784,0.0010308327271670986,0.08570674250166255,0.00018500194365822766,1.069031719254041,0.0012158346708253263,0.08570674250166255,0.0,0.0,0.0,0.0
23,0.014163711813276752,0.0,0.0,0.0,0.0,0.0,0.0,0.0,0.0,0.0,0.0,0.0
total,226.82656421113302,1.062798883586029,0.0012476084797390194,0.10468266907763239,0.00021334755812140607,1.1674815526636615,0.0014609560378604255,0.10468266907763239,0.0,0.0,0.0,0.0
