cell,flux,"Li6(n,t)","Li6(n,t)_stdev","Li7(n,t)","Li7(n,t)_stdev",tbr,tbr_stdev,"U238(n,fis)","U238(n,fis)_stdev","U238(n,g)","U238(n,g)_stdev",Pu239_kg/yr
11,3.106943607702403,0.0,0.0,0.0,0.0,0.0,0.0,0.0,0.0,0.0,0.0,0.0
21,10.444942924070519,0.0,0.0,0.0,0.0,0.0,0.0,0.0,0.0,0.0,0.0,0.0
31,20.53146795981783,0.07944441253667325,0.00022552147244931094,0.01923732173617234,2.1635834660744178e-05,0.0986817342728456,0.0002471573071100551,0.01923732173617234,0.0,0.0,0.0,0.0
22,28.257160672227066,0.0,0.0,0.0,0.0,0.0,0.0,0.0,0.0,0.0,0.0,0.0
32,164.63624669648533,0.9926023574162123,0.0011623247631617941,0.08485627877130694,9.447246321129953e-05,1.0774586361875191,0.0012567972263730937,0.08485627877130694,0.0,0.0,0.0,0.0
23,0.01420283846930529,0.0,0.0,0.0,0.0,0.0,0.0,0.0,0.0,0.0,0.0,0.0
total,226.99096469877247,1.0720467699528855,0.0013878462356111052,0.10409360050747929,0.0001161082978720437,1.1761403704603648,0.0015039545334831488,0.10409360050747929,0.0,0.0,0.0,0.0
