cell,flux,"Li6(n,t)","Li6(n,t)_stdev","Li7(n,t)","Li7(n,t)_stdev",tbr,tbr_stdev,"U238(n,fis)","U238(n,fis)_stdev","U238(n,g)","U238(n,g)_stdev",Pu239_kg/yr
11,3.14858677967471,0.0,0.0,0.0,0.0,0.0,0.0,0.0,0.0,0.0,0.0,0.0
21,10.609453146098263,0.0,0.0,0.0,0.0,0.0,0.0,0.0,0.0,0.0,0.0,0.0
31,20.880742195379707,0.07501004918264158,0.00015684193529091057,0.019475563726622964,2.2380649277491183e-05,0.09448561290926455,0.00017922258456840175,0.019475563726622964,0.0,0.0,0.0,0.0
22,28.811992513885905,0.0,0.0,0.0,0.0,0.0,0.0,0.0,0.0,0.0,0.0,0.0
32,171.25041960084243,0.9878933821018936,0.0008629207914664465,0.08599222649821123,9.201872585362586e-05,1.0738856086001047,0.0009549395173200723,0.08599222649821123,0.0,0.0,0.0,0.0
23,0.015238096746621679,0.0,0.0,0.0,0.0,0.0,0.0,0.0,0.0,0.0,0.0,0.0
total,234.71643233262765,1.0629034312845351,0.001019762726757357,0.10546779022483418,0.00011439937513111705,1.1683712215093693,0.001134162101888474,0.10546779022483418,0.0,0.0,0.0,0.0
