cell,flux,"Li6(n,t)","Li6(n,t)_stdev","Li7(n,t)","Li7(n,t)_stdev",tbr,tbr_stdev,"U238(n,fis)","U238(n,fis)_stdev","U238(n,g)","U238(n,g)_stdev",Pu239_kg/yr
11,3.1036730658861513,0.0,0.0,0.0,0.0,0.0,0.0,0.0,0.0,0.0,0.0,0.0
21,10.424747478111241,0.0,0.0,0.0,0.0,0.0,0.0,0.0,0.0,0.0,0.0,0.0
31,20.475735869827574,0.0792421463348239,0.00016719593259716358,0.01894368541828641,2.7845946236419333e-05,0.09818583175311031,0.0001950418788335829,0.01894368541828641,0.0,0.0,0.0,0.0
22,28.225230273539033,0.0,0.0,0.0,0.0,0.0,0.0,0.0,0.0,0.0,0.0,0.0
32,164.53895595567764,0.9775224050541563,0.0009995446545003942,0.08552633896987152,0.0001799953801875546,1.063048744024028,0.0011795400346879489,0.08552633896987152,0.0,0.0,0.0,0.0
23,0.013812274634067844,0.0,0.0,0.0,0.0,0.0,0.0,0.0,0.0,0.0,0.0,0.0
total,226.7821549176757,1.0567645513889803,0.0011667405870975577,0.10447002438815793,0.00020784132642397393,1.1612345757771383,0.0013745819135215318,0.10447002438815793,0.0,0.0,0.0,0.0
