cell,flux,"Li6(n,t)","Li6(n,t)_stdev","Li7(n,t)","Li7(n,t)_stdev",tbr,tbr_stdev,"Th232(n,fis)","Th232(n,fis)_stdev","Th232(n,g)","Th232(n,g)_stdev",U233_kg/yr
11,2.122160861204144,0.0,0.0,0.0,0.0,0.0,0.0,0.0,0.0,0.0,0.0,0.0
21,10.68619684127061,0.0,0.0,0.0,0.0,0.0,0.0,0.0,0.0,0.0,0.0,0.0
31,21.02368747399008,0.07900984904570972,9.696837992996834e-05,0.019653448262828672,1.4214816126536643e-05,0.0986632973085384,0.00011118319605650498,0.019653448262828672,0.0,0.0,0.0,0.0
22,29.03914082909298,0.0,0.0,0.0,0.0,0.0,0.0,0.0,0.0,0.0,0.0,0.0
32,170.58141950375978,0.9795846429720492,0.0009169790232316138,0.08885210535664644,8.566296801095904e-05,1.0684367483286956,0.001002641991242573,0.08885210535664644,0.0,0.0,0.0,0.0
23,0.014229524161680723,0.0,0.0,0.0,0.0,0.0,0.0,0.0,0.0,0.0,0.0,0.0
total,233.46683503347927,1.0585944920177588,0.001013947403161582,0.10850555361947511,9.987778413749568e-05,1.167100045637234,0.0011138251872990779,0.10850555361947511,0.0,0.0,0.0,0.0
