fertile_kgm3,void_cell,cellfrom,leakage,leakage_stdev
0.1,99,"[22, 23]",0.05026003896049629,2.9870214234023598e-05
0.1,98,[23],0.0075439709491513865,8.847974900408374e-06
0.1,total,,0.05780400990964767,3.115311153359681e-05
