fertile_kgm3,void_cell,cellfrom,leakage,leakage_stdev
750.0,99,[23],0.0009203000000000002,7.455870170542963e-06
750.0,total,,0.0009203000000000002,7.455870170542963e-06
