fertile_kgm3,void_cell,cellfrom,leakage,leakage_stdev
3000,99,[23],0.0008164000000000003,9.839419020788473e-06
3000,total,,0.0008164000000000003,9.839419020788473e-06
