fertile_kgm3,leakage,leakage_stdev
1.0,0.04216600000000001,0.00027307233473927684
