cell,flux,"Li6(n,t)","Li6(n,t)_stdev","Li7(n,t)","Li7(n,t)_stdev",tbr,tbr_stdev,"U238(n,fis)","U238(n,fis)_stdev","U238(n,g)","U238(n,g)_stdev",Pu239_kg/yr
11,3.1238578985108623,0.0,0.0,0.0,0.0,0.0,0.0,0.0,0.0,0.0,0.0,0.0
21,10.493496301898372,0.0,0.0,0.0,0.0,0.0,0.0,0.0,0.0,0.0,0.0,0.0
31,20.607143529709013,0.07591261107048783,0.00015229101685918206,0.018731604285470434,2.2100063465614822e-05,0.09464421535595827,0.00017439108032479687,0.018731604285470434,0.0,0.0,0.0,0.0
22,28.355266445257303,0.0,0.0,0.0,0.0,0.0,0.0,0.0,0.0,0.0,0.0,0.0
32,163.99569734147872,0.9200901134128433,0.0010078576776251225,0.08193047607493467,9.945094701154676e-05,1.002020589487778,0.0011073086246366692,0.08193047607493467,0.0,0.0,0.0,0.0
23,0.013913380952804755,0.0,0.0,0.0,0.0,0.0,0.0,0.0,0.0,0.0,0.0,0.0
total,226.58937489780706,0.9960027244833312,0.0011601486944843044,0.10066208036040511,0.00012155101047716158,1.0966648048437364,0.001281699704961466,0.10066208036040511,0.0,0.0,0.0,0.0
