cell,flux,"Li6(n,t)","Li6(n,t)_stdev","Li7(n,t)","Li7(n,t)_stdev",tbr,tbr_stdev,"U238(n,fis)","U238(n,fis)_stdev","U238(n,g)","U238(n,g)_stdev",Pu239_kg/yr
11,2.0897099133261277,0.0,0.0,0.0,0.0,0.0,0.0,0.0,0.0,0.0,0.0,0.0
21,10.50877607732837,0.0,0.0,0.0,0.0,0.0,0.0,0.0,0.0,0.0,0.0,0.0
31,20.638429116055313,0.08336600118163909,0.0001563892719667237,0.01939218801221259,1.976114010980437e-05,0.10275818919385168,0.00017615041207652806,0.01939218801221259,0.0,0.0,0.0,0.0
22,28.46179299768973,0.0,0.0,0.0,0.0,0.0,0.0,0.0,0.0,0.0,0.0,0.0
32,164.10353170851434,0.984874160451421,0.0009712698221254264,0.0876919792303214,0.0001261768499890682,1.0725661396817423,0.0010974466721144947,0.0876919792303214,0.0,0.0,0.0,0.0
23,0.012803022848652803,0.0,0.0,0.0,0.0,0.0,0.0,0.0,0.0,0.0,0.0,0.0
total,225.81504283576254,1.0682401616330601,0.0011276590940921501,0.107084167242534,0.00014593799009887258,1.175324328875594,0.0012735970841910227,0.107084167242534,0.0,0.0,0.0,0.0
