cell,flux,"Li6(n,t)","Li6(n,t)_stdev","Li7(n,t)","Li7(n,t)_stdev",tbr,tbr_stdev,"U238(n,fis)","U238(n,fis)_stdev","U238(n,g)","U238(n,g)_stdev",Pu239_kg/yr
11,3.10711870726936,0.0,0.0,0.0,0.0,0.0,0.0,0.0,0.0,0.0,0.0,0.0
21,10.439548389838901,0.0,0.0,0.0,0.0,0.0,0.0,0.0,0.0,0.0,0.0,0.0
31,20.499195443480843,0.07831965084726607,0.00021832787606123767,0.01881544514058259,2.7311569384562787e-05,0.09713509598784865,0.00024563944544580044,0.01881544514058259,0.0,0.0,0.0,0.0
22,28.26294998239062,0.0,0.0,0.0,0.0,0.0,0.0,0.0,0.0,0.0,0.0,0.0
32,164.20936367176853,0.9570077678911959,0.0010589736075657763,0.08477361639523467,0.00017863181210766576,1.0417813842864305,0.001237605419673442,0.08477361639523467,0.0,0.0,0.0,0.0
23,0.013272597391923038,0.0,0.0,0.0,0.0,0.0,0.0,0.0,0.0,0.0,0.0,0.0
total,226.5314487921402,1.035327418738462,0.0012773014836270139,0.10358906153581726,0.00020594338149222856,1.1389164802742793,0.0014832448651192424,0.10358906153581726,0.0,0.0,0.0,0.0
