cell,flux,"Li6(n,t)","Li6(n,t)_stdev","Li7(n,t)","Li7(n,t)_stdev",tbr,tbr_stdev,"Th232(n,fis)","Th232(n,fis)_stdev","Th232(n,g)","Th232(n,g)_stdev",U233_kg/yr
11,1.9533766667781602,0.0,0.0,0.0,0.0,0.0,0.0,0.0,0.0,0.0,0.0,0.0
21,23.82788144450544,0.0,0.0,0.0,0.0,0.0,0.0,0.0,0.0,0.0,0.0,0.0
31,60.56216003745866,0.44165569797187276,0.0002883958129933606,0.004531485587086711,4.115861288549952e-06,0.4461871835589595,0.00029251167428191054,0.004531485587086711,0.0014125479901400657,0.03660925951035393,2.8903413474997243e-05,158.42187511304445
22,0.5014303459385876,0.0,0.0,0.0,0.0,0.0,0.0,0.0,0.0,0.0,0.0,0.0
32,115.77834221171142,0.8216980561218294,0.0004271458566426854,0.00981275634473785,3.894379753958389e-06,0.8315108124665673,0.0004310402363966438,0.00981275634473785,0.0030221421379409306,0.06799233951156405,5.033677212274015e-05,294.2281286978313
23,0.0628519792538095,0.0,0.0,0.0,0.0,0.0,0.0,0.0,0.0,0.0,0.0,0.0
total,202.6860426856461,1.263353754093702,0.000715541669636046,0.01434424193182456,8.01024104250834e-06,1.2776979960255268,0.0007235519106785543,0.01434424193182456,0.004434690128080996,0.10460159902191798,7.92401855977374e-05,452.6500038108758
