fertile_kgm3,leakage,leakage_stdev
500,0.0009323000000000002,1.1254554633569115e-05
