cell,flux,tbr,tbr_stdev,"U238(n,g)","U238(n,g)_stdev","Th232(n,g)","Th232(n,g)_stdev",Pu239_kg/yr,Pu239_kg/yr_stdev,U233_kg/yr,U233_kg/yr_stdev,"Li6(n,t)","Li6(n,t)_stdev","Li7(n,t)","Li7(n,t)_stdev","Be9(n,2n)","Be9(n,2n)_stdev","Pb(n,2n)","Pb(n,2n)_stdev","tot(n,fis)","tot(n,fis)_stdev",heating [MW],heating_stdev,fisq [MW],fisq_stdev
11,1.9476747040937141,0.0,0.0,0.0,0.0,0.0,0.0,0.0,0.0,0.0,0.0,0.0,0.0,0.0,0.0,0.0,0.0,0.0,0.0,0.0,0.0,27.48051300618131,0.0053481166816487765,0.0,0.0
21,23.769225817063916,0.0,0.0,0.0,0.0,0.0,0.0,0.0,0.0,0.0,0.0,0.0,0.0,0.0,0.0,0.0,0.0,0.0,0.0,0.0,0.0,181.20549483694103,0.013113573483186673,0.0,0.0
31,61.70731149013465,0.4753468134355863,0.00011787605454511237,0.0,0.0,0.009900539040349324,3.5179828729805518e-06,0.0,0.0,42.851806447979754,0.015226637715975443,0.4706331141398911,0.00011620048070801036,0.004713699295695223,1.6755738371020062e-06,0.16119365564430205,5.101769373648598e-05,0.0,0.0,0.0,0.0,273.1366504900791,0.056704396952891416,3.14380451305475,0.0009575116521732177
22,0.5428566700164847,0.0,0.0,0.0,0.0,0.0,0.0,0.0,0.0,0.0,0.0,0.0,0.0,0.0,0.0,0.0,0.0,0.0,0.0,0.0,0.0,2.6917393584933165,0.0036405906804152064,0.0,0.0
32,118.78718437479063,0.8928959200800056,0.00013740254353964787,0.0,0.0,0.01853840988918665,4.38206328255116e-06,0.0,0.0,80.23849501397561,0.018966576149176583,0.8826409912937139,0.00013553628241998433,0.010254928786291716,1.8662611196635505e-06,0.3489042812429524,6.699031845490457e-05,0.0,0.0,0.00030739136974675644,9.399555464336959e-08,546.0662908437683,0.0760075744354414,6.754425977221944,0.0010933658242245578
23,0.07326978833105242,0.0,0.0,0.0,0.0,0.0,0.0,0.0,0.0,0.0,0.0,0.0,0.0,0.0,0.0,0.0,0.0,0.0,0.0,0.0006607137297385753,1.0704810757734672e-07,0.36886001407243746,0.0007735162734965356,0.0,0.0
total,206.82752284443046,1.368242733515592,0.00025527859808476027,0.0,0.0,0.028438948929535975,7.900046155531712e-06,0.0,0.0,123.09030146195536,0.034193213865152026,1.353274105433605,0.0002517367631279947,0.01496862808198694,3.5418349567655567e-06,0.5100979368872545,0.00011800801219139054,0.0,0.0,0.0009681050994853318,2.010436622207163e-07,1030.9495485495356,0.15558776850708,9.898230490276694,0.0020508774763977754
