fertile_kgm3,void_cell,cellfrom,leakage,leakage_stdev
100.0,99,"[22, 23]",0.05041108782136465,3.698947502695054e-05
100.0,98,[23],0.007531783290016758,6.8278747347790225e-06
100.0,total,,0.05794287111138141,3.7614374063158774e-05
