cell,flux,tbr,tbr_stdev,"U238(n,g)","U238(n,g)_stdev",Pu239_kg/yr,Pu239_kg/yr_stdev,"Li6(n,t)","Li6(n,t)_stdev","Li7(n,t)","Li7(n,t)_stdev","U238(n,fis)","U238(n,fis)_stdev",heating [MW],heating_stdev,fisq [MW],fisq_stdev
11,1.9950916679136261,0.0,0.0,0.0,0.0,0.0,0.0,0.0,0.0,0.0,0.0,0.0,0.0,27.78879630358837,0.005599595141752799,0.0,0.0
21,24.373761425161316,0.0,0.0,0.0,0.0,0.0,0.0,0.0,0.0,0.0,0.0,0.0,0.0,181.4536039899876,0.015241448607257962,0.0,0.0
31,64.21083668525301,0.45163974356920916,8.905129484449876e-05,0.03341737209238858,1.0411938986120868e-05,148.36978761188175,0.046227967050421814,0.44735750644471467,8.755241685394933e-05,0.0042822371244945175,1.4988779905494334e-06,0.004758750162176853,1.3851064244336642e-06,332.2135933118652,0.058593990436547554,62.5060819093854,0.015100159198693999
22,0.5662608643243514,0.0,0.0,0.0,0.0,0.0,0.0,0.0,0.0,0.0,0.0,0.0,0.0,2.646767069612316,0.002501552583545821,0.0,0.0
32,123.28518594558595,0.8473182302180332,0.00011646955531880934,0.0623999471412348,1.5234439827334025e-05,277.04952019391123,0.06763938813975064,0.8380126489167844,0.00011474158007084393,0.009305581301248795,1.727975247965415e-06,0.01017255789625371,1.668131374132636e-06,668.7671444154377,0.08108458868537216,130.71147412862874,0.018771384082054747
23,0.07608861869969474,0.0,0.0,0.0,0.0,0.0,0.0,0.0,0.0,0.0,0.0,0.0,0.0,0.3610506925257864,0.0006729864894550161,0.0,0.0
total,214.50722520693793,1.2989579737872423,0.0002055208501633081,0.09581731923362338,2.5646378813454893e-05,425.419307805793,0.11386735519017245,1.2853701553614991,0.00020229399692479324,0.013587818425743314,3.226853238514848e-06,0.014931308058430563,3.0532377985663003e-06,1213.230955783017,0.16369416194393133,193.21755603801415,0.03387154328074875
