cell,flux,tbr,tbr_stdev,"U238(n,g)","U238(n,g)_stdev","Th232(n,g)","Th232(n,g)_stdev",Pu239_kg/yr,Pu239_kg/yr_stdev,U233_kg/yr,U233_kg/yr_stdev,"Li6(n,t)","Li6(n,t)_stdev","Li7(n,t)","Li7(n,t)_stdev","Be9(n,2n)","Be9(n,2n)_stdev","Pb(n,2n)","Pb(n,2n)_stdev","tot(n,fis)","tot(n,fis)_stdev","tot(n,nufis)","tot(n,nufis)_stdev",heating [MW],heating_stdev,fisq [MW],fisq_stdev
11,1.9949837618342614,0.0,0.0,0.0,0.0,0.0,0.0,0.0,0.0,0.0,0.0,0.0,0.0,0.0,0.0,0.0,0.0,0.0,0.0,0.0,0.0,0.0,0.0,27.787706421313324,0.004890875495832544,0.0,0.0
21,24.37297598443035,0.0,0.0,0.0,0.0,0.0,0.0,0.0,0.0,0.0,0.0,0.0,0.0,0.0,0.0,0.0,0.0,0.0,0.0,0.0,0.0,0.0,0.0,181.45927447191062,0.015373620595741534,0.0,0.0
31,64.212923558911,0.45168128307737826,9.000987486295606e-05,0.03342618240166093,9.243274782927805e-06,0.0,0.0,148.4089045032974,0.041039214950526516,0.0,0.0,0.4473991367978233,8.855764649250815e-05,0.004282146279554966,1.452228370447902e-06,0.14714645104694335,4.369569210308477e-05,0.0,0.0,0.0,0.0,0.0,0.0,332.224293306541,0.05883657146776087,62.504987152991376,0.014713077878695215
22,0.566206523155733,0.0,0.0,0.0,0.0,0.0,0.0,0.0,0.0,0.0,0.0,0.0,0.0,0.0,0.0,0.0,0.0,0.0,0.0,0.0,0.0,0.0,0.0,2.6449531509532034,0.002768085317830245,0.0,0.0
32,123.28819134088891,0.8473779539269088,0.00010920750157704074,0.06239991186838896,1.5345896401651813e-05,0.0,0.0,277.0493635860059,0.06813424417492177,0.0,0.0,0.8380727748770959,0.00010746898212688773,0.009305179049812949,1.7385194501530076e-06,0.31802767371791146,6.258927332133576e-05,0.0,0.0,0.005797323096528864,1.3451086284903002e-06,0.02028104106989344,5.177400317004759e-06,668.7842306644975,0.09054546276768898,130.71153688582996,0.019980703744874977
23,0.07599814183850301,0.0,0.0,0.0,0.0,0.0,0.0,0.0,0.0,0.0,0.0,0.0,0.0,0.0,0.0,0.0,0.0,0.0,0.0,0.012134776304883526,1.7188311865349259e-06,0.04289236756309992,6.54674569779819e-06,0.36071634527836205,0.0006378280271082386,0.0,0.0
total,214.5112793110588,1.299059237004287,0.0001992173764399968,0.0958260942700499,2.458917118457962e-05,0.0,0.0,425.45826808930326,0.10917345912544829,0.0,0.0,1.2854719116749191,0.00019602662861939587,0.013587325329367916,3.1907478206009098e-06,0.4651741247648548,0.00010628496542442053,0.0,0.0,0.01793209940141239,3.063939815025226e-06,0.06317340863299337,1.1724146014802949e-05,1213.2611743604941,0.1730524436719624,193.21652403882132,0.03469378162357019
