cell,flux,"Li6(n,t)","Li6(n,t)_stdev","Li7(n,t)","Li7(n,t)_stdev",tbr,tbr_stdev,"Th232(n,fis)","Th232(n,fis)_stdev","Th232(n,g)","Th232(n,g)_stdev",U233_kg/yr,U233_kg/yr_stdev
11,1.9545209703078215,0.0,0.0,0.0,0.0,0.0,0.0,0.0,0.0,0.0,0.0,0.0,0.0
21,23.844871886775046,0.0,0.0,0.0,0.0,0.0,0.0,0.0,0.0,0.0,0.0,0.0,0.0
31,62.04125591090773,0.45281188125519806,0.0007058763471138935,0.004496759354163263,1.068623922138863e-05,0.4573086406093613,0.0007165625863352822,0.0007775795771054667,1.8533765142471374e-06,0.022866478888908522,5.7275981254636095e-05,98.95175459064377,0.2478544627960248
22,0.5439659879491494,0.0,0.0,0.0,0.0,0.0,0.0,0.0,0.0,0.0,0.0,0.0,0.0
32,119.6211514931618,0.851583322148118,0.0007144276209665143,0.009807426519600815,1.2047761715070825e-05,0.8613907486677188,0.0007264753826815852,0.0016747297846696277,1.6743861532549538e-06,0.04293021308739224,6.585141681660715e-05,185.77499100695385,0.2849635603251435
23,0.07387998275863508,0.0,0.0,0.0,0.0,0.0,0.0,0.0,0.0,0.0,0.0,0.0,0.0
total,208.07964623186018,1.3043952034033162,0.0014203039680804079,0.014304185873764079,2.2734000936459456e-05,1.3186993892770802,0.0014430379690168675,0.0024523093617750944,3.527762667502091e-06,0.06579669197630077,0.00012312739807124323,284.72674559759764,0.5328180231211683
