cell,flux,"Li6(n,t)","Li6(n,t)_stdev","Li7(n,t)","Li7(n,t)_stdev",tbr,tbr_stdev,"U238(n,fis)","U238(n,fis)_stdev","U238(n,g)","U238(n,g)_stdev",Pu239_kg/yr,Pu239_kg/yr_stdev
11,2.1324947318905103,0.0,0.0,0.0,0.0,0.0,0.0,0.0,0.0,0.0,0.0,0.0,0.0
21,10.73154824590954,0.0,0.0,0.0,0.0,0.0,0.0,0.0,0.0,0.0,0.0,0.0,0.0
31,21.11963758680829,0.07645798965302197,0.00011912054637754802,0.019377716163190808,1.3537239294915312e-05,0.09583570581621279,0.00013265778567246334,0.0006628997854409219,4.1407221913942083e-07,0.004580149192353715,2.208193220900423e-05,20.331373383676397,0.09802213638014247
22,29.18229546641438,0.0,0.0,0.0,0.0,0.0,0.0,0.0,0.0,0.0,0.0,0.0,0.0
32,171.38141528218452,0.93652995793819,0.0006572368970004856,0.0872200835223301,8.075902618036281e-05,1.02375004146052,0.0007379959231808484,0.0030135882526084773,2.7490308319114473e-06,0.05705891508173089,0.0001063859930800859,253.28565919443182,0.4722495397563456
23,0.01438392864755417,0.0,0.0,0.0,0.0,0.0,0.0,0.0,0.0,0.0,0.0,0.0,0.0
total,234.5617752418548,1.012987947591212,0.0007763574433780336,0.10659779968552091,9.429626547527812e-05,1.1195857472767328,0.0008706537088533116,0.003676488038049399,3.163103051050868e-06,0.0616390642740846,0.00012846792528909014,273.6170325781082,0.5702716761364881
