cell,flux,"Li6(n,t)","Li6(n,t)_stdev","Li7(n,t)","Li7(n,t)_stdev",tbr,tbr_stdev,"Th232(n,fis)","Th232(n,fis)_stdev","Th232(n,g)","Th232(n,g)_stdev",U233_kg/yr
11,1.9483084923231355,0.0,0.0,0.0,0.0,0.0,0.0,0.0,0.0,0.0,0.0,0.0
21,23.714485990182066,0.0,0.0,0.0,0.0,0.0,0.0,0.0,0.0,0.0,0.0,0.0
31,61.94437089279269,0.47661257799399204,0.0009562787449692625,0.00503617519370147,2.0295441960384906e-05,0.4816487531876935,0.0009765741869296473,0.00503617519370147,0.0003748679232410807,0.011234199923653192,3.530576922757476e-05,48.614559297398735
22,0.5243378264467203,0.0,0.0,0.0,0.0,0.0,0.0,0.0,0.0,0.0,0.0,0.0
32,115.5861539473312,0.8690684189342324,0.0012380102009652801,0.010413056116248553,2.060717333643803e-05,0.8794814750504809,0.0012586173743017182,0.010413056116248553,0.0007686142699442182,0.020439558036851088,5.295703450468442e-05,88.44956587455823
23,0.06565835760204015,0.0,0.0,0.0,0.0,0.0,0.0,0.0,0.0,0.0,0.0,0.0
total,203.78331550667787,1.3456809969282244,0.0021942889459345425,0.015449231309950023,4.0902615296822935e-05,1.3611302282381743,0.0022351915612313653,0.015449231309950023,0.0011434821931852988,0.031673757960504284,8.826280373225919e-05,137.06412517195696
