fertile_kgm3,void_cell,cellfrom,leakage,leakage_stdev
0.01,99,[23],0.0010269,1.0334287590347639e-05
0.01,total,,0.0010269,1.0334287590347639e-05
