cell,flux,"Li6(n,t)","Li6(n,t)_stdev","Li7(n,t)","Li7(n,t)_stdev",tbr,tbr_stdev,"Th232(n,fis)","Th232(n,fis)_stdev","Th232(n,g)","Th232(n,g)_stdev",U233_kg/yr
11,2.1566012734989752,0.0,0.0,0.0,0.0,0.0,0.0,0.0,0.0,0.0,0.0,0.0
21,10.836936610626632,0.0,0.0,0.0,0.0,0.0,0.0,0.0,0.0,0.0,0.0,0.0
31,21.269981316932906,0.06397129274934478,5.006691147267177e-05,0.0158226307074311,4.314138683943811e-06,0.07979392345677588,5.438105015661558e-05,0.0158226307074311,0.0024289531170687806,0.03493976224857166,2.8508501131695906e-05,151.1973398384963
22,29.368845674615635,0.0,0.0,0.0,0.0,0.0,0.0,0.0,0.0,0.0,0.0,0.0
32,165.26042921451597,0.701630127575099,0.00015772705094011143,0.06738952248978634,2.891089934659284e-05,0.7690196500648854,0.00018663795028670428,0.06738952248978634,0.010267049998116657,0.34622446488997066,0.0001120503811841748,1498.241965871145
23,0.010143330483929392,0.0,0.0,0.0,0.0,0.0,0.0,0.0,0.0,0.0,0.0,0.0
total,228.90293742067405,0.7656014203244438,0.0002077939624127832,0.08321215319721745,3.3225038030536654e-05,0.8488135735216613,0.00024101900044331986,0.08321215319721745,0.012696003115185438,0.3811642271385423,0.0001405588823158707,1649.4393057096413
