cell,flux,"Li6(n,t)","Li6(n,t)_stdev","Li7(n,t)","Li7(n,t)_stdev",tbr,tbr_stdev,"U238(n,fis)","U238(n,fis)_stdev","U238(n,g)","U238(n,g)_stdev",Pu239_kg/yr
11,2.122164816396687,0.0,0.0,0.0,0.0,0.0,0.0,0.0,0.0,0.0,0.0,0.0
21,10.686309488935885,0.0,0.0,0.0,0.0,0.0,0.0,0.0,0.0,0.0,0.0,0.0
31,21.024040033586978,0.07900148145446705,9.787230172099269e-05,0.01965308415051828,1.4193842162892052e-05,0.09865456560498533,0.00011206614388388474,0.01965308415051828,7.462081273034235e-07,7.079453190298066e-06,5.701065726476214e-08,0.03142583355243099
22,29.038717831307373,0.0,0.0,0.0,0.0,0.0,0.0,0.0,0.0,0.0,0.0,0.0
32,170.58051806941572,0.9795741887081387,0.0009254959098486636,0.08885029574721165,8.57732109786286e-05,1.0684244844553503,0.0010112691208272922,0.08885029574721165,3.401489808420346e-06,0.00010636316675964469,2.5094233336990293e-07,0.4721482132657936
23,0.014201024751351895,0.0,0.0,0.0,0.0,0.0,0.0,0.0,0.0,0.0,0.0,0.0
total,233.465951264394,1.0585756701626057,0.0010233682115696563,0.10850337989772993,9.996705314152066e-05,1.1670790500603356,0.0011233352647111769,0.10850337989772993,4.147697935723769e-06,0.00011344261994994276,3.0795299063466505e-07,0.5035740468182246
