fertile_kgm3,void_cell,cellfrom,leakage,leakage_stdev
0.1,99,[23],0.0010083199999999998,3.6078479273224687e-06
0.1,total,,0.0010083199999999998,3.6078479273224687e-06
