cell,flux,"Li6(n,t)","Li6(n,t)_stdev","Li7(n,t)","Li7(n,t)_stdev",tbr,tbr_stdev,"Th232(n,fis)","Th232(n,fis)_stdev","Th232(n,g)","Th232(n,g)_stdev",U233_kg/yr
11,1.94239795846652,0.0,0.0,0.0,0.0,0.0,0.0,0.0,0.0,0.0,0.0,0.0
21,23.71159568806306,0.0,0.0,0.0,0.0,0.0,0.0,0.0,0.0,0.0,0.0,0.0
31,61.38664108138482,0.48190549235004865,0.000686197751066393,0.004828647292347535,1.2282179109913773e-05,0.4867341396423962,0.0006984799301763069,0.004828647292347535,2.3617457938298902e-05,0.0008373668408684814,2.366899053091207e-06,3.6235976051455685
22,0.5376642065648485,0.0,0.0,0.0,0.0,0.0,0.0,0.0,0.0,0.0,0.0,0.0
32,118.42203453977932,0.9044387679912989,0.0005503694947309011,0.01052471277428575,1.334011716064591e-05,0.9149634807655846,0.000563709611891547,0.01052471277428575,5.087463634237745e-05,0.0015635928266725025,3.3907573244702316e-06,6.766247414665847
23,0.07438341591233298,0.0,0.0,0.0,0.0,0.0,0.0,0.0,0.0,0.0,0.0,0.0
total,206.07471689017092,1.3863442603413474,0.001236567245797294,0.015353360066633286,2.5622296270559683e-05,1.401697620407981,0.0012621895420678539,0.015353360066633286,7.449209428067634e-05,0.0024009596675409837,5.757656377561438e-06,10.389845019811416
