cell,flux,"Li6(n,t)","Li6(n,t)_stdev","Li7(n,t)","Li7(n,t)_stdev",tbr,tbr_stdev,"U238(n,fis)","U238(n,fis)_stdev","U238(n,g)","U238(n,g)_stdev",Pu239_kg/yr
11,2.111856315405681,0.0,0.0,0.0,0.0,0.0,0.0,0.0,0.0,0.0,0.0,0.0
21,10.61813656347634,0.0,0.0,0.0,0.0,0.0,0.0,0.0,0.0,0.0,0.0,0.0
31,20.837987144439115,0.08018647160446049,0.00019894498813960893,0.018914560458997493,1.7913636340925533e-05,0.09910103206345798,0.00021685862448053445,0.018914560458997493,0.0011603849685977213,0.006449142685874103,3.159767153121319e-05,28.627872683712777
22,28.745302371618266,0.0,0.0,0.0,0.0,0.0,0.0,0.0,0.0,0.0,0.0,0.0
32,165.98559764631563,0.9330983888412543,0.0012233665990189894,0.08478093347213413,0.0001105995834957369,1.0178793223133884,0.0013339661825147262,0.08478093347213413,0.005259689510877831,0.07379463756791708,0.00010513586635374948,327.57586425593604
23,0.012860145659863334,0.0,0.0,0.0,0.0,0.0,0.0,0.0,0.0,0.0,0.0,0.0
total,228.31174018691488,1.0132848604457148,0.0014223115871585983,0.10369549393113162,0.00012851321983666243,1.1169803543768464,0.0015508248069952607,0.10369549393113162,0.006420074479475553,0.08024378025379118,0.00013673353788496267,356.2037369396488
