cell,flux,"Li6(n,t)","Li6(n,t)_stdev","Li7(n,t)","Li7(n,t)_stdev",tbr,tbr_stdev,"U238(n,fis)","U238(n,fis)_stdev","U238(n,g)","U238(n,g)_stdev",Pu239_kg/yr
11,2.111159695481224,0.0,0.0,0.0,0.0,0.0,0.0,0.0,0.0,0.0,0.0,0.0
21,10.617396251762678,0.0,0.0,0.0,0.0,0.0,0.0,0.0,0.0,0.0,0.0,0.0
31,20.85518990202835,0.08028962074190679,5.0170076992397506e-05,0.018942747642462322,6.536197263018451e-06,0.09923236838436911,5.670627425541596e-05,0.018942747642462322,0.0011623927949177986,0.006417800087872046,1.3811795786843e-05,28.4887422676429
22,28.773541539708976,0.0,0.0,0.0,0.0,0.0,0.0,0.0,0.0,0.0,0.0,0.0
32,165.98248658673782,0.931684765330916,0.0003961996038366755,0.08481201936445,2.5855162624368337e-05,1.016496784695366,0.0004220547664610438,0.08481201936445,0.005264743017073928,0.07386412432964574,4.394634865951718e-05,327.8843173736394
23,0.013127366451967274,0.0,0.0,0.0,0.0,0.0,0.0,0.0,0.0,0.0,0.0,0.0
total,228.35290134217098,1.0119743860728228,0.00044636968082907303,0.10375476700691233,3.239135988738679e-05,1.115729153079735,0.0004787610407164598,0.10375476700691233,0.006427135811991726,0.08028192441751779,5.775814444636018e-05,356.37305964128234
