fertile_kgm3,void_cell,cellfrom,leakage,leakage_stdev
100,99,"[42, 44]",0.11349160029923187,4.6730319448412325e-05
100,98,[44],0.0577615431543871,2.0658922530581536e-05
100,total,,0.17125314345361897,5.109318776388133e-05
