fertile_kgm3,void_cell,cellfrom,leakage,leakage_stdev
100,99,"[42, 44]",0.11349160029923196,4.673031944531901e-05
100,98,[44],0.0577615431543871,2.0658922531456223e-05
100,total,,0.17125314345361906,5.1093187761405816e-05
