cell,flux,"Li6(n,t)","Li6(n,t)_stdev","Li7(n,t)","Li7(n,t)_stdev",tbr,tbr_stdev,"U238(n,fis)","U238(n,fis)_stdev","U238(n,g)","U238(n,g)_stdev",Pu239_kg/yr
11,1.9534711140960748,0.0,0.0,0.0,0.0,0.0,0.0,0.0,0.0,0.0,0.0,0.0
21,23.821183351674623,0.0,0.0,0.0,0.0,0.0,0.0,0.0,0.0,0.0,0.0,0.0
31,62.04870059949725,0.4725205824044264,0.0011745482417968513,0.004736234655423327,1.874455842027025e-05,0.47725681705984974,0.0011932928002171216,0.004736234655423327,0.0011165707412732367,0.010039847161140408,4.8661187843293424e-05,44.56708128393759
22,0.549689888936394,0.0,0.0,0.0,0.0,0.0,0.0,0.0,0.0,0.0,0.0,0.0
32,119.30686545401409,0.8861236189483686,0.0019090510726343698,0.010230014965076913,2.012433515391793e-05,0.8963536339134455,0.0019291754077882877,0.010230014965076913,0.002379876958042409,0.018840817160875753,5.95825842140877e-05,83.63476220181605
23,0.07333622120383756,0.0,0.0,0.0,0.0,0.0,0.0,0.0,0.0,0.0,0.0,0.0
total,207.75324662942228,1.3586442013527948,0.003083599314431221,0.01496624962050024,3.8868893574188176e-05,1.3736104509732951,0.0031224682080054095,0.01496624962050024,0.0034964476993156455,0.02888066432201616,0.00010824377205738112,128.20184348575364
