cell,flux,"Li6(n,t)","Li6(n,t)_stdev","Li7(n,t)","Li7(n,t)_stdev",tbr,tbr_stdev,"Th232(n,fis)","Th232(n,fis)_stdev","Th232(n,g)","Th232(n,g)_stdev",U233_kg/yr
11,1.9695810788275216,0.0,0.0,0.0,0.0,0.0,0.0,0.0,0.0,0.0,0.0,0.0
21,24.06490691333924,0.0,0.0,0.0,0.0,0.0,0.0,0.0,0.0,0.0,0.0,0.0
31,64.9466380227174,0.4606779707572355,0.0011469914103486487,0.00432389267028645,1.7352987728824247e-05,0.4650018634275219,0.001164344398077473,0.00432389267028645,0.00043753164830819555,0.014740340758272264,7.36183717800383e-05,63.78693406978861
22,0.6136647721970753,0.0,0.0,0.0,0.0,0.0,0.0,0.0,0.0,0.0,0.0,0.0
32,125.42782009815187,0.8679442762677549,0.0008974819486146672,0.009396396625839989,1.757063779682596e-05,0.877340672893595,0.0009150525864114931,0.009396396625839989,0.0009407387298776158,0.027709177209807357,6.972580521066685e-05,119.90791046117174
23,0.08957079879316661,0.0,0.0,0.0,0.0,0.0,0.0,0.0,0.0,0.0,0.0,0.0
total,217.11218168402627,1.3286222470249904,0.002044473358963316,0.01372028929612644,3.49236255256502e-05,1.3423425363211168,0.002079396984488966,0.01372028929612644,0.0013782703781858112,0.04244951796807962,0.00014334417699070513,183.69484453096035
