cell,flux,tbr,tbr_stdev,"U238(n,g)","U238(n,g)_stdev",Pu239_kg/yr,Pu239_kg/yr_stdev,"Li6(n,t)","Li6(n,t)_stdev","Li7(n,t)","Li7(n,t)_stdev","Be9(n,2n)","Be9(n,2n)_stdev","tot(n,fis)","tot(n,fis)_stdev",heating [MW],heating_stdev,fisq [MW],fisq_stdev
11,1.958947329250945,0.0,0.0,0.0,0.0,0.0,0.0,0.0,0.0,0.0,0.0,0.0,0.0,0.0,0.0,27.572764255042895,0.004919927201122948,0.0,0.0
21,23.911720316211863,0.0,0.0,0.0,0.0,0.0,0.0,0.0,0.0,0.0,0.0,0.0,0.0,0.0,0.0,181.34945298161261,0.014919391739229784,0.0,0.0
31,62.25434892976652,0.47379744391734097,7.546696227974457e-05,0.013230972301879609,4.659436421312022e-06,58.744192837823256,0.020687431384785397,0.4691346458152716,7.384758880134401e-05,0.004662798102069381,1.6193734784005645e-06,0.159679767608498,4.6629841503925654e-05,0.0,0.0,290.7044327843455,0.05390447394443713,20.120819792285168,0.004867252469081992
22,0.5480327346500179,0.0,0.0,0.0,0.0,0.0,0.0,0.0,0.0,0.0,0.0,0.0,0.0,0.0,0.0,2.6885921238881956,0.0036386657971359078,0.0,0.0
32,119.82887765827323,0.8901052767103975,0.00012388743224751655,0.024753272843010574,8.009354429464001e-06,109.90205406525519,0.035560732074396896,0.8799630482397532,0.00012215143776567896,0.010142228470644306,1.7359944818375987e-06,0.34554241379421186,6.466083251846943e-05,0.0018665763622276082,4.2290878388743134e-07,582.5754545044467,0.07695655226735329,42.15891230371486,0.006377023206937444
23,0.07395562770832392,0.0,0.0,0.0,0.0,0.0,0.0,0.0,0.0,0.0,0.0,0.0,0.0,0.003914546455524394,5.415429223736723e-07,0.36818750377625503,0.0008286117124647889,0.0,0.0
total,208.57588259586092,1.3639027206277385,0.00019935439452726112,0.03798424514489018,1.2668790850776022e-05,168.64624690307843,0.05624816345918229,1.3490976940550248,0.00019599902656702297,0.014805026572713688,3.355367960238163e-06,0.5052221814027098,0.00011129067402239508,0.005781122817752002,9.644517062611036e-07,1085.2588841531121,0.15516762266174383,62.279732096000025,0.011244275676019436
