cell,flux,"Li6(n,t)","Li6(n,t)_stdev","Li7(n,t)","Li7(n,t)_stdev",tbr,tbr_stdev,"U238(n,fis)","U238(n,fis)_stdev","U238(n,g)","U238(n,g)_stdev",Pu239_kg/yr,Pu239_kg/yr_stdev
11,2.1304026782291747,0.0,0.0,0.0,0.0,0.0,0.0,0.0,0.0,0.0,0.0,0.0,0.0
21,10.72244659213945,0.0,0.0,0.0,0.0,0.0,0.0,0.0,0.0,0.0,0.0,0.0,0.0
31,21.103798479720446,0.07692644247182098,9.369304991536877e-05,0.01942107924211062,1.3761276030505657e-05,0.0963475217139316,0.00010745432594587442,0.0005535817022685084,3.613003804773867e-07,0.003967554591135301,2.3101802494205647e-05,17.612053761732945,0.1025493608657472
22,29.155994782344987,0.0,0.0,0.0,0.0,0.0,0.0,0.0,0.0,0.0,0.0,0.0,0.0
32,171.19575459168001,0.9411822591483123,0.000609629482188661,0.08749012857570596,8.452361504400878e-05,1.0286723877240183,0.0006941530972326697,0.002517645795438884,2.382694168292015e-06,0.04986099985494387,7.309907378996205e-05,221.3339703053082,0.3244882428078459
23,0.014368937629249467,0.0,0.0,0.0,0.0,0.0,0.0,0.0,0.0,0.0,0.0,0.0,0.0
total,234.32276606174332,1.0181087016201333,0.0007033225321040297,0.10691120781781657,9.828489107451444e-05,1.1250199094379498,0.0008016074231785442,0.003071227497707392,2.743994548769402e-06,0.05382855444607917,9.62008762841677e-05,238.94602406704115,0.4270376036735931
