cell,flux,"Li6(n,t)","Li6(n,t)_stdev","Li7(n,t)","Li7(n,t)_stdev",tbr,tbr_stdev,"U238(n,fis)","U238(n,fis)_stdev","U238(n,g)","U238(n,g)_stdev",Pu239_kg/yr,Pu239_kg/yr_stdev
11,2.1222949287102124,0.0,0.0,0.0,0.0,0.0,0.0,0.0,0.0,0.0,0.0,0.0,0.0
21,10.686819151488693,0.0,0.0,0.0,0.0,0.0,0.0,0.0,0.0,0.0,0.0,0.0,0.0
31,21.02323519889419,0.07896609734956753,0.00010052934400989331,0.01965153593495981,1.4185561693147278e-05,0.09861763328452733,0.00011471490570304059,3.730846286152276e-06,2.400119944521152e-09,3.533091690582799e-05,2.764575858490219e-07,0.15683464302849262,0.0012272007235113133
22,29.03659239589043,0.0,0.0,0.0,0.0,0.0,0.0,0.0,0.0,0.0,0.0,0.0,0.0
32,170.58642709393322,0.9792439949832051,0.0009204129917342996,0.08884097497221685,8.615422203584278e-05,1.068084969955422,0.0010065672137701423,1.7006327451849774e-05,1.6022470693639364e-08,0.0005292219188987785,1.2969959132451937e-06,2.349226626486236,0.005757390661708803
23,0.014165668922533316,0.0,0.0,0.0,0.0,0.0,0.0,0.0,0.0,0.0,0.0,0.0,0.0
total,233.4695344378393,1.0582100923327726,0.001020942335744193,0.10849251090717665,0.00010033978372899006,1.1667026032399495,0.001121282119473183,2.073717373800205e-05,1.8422590638160516e-08,0.0005645528358046066,1.5734534990942157e-06,2.5060612695147286,0.006984591385220116
