fertile_kgm3,leakage,leakage_stdev
0.5,0.04227500000000001,0.00026809124690421114
