cell,flux,"Li6(n,t)","Li6(n,t)_stdev","Li7(n,t)","Li7(n,t)_stdev",tbr,tbr_stdev,"Th232(n,fis)","Th232(n,fis)_stdev","Th232(n,g)","Th232(n,g)_stdev",U233_kg/yr,U233_kg/yr_stdev
11,2.1233210473116304,0.0,0.0,0.0,0.0,0.0,0.0,0.0,0.0,0.0,0.0,0.0,0.0
21,10.69100843192422,0.0,0.0,0.0,0.0,0.0,0.0,0.0,0.0,0.0,0.0,0.0,0.0
31,21.03323687150606,0.07564914608296884,0.00014056963211326424,0.01930439962091726,1.379217659390754e-05,0.0949535457038861,0.00015436180870717178,0.00023110059090938767,1.4835759119262594e-07,0.0054208596462492565,2.2945194432819865e-05,23.45807485236239,0.09929238601104853
22,29.037365515900966,0.0,0.0,0.0,0.0,0.0,0.0,0.0,0.0,0.0,0.0,0.0,0.0
32,169.83618460447596,0.9226562742514506,0.0009237625677264706,0.08681553371013707,8.385680169717425e-05,1.0094718079615876,0.0010076193694236448,0.001029413338192999,9.844918355966998e-07,0.06619506818434356,8.18732141818604e-05,286.45066754310204,0.35429583350501465
23,0.013711550046418303,0.0,0.0,0.0,0.0,0.0,0.0,0.0,0.0,0.0,0.0,0.0,0.0
total,232.73482802116524,0.9983054203344194,0.001064332199839735,0.10611993333105434,9.76489782910818e-05,1.1044253536654738,0.0011619811781308166,0.0012605139291023868,1.1328494267893258e-06,0.07161592783059283,0.00010481840861468027,309.90874239546446,0.4535882195160632
