cell,flux,"Li6(n,t)","Li6(n,t)_stdev","Li7(n,t)","Li7(n,t)_stdev",tbr,tbr_stdev,"U238(n,fis)","U238(n,fis)_stdev","U238(n,g)","U238(n,g)_stdev",Pu239_kg/yr,Pu239_kg/yr_stdev
11,2.1233251924658094,0.0,0.0,0.0,0.0,0.0,0.0,0.0,0.0,0.0,0.0,0.0,0.0
21,10.691786565087288,0.0,0.0,0.0,0.0,0.0,0.0,0.0,0.0,0.0,0.0,0.0,0.0
31,21.032577015132652,0.07867290907755005,9.237845170720148e-05,0.019630349029325533,1.4390754276626926e-05,0.09830325810687558,0.0001067692059838284,5.5910732893644575e-05,3.649876798197899e-08,0.0005091280214067149,3.7784735098394425e-06,2.260029415765133,0.01677271908022668
22,29.04560334977966,0.0,0.0,0.0,0.0,0.0,0.0,0.0,0.0,0.0,0.0,0.0,0.0
32,170.57011601104858,0.9729908424439231,0.0009411838031561021,0.08871958558856509,8.68539026909031e-05,1.0617104280324883,0.0010280377058470053,0.00025477402180266664,2.421363823127275e-07,0.007324015239654928,1.2717895342368298e-05,32.51144935491454,0.05645499043827651
23,0.01415276709051461,0.0,0.0,0.0,0.0,0.0,0.0,0.0,0.0,0.0,0.0,0.0,0.0
total,233.47756090060452,1.051663751521473,0.0010335622548633037,0.10834993461789062,0.00010124465696753003,1.160013686139364,0.0011348069118308336,0.00031068475469631123,2.786351502947065e-07,0.007833143261061644,1.6496368852207742e-05,34.77147877067967,0.07322770951850319
