fertile_kgm3,void_cell,cellfrom,leakage,leakage_stdev
4499,99,[23],0.000186,1.6077935190813538e-05
4499,total,,0.000186,1.6077935190813538e-05
