fertile_kgm3,void_cell,cellfrom,leakage,leakage_stdev
0.1,99,[23],0.0010310000000000004,3.199218654609251e-05
0.1,total,,0.0010310000000000004,3.199218654609251e-05
