cell,flux,"Li6(n,t)","Li6(n,t)_stdev","Li7(n,t)","Li7(n,t)_stdev",tbr,tbr_stdev,"Th232(n,fis)","Th232(n,fis)_stdev","Th232(n,g)","Th232(n,g)_stdev",U233_kg/yr
11,3.102233675862477,0.0,0.0,0.0,0.0,0.0,0.0,0.0,0.0,0.0,0.0,0.0
21,10.416870196093242,0.0,0.0,0.0,0.0,0.0,0.0,0.0,0.0,0.0,0.0,0.0
31,20.45940245880059,0.0797221650738059,0.00015588948119754553,0.019004514637872304,2.8662001474419993e-05,0.0987266797116782,0.00018455148267196552,0.019004514637872304,4.360191231702513e-06,0.0001036696435475732,8.593880545847138e-07,0.44861708602607836
22,28.21050290246319,0.0,0.0,0.0,0.0,0.0,0.0,0.0,0.0,0.0,0.0,0.0
32,164.63046490997553,0.9888923890882972,0.001289787183859501,0.08586200349972749,0.00018045131124945366,1.0747543925880247,0.0014702384951089545,0.08586200349972749,1.9533317890649375e-05,0.0014366665744500573,4.666751094692314e-06,6.216990337437502
23,0.014072151809992047,0.0,0.0,0.0,0.0,0.0,0.0,0.0,0.0,0.0,0.0,0.0
total,226.83354629500502,1.068614554162103,0.0014456766650570464,0.10486651813759978,0.00020911331272387365,1.1734810722997029,0.00165478997778092,0.10486651813759978,2.389350912235189e-05,0.0015403362179976304,5.526139149277027e-06,6.66560742346358
