fertile_kgm3,void_cell,cellfrom,leakage,leakage_stdev
25,99,"[42, 44]",0.11426406651228177,4.7556222346352725e-05
25,98,[44],0.05811126396287794,1.914512144698868e-05
25,total,,0.1723753304751597,5.1265290002843874e-05
