fertile_kgm3,void_cell,cellfrom,leakage,leakage_stdev
25,99,"[42, 44]",0.1142640665122818,4.7556222348632924e-05
25,98,[44],0.05811126396287794,1.914512144510099e-05
25,total,,0.17237533047515974,5.126529000425414e-05
