fertile_kgm3,void_cell,cellfrom,leakage,leakage_stdev
25,99,"[42, 44]",0.11426406651228183,4.7556222345592963e-05
25,98,[44],0.05811126396287793,1.914512144557291e-05
25,total,,0.17237533047515977,5.126529000161036e-05
