fertile_kgm3,void_cell,cellfrom,leakage,leakage_stdev
10,99,[23],0.037905270000000005,2.4333186015209433e-05
10,total,,0.037905270000000005,2.4333186015209433e-05
