cell,flux,"Li6(n,t)","Li6(n,t)_stdev","Li7(n,t)","Li7(n,t)_stdev",tbr,tbr_stdev,"U238(n,fis)","U238(n,fis)_stdev","U238(n,g)","U238(n,g)_stdev",Pu239_kg/yr
11,2.1518874380130315,0.0,0.0,0.0,0.0,0.0,0.0,0.0,0.0,0.0,0.0,0.0
21,10.808889875300984,0.0,0.0,0.0,0.0,0.0,0.0,0.0,0.0,0.0,0.0,0.0
31,21.228358140700678,0.0767952646387556,0.00019574978781908644,0.019208896430166558,1.9455932929666024e-05,0.09600416106892216,0.00021520572074875245,0.019208896430166558,0.0010182839175703075,0.005950637528543206,4.503893821403511e-05,26.414998372914543
22,29.326603955240472,0.0,0.0,0.0,0.0,0.0,0.0,0.0,0.0,0.0,0.0,0.0
32,172.2578595065777,0.9328201609577784,0.001051257216842632,0.08629809894968113,0.00011198261794723021,1.0191182599074595,0.0011632398347898622,0.08629809894968113,0.004625230761838229,0.06980376210842057,0.0001585833112181755,309.86028869559556
23,0.013854073819026725,0.0,0.0,0.0,0.0,0.0,0.0,0.0,0.0,0.0,0.0,0.0
total,235.78745298965188,1.009615425596534,0.0012470070046617186,0.10550699537984769,0.00013143855087689623,1.1151224209763817,0.0013784455555386145,0.10550699537984769,0.005643514679408537,0.07575439963696377,0.00020362224943221063,336.2752870685101
