cell,flux,"Li6(n,t)","Li6(n,t)_stdev","Li7(n,t)","Li7(n,t)_stdev",tbr,tbr_stdev,"U238(n,fis)","U238(n,fis)_stdev","U238(n,g)","U238(n,g)_stdev",Pu239_kg/yr
11,1.9653697443156932,0.0,0.0,0.0,0.0,0.0,0.0,0.0,0.0,0.0,0.0,0.0
21,24.004734701495284,0.0,0.0,0.0,0.0,0.0,0.0,0.0,0.0,0.0,0.0,0.0
31,64.6061855399061,0.47766417166348984,0.00100371730059251,0.004499433968674726,1.5882720403719122e-05,0.4821636056321646,0.0010196000209962291,0.004499433968674726,3.321784730673244e-05,0.00042667963929378573,3.9306600326541985e-06,1.8940394073137807
22,0.6219003876796574,0.0,0.0,0.0,0.0,0.0,0.0,0.0,0.0,0.0,0.0,0.0
32,125.02507984177264,0.9035237143519552,0.0011859604096260727,0.00977958050519266,1.6950789874781852e-05,0.9133032948571479,0.0012029111995008545,0.00977958050519266,7.117648148796548e-05,0.0008046715959115332,3.865057392274306e-06,3.5719532226217274
23,0.09121252971341466,0.0,0.0,0.0,0.0,0.0,0.0,0.0,0.0,0.0,0.0,0.0
total,216.31448274488275,1.3811878860154452,0.002189677710218583,0.014279014473867386,3.2833510278500974e-05,1.3954669004893125,0.0022225112204970836,0.014279014473867386,0.0001043943287946979,0.0012313512352053189,7.795717424928505e-06,5.465992629935508
