cell,flux,tbr,tbr_stdev,"U238(n,g)","U238(n,g)_stdev","Th232(n,g)","Th232(n,g)_stdev",Pu239_kg/yr,Pu239_kg/yr_stdev,U233_kg/yr,U233_kg/yr_stdev,"Li6(n,t)","Li6(n,t)_stdev","Li7(n,t)","Li7(n,t)_stdev","Be9(n,2n)","Be9(n,2n)_stdev","Pb(n,2n)","Pb(n,2n)_stdev","tot(n,fis)","tot(n,fis)_stdev",heating [MW],heating_stdev,fisq [MW],fisq_stdev
11,1.953703799615546,0.0,0.0,0.0,0.0,0.0,0.0,0.0,0.0,0.0,0.0,0.0,0.0,0.0,0.0,0.0,0.0,0.0,0.0,0.0,0.0,27.545929877611176,0.006107144261030981,0.0,0.0
21,23.842960552432,0.0,0.0,0.0,0.0,0.0,0.0,0.0,0.0,0.0,0.0,0.0,0.0,0.0,0.0,0.0,0.0,0.0,0.0,0.0,0.0,181.3339096063897,0.013786016536002357,0.0,0.0
31,61.97987731629878,0.4778389131079387,8.39142179832603e-05,0.009498823967349771,5.247557469329724e-06,0.0,0.0,42.17382775347976,0.023298629977637604,0.0,0.0,0.47311641016112377,8.225058052258596e-05,0.0047225029468149155,1.6636374606743481e-06,0.16164919214808632,4.999301538663035e-05,0.0,0.0,0.0,0.0,284.29154572937193,0.05223408839835242,13.55808207417835,0.0033983624543549406
22,0.5456430539566063,0.0,0.0,0.0,0.0,0.0,0.0,0.0,0.0,0.0,0.0,0.0,0.0,0.0,0.0,0.0,0.0,0.0,0.0,0.0,0.0,2.6967480231446497,0.003369802864653489,0.0,0.0
32,119.34377314477915,0.8979436930426076,0.00010628992264808628,0.017779451594807982,5.093904733927988e-06,0.0,0.0,78.93898567739953,0.022616427210331053,0.0,0.0,0.8876708965686333,0.00010450631559972474,0.010272796473974223,1.7836070483615426e-06,0.34983824134674635,6.442595193116717e-05,0.0,0.0,0.0012577927672845163,3.028356218095464e-07,569.2474026334784,0.06906438774791966,28.416981030399565,0.004142551115402804
23,0.07374934774664005,0.0,0.0,0.0,0.0,0.0,0.0,0.0,0.0,0.0,0.0,0.0,0.0,0.0,0.0,0.0,0.0,0.0,0.0,0.002638630762594388,3.556941940854584e-07,0.36943219231306945,0.0007352076366041084,0.0,0.0
total,207.7397072148287,1.3757826061505463,0.0001902041406313466,0.027278275562157756,1.034146220325771e-05,0.0,0.0,121.1128134308793,0.04591505718796866,0.0,0.0,1.3607873067297571,0.0001867568961223107,0.01499529942078914,3.4472445090358907e-06,0.5114874334948327,0.00011441896731779753,0.0,0.0,0.003896423529878904,6.585298158950048e-07,1065.4849680623088,0.14529664744456303,41.97506310457791,0.007540913569757744
