cell,flux,tbr,tbr_stdev,"U238(n,g)","U238(n,g)_stdev","Th232(n,g)","Th232(n,g)_stdev",Pu239_kg/yr,Pu239_kg/yr_stdev,U233_kg/yr,U233_kg/yr_stdev,"Li6(n,t)","Li6(n,t)_stdev","Li7(n,t)","Li7(n,t)_stdev","Be9(n,2n)","Be9(n,2n)_stdev","Pb(n,2n)","Pb(n,2n)_stdev","tot(n,fis)","tot(n,fis)_stdev",heating [MW],heating_stdev,fisq [MW],fisq_stdev
11,1.9537037996155329,0.0,0.0,0.0,0.0,0.0,0.0,0.0,0.0,0.0,0.0,0.0,0.0,0.0,0.0,0.0,0.0,0.0,0.0,0.0,0.0,27.545929877611478,0.006107144261703143,0.0,0.0
21,23.84296055243181,0.0,0.0,0.0,0.0,0.0,0.0,0.0,0.0,0.0,0.0,0.0,0.0,0.0,0.0,0.0,0.0,0.0,0.0,0.0,0.0,181.33390960638528,0.013786016536002357,0.0,0.0
31,61.97987731629801,0.4778389131079413,8.391421798321787e-05,0.009498823967349914,5.247557469006894e-06,0.0,0.0,42.173827753480396,0.023298629976204275,0.0,0.0,0.47311641016112643,8.225058052258596e-05,0.0047225029468148695,1.6636374606319194e-06,0.16164919214808682,4.999301538952196e-05,0.0,0.0,0.0,0.0,284.2915457293547,0.05223408838326341,13.558082074177815,0.0033983624548079164
22,0.5456430539566106,0.0,0.0,0.0,0.0,0.0,0.0,0.0,0.0,0.0,0.0,0.0,0.0,0.0,0.0,0.0,0.0,0.0,0.0,0.0,0.0,2.6967480231446492,0.0033698028646439713,0.0,0.0
32,119.34377314478115,0.8979436930426012,0.00010628992271416657,0.017779451594807257,5.0939047332628536e-06,0.0,0.0,78.9389856773963,0.022616427207377922,0.0,0.0,0.8876708965686269,0.00010450631566612162,0.010272796473974439,1.7836070480449435e-06,0.3498382413467474,6.442595195809302e-05,0.0,0.0,0.0012577927672845252,3.02835621795434e-07,569.2474026335424,0.06906438779356754,28.41698103040138,0.004142551115898272
23,0.07374934774664008,0.0,0.0,0.0,0.0,0.0,0.0,0.0,0.0,0.0,0.0,0.0,0.0,0.0,0.0,0.0,0.0,0.0,0.0,0.0026386307625943847,3.556941939924369e-07,0.36943219231306945,0.0007352076366047899,0.0,0.0
total,207.73970721482974,1.3757826061505425,0.00019020414069738443,0.027278275562157173,1.0341462202269749e-05,0.0,0.0,121.1128134308767,0.0459150571835822,0.0,0.0,1.3607873067297533,0.00018675689618870758,0.014995299420789308,3.447244508676863e-06,0.5114874334948343,0.00011441896734761499,0.0,0.0,0.00389642352987891,6.585298157878708e-07,1065.4849680623515,0.1452966474757852,41.97506310457919,0.007540913570706189
