cell,flux,tbr,tbr_stdev,"U238(n,g)","U238(n,g)_stdev",Pu239_kg/yr,Pu239_kg/yr_stdev,"Li6(n,t)","Li6(n,t)_stdev","Li7(n,t)","Li7(n,t)_stdev","Be9(n,2n)","Be9(n,2n)_stdev","U238(n,fis)","U238(n,fis)_stdev",heating [MW],heating_stdev,fisq [MW],fisq_stdev
11,1.9534829329571368,0.0,0.0,0.0,0.0,0.0,0.0,0.0,0.0,0.0,0.0,0.0,0.0,0.0,0.0,27.54846786860217,0.006354450076327227,0.0,0.0
21,23.840528483316703,0.0,0.0,0.0,0.0,0.0,0.0,0.0,0.0,0.0,0.0,0.0,0.0,0.0,0.0,181.33014817459338,0.014682661609739916,0.0,0.0
31,61.982271074820254,0.4778506396796934,8.962918120637035e-05,0.009500827889805915,5.200697420125134e-06,42.18272496862842,0.02309057604901792,0.4731283152922867,8.792475451927819e-05,0.0047223243874066735,1.704426687092161e-06,0.16163859758202132,4.912881452303068e-05,0.0010380865429232332,2.9749320250388637e-07,284.2923311759791,0.05310964225069783,13.557923814664518,0.0033434540497449573
22,0.5458785740039255,0.0,0.0,0.0,0.0,0.0,0.0,0.0,0.0,0.0,0.0,0.0,0.0,0.0,0.0,2.6968693259952077,0.0032799890512866373,0.0,0.0
32,119.34103038077161,0.8978946385700047,0.00011473885081400392,0.017784835876144,5.608822004103446e-06,78.96289134766165,0.024902608355946144,0.8876209910067411,0.00011296038290521917,0.010273647563263646,1.7784679087847469e-06,0.34986623325850175,6.51388512508103e-05,0.0022229081845281263,3.5516787042296577e-07,569.246547479315,0.07299272180632081,28.417607594981593,0.004188993593966218
23,0.07376431108954531,0.0,0.0,0.0,0.0,0.0,0.0,0.0,0.0,0.0,0.0,0.0,0.0,0.0,0.0,0.369691586971519,0.00070896850522204,0.0,0.0
total,207.7369557569592,1.3757452782496982,0.00020436803202037427,0.027285663765949916,1.080951942422858e-05,121.14561631629007,0.047993184404964064,1.3607493062990277,0.00020088513742449736,0.01499597195067032,3.482894595876908e-06,0.511504830840523,0.00011426766577384099,0.0032609947274513593,6.526610729268522e-07,1065.4840556114566,0.15112843329959447,41.97553140964611,0.007532447643711175
