cell,flux,"Li6(n,t)","Li6(n,t)_stdev","Li7(n,t)","Li7(n,t)_stdev",tbr,tbr_stdev,"U238(n,fis)","U238(n,fis)_stdev","U238(n,g)","U238(n,g)_stdev",Pu239_kg/yr
11,1.959495446105573,0.0,0.0,0.0,0.0,0.0,0.0,0.0,0.0,0.0,0.0,0.0
21,23.899549068368948,0.0,0.0,0.0,0.0,0.0,0.0,0.0,0.0,0.0,0.0,0.0
31,61.51131100574497,0.46478648690743735,0.00017513161732257527,0.004743046747682719,4.324046982026186e-06,0.46952953365512007,0.00017945566430460145,0.004743046747682719,0.002717602462532123,0.020129465082474356,2.5171417515850082e-05,89.35509596252827
22,0.5251906841030212,0.0,0.0,0.0,0.0,0.0,0.0,0.0,0.0,0.0,0.0,0.0
32,118.00436262261489,0.868414124269705,0.0003315596813911918,0.010298066725770315,4.436099276358505e-06,0.8787121909954753,0.00033599578066755026,0.010298066725770315,0.005803747615792219,0.03746492493306709,3.887604102668931e-05,166.30754711598246
23,0.06841375175764304,0.0,0.0,0.0,0.0,0.0,0.0,0.0,0.0,0.0,0.0,0.0
total,205.96832257869505,1.3332006111771424,0.000506691298713767,0.015041113473453034,8.76014625838469e-06,1.3482417246505953,0.0005154514449721517,0.015041113473453034,0.008521350078324342,0.05759439001554145,6.40474585425394e-05,255.6626430785107
