cell,flux,"Li6(n,t)","Li6(n,t)_stdev","Li7(n,t)","Li7(n,t)_stdev",tbr,tbr_stdev,"U238(n,fis)","U238(n,fis)_stdev","U238(n,g)","U238(n,g)_stdev",Pu239_kg/yr
11,3.1200544813325153,0.0,0.0,0.0,0.0,0.0,0.0,0.0,0.0,0.0,0.0,0.0
21,10.479801489931965,0.0,0.0,0.0,0.0,0.0,0.0,0.0,0.0,0.0,0.0,0.0
31,20.58430800341899,0.07616571597547804,0.00014596618409919062,0.018793654359474447,2.2516523791854494e-05,0.09495937033495248,0.00016848270789104512,0.018793654359474447,0.0,0.0,0.0,0.0
22,28.320212756932136,0.0,0.0,0.0,0.0,0.0,0.0,0.0,0.0,0.0,0.0,0.0
32,164.0386281059365,0.9271405035451215,0.0008804945663830806,0.08230423455253807,9.627080981096397e-05,1.0094447380976594,0.0009767653761940445,0.08230423455253807,0.0,0.0,0.0,0.0
23,0.014104325714086652,0.0,0.0,0.0,0.0,0.0,0.0,0.0,0.0,0.0,0.0,0.0
total,226.55710916326623,1.0033062195205995,0.0010264607504822713,0.10109788891201252,0.00011878733360281847,1.104404108432612,0.0011452480840850898,0.10109788891201252,0.0,0.0,0.0,0.0
