fertile_kgm3,void_cell,cellfrom,leakage,leakage_stdev
25,99,[23],0.0010111,1.274352776902891e-05
25,total,,0.0010111,1.274352776902891e-05
