fertile_kgm3,void_cell,cellfrom,leakage,leakage_stdev
75,99,[23],0.0009460000000000003,3.114749856194957e-05
75,total,,0.0009460000000000003,3.114749856194957e-05
