fertile_kgm3,void_cell,cellfrom,leakage,leakage_stdev
250,99,[23],0.00088572,3.6736199222752416e-06
250,total,,0.00088572,3.6736199222752416e-06
