fertile_kgm3,void_cell,cellfrom,leakage,leakage_stdev
250,99,[23],0.0008935299999999999,4.114185824680343e-06
250,total,,0.0008935299999999999,4.114185824680343e-06
