cell,flux,tbr,tbr_stdev,"Th232(n,g)","Th232(n,g)_stdev",U233_kg/yr,U233_kg/yr_stdev,"Li6(n,t)","Li6(n,t)_stdev","Li7(n,t)","Li7(n,t)_stdev","Th232(n,fis)","Th232(n,fis)_stdev",heating [MW],heating_stdev,fisq [MW],fisq_stdev
11,2.3542435455114132,0.0,0.0,0.0,0.0,0.0,0.0,0.0,0.0,0.0,0.0,0.0,0.0,47.46242102113944,0.009681942946043548,0.0,0.0
41,11.885710468721566,0.0,0.0,0.0,0.0,0.0,0.0,0.0,0.0,0.0,0.0,0.0,0.0,45.260203619959256,0.004011446802877003,0.0,0.0
21,11.352344167300439,0.0,0.0,0.0,0.0,0.0,0.0,0.0,0.0,0.0,0.0,0.0,0.0,65.97359536828627,0.006717338037285952,0.0,0.0
31,21.503295758857472,0.12086244004499277,2.8221037695766467e-05,0.020388474849609914,6.342429063307255e-06,88.2460009969478,0.027451489411155792,0.10293399054545968,2.569136132965248e-05,0.017928449499533098,2.5296763661139883e-06,0.0007021460581806738,6.841802984695128e-08,103.96025157910535,0.009445659645248721,7.140510026041997,0.0007008227020944268
22,28.82252613418059,0.0,0.0,0.0,0.0,0.0,0.0,0.0,0.0,0.0,0.0,0.0,0.0,140.5288098373083,0.014409545362880088,0.0,0.0
32,157.88059739831652,0.9140046524721779,0.00010454057387878341,0.1581452387502379,2.770004422231752e-05,684.4889085307453,0.11989215221289092,0.8385351921280096,9.02073804864376e-05,0.07546946034416821,1.433319339234581e-05,0.0029648714960136355,4.3130429900060344e-07,572.8615347386359,0.051361759179108825,30.37292404641451,0.004364352488321547
23,0.01079343392144849,0.0,0.0,0.0,0.0,0.0,0.0,0.0,0.0,0.0,0.0,0.0,0.0,0.032482230654980744,0.0001551808290178298,0.0,0.0
total,233.80951090680944,1.0348670925171706,0.00013276161157454988,0.17853371359984782,3.404247328562477e-05,772.7349095276932,0.1473436416240467,0.9414691826734694,0.00011589874181609008,0.0933979098437013,1.68628697584598e-05,0.003667017554194309,4.997223288475547e-07,976.0792983950894,0.09578287280246198,37.513434072456505,0.0050651751904159745
