fertile_kgm3,void_cell,cellfrom,leakage,leakage_stdev
250,99,[23],0.0008903,3.9555604322682675e-06
250,total,,0.0008903,3.9555604322682675e-06
