cell,flux,tbr,tbr_stdev,"Th232(n,g)","Th232(n,g)_stdev",U233_kg/yr,U233_kg/yr_stdev,"Li6(n,t)","Li6(n,t)_stdev","Li7(n,t)","Li7(n,t)_stdev","Be9(n,2n)","Be9(n,2n)_stdev","tot(n,fis)","tot(n,fis)_stdev",heating [MW],heating_stdev,fisq [MW],fisq_stdev
11,2.354270214790194,0.0,0.0,0.0,0.0,0.0,0.0,0.0,0.0,0.0,0.0,0.0,0.0,0.0,0.0,47.45966839898351,0.012357914940170342,0.0,0.0
41,11.88611355932465,0.0,0.0,0.0,0.0,0.0,0.0,0.0,0.0,0.0,0.0,0.1202832583798012,1.5549320104585477e-05,0.0,0.0,45.25948088268696,0.004213189217191332,0.0,0.0
21,11.35272229667431,0.0,0.0,0.0,0.0,0.0,0.0,0.0,0.0,0.0,0.0,0.0,0.0,0.0,0.0,65.9710239008273,0.007194473827805898,0.0,0.0
31,21.5039651309425,0.12088543726513822,3.0632185145402896e-05,0.020373654182829264,8.79171307398536e-06,88.18185374782064,0.03805255304354631,0.10295721220013766,2.82087273768155e-05,0.017928225065000553,2.4234577685873948e-06,0.018002378642775197,2.2855801456117103e-06,0.0,0.0,103.96188940369572,0.010464595392046827,7.140442008015971,0.0007013134685583134
22,28.821229709399994,0.0,0.0,0.0,0.0,0.0,0.0,0.0,0.0,0.0,0.0,0.0,0.0,0.0007021395262524602,6.850754027765303e-08,140.53667826166563,0.01604910359153531,0.0,0.0
32,157.87835903973976,0.9139281203648533,0.00011194163152684215,0.15812967799100047,2.602452353304197e-05,684.4215579915162,0.11264011391640963,0.8384599876513554,9.72369235419605e-05,0.07546813271349782,1.4704707984881646e-05,0.0807193724797857,1.2299169111131505e-05,0.002964793187289243,4.4353224962120455e-07,572.8358260048906,0.06108207820187057,30.372111028855144,0.0044896518195532125
23,0.010820275402203738,0.0,0.0,0.0,0.0,0.0,0.0,0.0,0.0,0.0,0.0,0.0,0.0,0.0,0.0,0.032386684651898756,0.00022168667205876022,0.0,0.0
total,233.8074802262736,1.0348135576299915,0.00014257381667224505,0.17850333217382974,3.481623660702733e-05,772.6034117393369,0.15069266695995592,0.9414171998514931,0.000125445650918776,0.09339635777849838,1.712816575346904e-05,0.2190050095023621,3.0134069361328692e-05,0.003666932713541703,5.120397898988575e-07,976.0569535374016,0.11158304184267903,37.51255303687112,0.005190965288111526
