cell,flux,"Li6(n,t)","Li6(n,t)_stdev","Li7(n,t)","Li7(n,t)_stdev",tbr,tbr_stdev,"U238(n,fis)","U238(n,fis)_stdev","U238(n,g)","U238(n,g)_stdev",Pu239_kg/yr
11,2.14590415026962,0.0,0.0,0.0,0.0,0.0,0.0,0.0,0.0,0.0,0.0,0.0
21,10.799894068936261,0.0,0.0,0.0,0.0,0.0,0.0,0.0,0.0,0.0,0.0,0.0
31,21.22349713910365,0.07480087373902397,0.0001867354569432408,0.01909079914954107,1.886273291207419e-05,0.09389167288856504,0.000205598189855315,0.01909079914954107,0.0013018656830617753,0.007780372191642709,4.3423673610331015e-05,34.537226943686036
22,29.34740073180115,0.0,0.0,0.0,0.0,0.0,0.0,0.0,0.0,0.0,0.0,0.0
32,172.52873805584642,0.9136700768072219,0.0010911344196962776,0.08557618255051028,0.00011293583608508195,0.9992462593577321,0.0012040702557813596,0.08557618255051028,0.0059046981122401875,0.09314704866378924,0.0002674800833284557,413.4816021129995
23,0.013643874079622507,0.0,0.0,0.0,0.0,0.0,0.0,0.0,0.0,0.0,0.0,0.0
total,236.05907802003674,0.9884709505462459,0.0012778698766395184,0.10466698170005134,0.00013179856899715614,1.093137932246297,0.0014096684456366747,0.10466698170005134,0.007206563795301962,0.10092742085543195,0.0003109037569387867,448.01882905668555
