cell,flux,"Li6(n,t)","Li6(n,t)_stdev","Li7(n,t)","Li7(n,t)_stdev",tbr,tbr_stdev,"U238(n,fis)","U238(n,fis)_stdev","U238(n,g)","U238(n,g)_stdev",Pu239_kg/yr
11,2.115338723438391,0.0,0.0,0.0,0.0,0.0,0.0,0.0,0.0,0.0,0.0,0.0
21,10.633979518318652,0.0,0.0,0.0,0.0,0.0,0.0,0.0,0.0,0.0,0.0,0.0
31,20.88484998737313,0.08004546134584066,0.00015597745732806,0.018853874704740585,1.821722040479194e-05,0.09889933605058124,0.00017419467773285196,0.018853874704740585,0.0013016111071586216,0.0070484771992828585,3.99893086526257e-05,31.288330512069116
22,28.81150227896856,0.0,0.0,0.0,0.0,0.0,0.0,0.0,0.0,0.0,0.0,0.0
32,166.26913495742582,0.9288080236446546,0.0011547725372531182,0.08443222786849616,0.00010939013558085703,1.013240251513151,0.0012641626728339753,0.08443222786849616,0.0058950727059703814,0.08050863106132428,0.000209017694541808,357.3794149433071
23,0.012794780237997402,0.0,0.0,0.0,0.0,0.0,0.0,0.0,0.0,0.0,0.0,0.0
total,228.72760024576257,1.0088534849904953,0.0013107499945811782,0.10328610257323675,0.00012760735598564896,1.112139587563732,0.0014383573505668272,0.10328610257323675,0.007196683813129003,0.08755710826060714,0.0002490070031944337,388.66774545537623
