cell,flux,"Li6(n,t)","Li6(n,t)_stdev","Li7(n,t)","Li7(n,t)_stdev",tbr,tbr_stdev,"Th232(n,fis)","Th232(n,fis)_stdev","Th232(n,g)","Th232(n,g)_stdev",U233_kg/yr
11,1.942803418094864,0.0,0.0,0.0,0.0,0.0,0.0,0.0,0.0,0.0,0.0,0.0
21,23.71671267804054,0.0,0.0,0.0,0.0,0.0,0.0,0.0,0.0,0.0,0.0,0.0
31,61.36205836543296,0.48270512023405987,0.0008434614905293634,0.004839008418339733,1.2459181683334893e-05,0.4875441286523996,0.0008559206722126983,0.004839008418339733,0.0,0.0,0.0,0.0
22,0.5361482810401058,0.0,0.0,0.0,0.0,0.0,0.0,0.0,0.0,0.0,0.0,0.0
32,118.38266268040772,0.9064058903422231,0.000798612774207086,0.010549967609643012,1.3446236580340258e-05,0.9169558579518661,0.0008120590107874262,0.010549967609643012,0.0,0.0,0.0,0.0
23,0.07415108313068985,0.0,0.0,0.0,0.0,0.0,0.0,0.0,0.0,0.0,0.0,0.0
total,206.0145365061469,1.389111010576283,0.0016420742647364494,0.015388976027982745,2.590541826367515e-05,1.4044999866042658,0.0016679796830001245,0.015388976027982745,0.0,0.0,0.0,0.0
