cell,flux,tbr,tbr_stdev,"U238(n,g)","U238(n,g)_stdev","Th232(n,g)","Th232(n,g)_stdev","U235(n,inel)","U235(n,inel)_stdev","U238(n,inel)","U238(n,inel)_stdev","Th232(n,inel)","Th232(n,inel)_stdev","U235(n,el)","U235(n,el)_stdev","U238(n,el)","U238(n,el)_stdev","Th232(n,el)","Th232(n,el)_stdev","Li6(n,el)","Li6(n,el)_stdev","Li7(n,el)","Li7(n,el)_stdev","Be9(n,el)","Be9(n,el)_stdev","Pb(n,el)","Pb(n,el)_stdev",Pu239_kg/yr,Pu239_kg/yr_stdev,U233_kg/yr,U233_kg/yr_stdev,"Li6(n,t)","Li6(n,t)_stdev","Li7(n,t)","Li7(n,t)_stdev","Be9(n,2n)","Be9(n,2n)_stdev","Pb(n,2n)","Pb(n,2n)_stdev","tot(n,fis)","tot(n,fis)_stdev","tot(n,nufis)","tot(n,nufis)_stdev",heating [MW],heating_stdev,fisq [MW],fisq_stdev
31,21.479069124127975,0.133101066981245,7.793748957964233e-05,0.0,0.0,0.00012269794164087542,2.2082969232203178e-07,0.0,0.0,0.0,0.0,0.000731222397688598,3.50169367516666e-07,0.0,0.0,0.0,0.0,0.0,0.0,0.0,0.0,0.0,0.0,0.0,0.0,0.0,0.0,0.0,0.0,0.5310648668049487,0.0009558016179507678,0.11416142921193544,7.101765676587044e-05,0.01893963776930955,6.919832813771885e-06,0.019023472069404534,7.2911464577600255e-06,0.0,0.0,2.8168947559025185e-06,8.651341250566367e-10,9.805488461842495e-06,2.702526129634808e-09,94.39759308682821,0.030984372642084153,0.028647557238285656,8.948990697560956e-06
32,160.0570440680859,1.0602699701096316,0.00036576081752630037,0.0,0.0,0.0011265783053575334,1.1650465816354212e-06,0.0,0.0,0.0,0.0,0.006226670848405062,2.0252597374303324e-06,0.0,0.0,0.0,0.0,0.0,0.0,0.0,0.0,0.0,0.0,0.0,0.0,0.0,0.0,0.0,0.0,4.876089604104092,0.00504258913738499,0.9789046914427212,0.0003216874012302678,0.08136527866691041,4.407341629603256e-05,0.08707792135461072,4.3444533462922124e-05,0.0,0.0,1.2132970638926566e-05,5.855305012474981e-09,3.9920149418370706e-05,1.9989266880709233e-08,543.5573176795807,0.13722150019402704,0.12431275517200821,5.9739272821518014e-05
total,181.53611319221386,1.1933710370908766,0.0004436983071059427,0.0,0.0,0.0012492762469984088,1.385876273957453e-06,0.0,0.0,0.0,0.0,0.00695789324609366,2.3754291049469984e-06,0.0,0.0,0.0,0.0,0.0,0.0,0.0,0.0,0.0,0.0,0.0,0.0,0.0,0.0,0.0,0.0,5.407154470909041,0.005998390755335758,1.0930661206546566,0.0003927050579961382,0.10030491643621997,5.0993249109804444e-05,0.10610139342401526,5.073567992068215e-05,0.0,0.0,1.4949865394829085e-05,6.720439137531618e-09,4.97256378802132e-05,2.269179301034404e-08,637.954910766409,0.1682058728361112,0.15296031241029387,6.868826351907897e-05
