cell,flux,"Li6(n,t)","Li6(n,t)_stdev","Li7(n,t)","Li7(n,t)_stdev",tbr,tbr_stdev,"Th232(n,fis)","Th232(n,fis)_stdev","Th232(n,g)","Th232(n,g)_stdev",U233_kg/yr
11,2.1381814833733563,0.0,0.0,0.0,0.0,0.0,0.0,0.0,0.0,0.0,0.0,0.0
21,10.765415826085004,0.0,0.0,0.0,0.0,0.0,0.0,0.0,0.0,0.0,0.0,0.0
31,21.171309502570345,0.06837123138599538,0.00010557914241724012,0.018105196921278013,1.2101372652747371e-05,0.0864764283072734,0.0001176805150699875,0.018105196921278013,0.001032962139186629,0.018811498106120622,4.674779227421962e-05,81.40434533548155
22,29.24609455633483,0.0,0.0,0.0,0.0,0.0,0.0,0.0,0.0,0.0,0.0,0.0
32,169.29529809249044,0.8065734961175673,0.0008632549438349519,0.0798455600469395,6.801933787010266e-05,0.8864190561645069,0.0009312742817050545,0.0798455600469395,0.00451369287014639,0.20525116912946367,0.00018409283150355014,888.1981093727919
23,0.012542115450000746,0.0,0.0,0.0,0.0,0.0,0.0,0.0,0.0,0.0,0.0,0.0
total,232.62884157630398,0.8749447275035627,0.000968834086252192,0.09795075696821752,8.012071052285004e-05,0.9728954844717803,0.001048954796775042,0.09795075696821752,0.00554665500933302,0.2240626672355843,0.00023084062377776976,969.6024547082735
