cell,flux,"Li6(n,t)","Li6(n,t)_stdev","Li7(n,t)","Li7(n,t)_stdev",tbr,tbr_stdev,"Th232(n,fis)","Th232(n,fis)_stdev","Th232(n,g)","Th232(n,g)_stdev",U233_kg/yr
11,2.123915857498768,0.0,0.0,0.0,0.0,0.0,0.0,0.0,0.0,0.0,0.0,0.0
21,10.675691672987003,0.0,0.0,0.0,0.0,0.0,0.0,0.0,0.0,0.0,0.0,0.0
31,20.92737259332395,0.07105889486781777,0.00019386026547278432,0.0174328612687175,1.5148749494942908e-05,0.08849175613653527,0.00020900901496772722,0.0174328612687175,0.001335889212921906,0.021757783193229848,0.00011751328756038753,94.1540161663115
22,28.8708623071185,0.0,0.0,0.0,0.0,0.0,0.0,0.0,0.0,0.0,0.0,0.0
32,163.91850807486057,0.7962909313797322,0.0007716861991111483,0.07620369241582603,9.939134378908906e-05,0.8724946237955582,0.0008710775429002374,0.07620369241582603,0.005789789631503088,0.22451342616660477,0.00029597154321006733,971.5530561689781
23,0.011476068393544172,0.0,0.0,0.0,0.0,0.0,0.0,0.0,0.0,0.0,0.0,0.0
total,226.52782657418234,0.86734982624755,0.0009655464645839326,0.09363655368454353,0.00011454009328403197,0.9609863799320935,0.0010800865578679646,0.09363655368454353,0.007125678844424993,0.24627120935983463,0.00041348483077045486,1065.7070723352895
