cell,flux,"Li6(n,t)","Li6(n,t)_stdev","Li7(n,t)","Li7(n,t)_stdev",tbr,tbr_stdev,"U238(n,fis)","U238(n,fis)_stdev","U238(n,g)","U238(n,g)_stdev",Pu239_kg/yr
11,2.020646886208794,0.0,0.0,0.0,0.0,0.0,0.0,0.0,0.0,0.0,0.0,0.0
21,24.75520274820969,0.0,0.0,0.0,0.0,0.0,0.0,0.0,0.0,0.0,0.0,0.0
31,67.69530355232578,0.43580345978229884,0.0009298445838538796,0.0039055742075747857,1.4256312671599143e-05,0.4397090339898736,0.0009441008965254788,0.0039055742075747857,0.00546624399926064,0.040154719244752404,0.00012558671731222683,178.2475975771028
22,0.6400838342547102,0.0,0.0,0.0,0.0,0.0,0.0,0.0,0.0,0.0,0.0,0.0
32,130.42444866576554,0.8213025681787329,0.0008017569941748588,0.008461395576774632,1.5837006271004133e-05,0.8297639637555075,0.0008175940004458629,0.008461395576774632,0.011661301044101204,0.07524377282871794,0.0001522777402437732,334.00860450814884
23,0.09275784333689076,0.0,0.0,0.0,0.0,0.0,0.0,0.0,0.0,0.0,0.0,0.0
total,225.6284435301014,1.2571060279610318,0.0017316015780287383,0.012366969784349417,3.0093318942603276e-05,1.2694729977453811,0.0017616948969713417,0.012366969784349417,0.017127545043361843,0.11539849207347035,0.00027786445755600004,512.2562020852516
