fertile_kgm3,void_cell,cellfrom,leakage,leakage_stdev
1,99,[23],0.042011889999999996,2.8087360294902624e-05
1,total,,0.042011889999999996,2.8087360294902624e-05
