cell,flux,tbr,tbr_stdev,"Th232(n,g)","Th232(n,g)_stdev",U233_kg/yr,U233_kg/yr_stdev,"Li6(n,t)","Li6(n,t)_stdev","Li7(n,t)","Li7(n,t)_stdev","Th232(n,fis)","Th232(n,fis)_stdev",heat_eV_src,heat_eV_src_stdev
11,2.344777823870994,0.0,0.0,0.0,0.0,0.0,0.0,0.0,0.0,0.0,0.0,0.0,0.0,852055.874103057,446.00076159311
41,11.846911851566585,0.0,0.0,0.0,0.0,0.0,0.0,0.0,0.0,0.0,0.0,0.0,0.0,796668.5445622497,232.939141005268
21,11.322608185748493,0.0,0.0,0.0,0.0,0.0,0.0,0.0,0.0,0.0,0.0,0.0,0.0,1166868.2024053656,348.6749106527237
31,21.47817682817346,0.13321240585189328,8.366164557676962e-05,1.2302768984105688e-05,2.3900995076427348e-08,0.053238654854338124,0.00010342849070750455,0.11426783210125539,7.735724826581142e-05,0.01894457375063788,6.304397310958209e-06,2.817507936896366e-07,7.07829144829695e-11,1661126.7223397142,431.3715111307588
22,28.79379899210575,0.0,0.0,0.0,0.0,0.0,0.0,0.0,0.0,0.0,0.0,0.0,0.0,2498137.2530246265,608.40848207666
32,160.05771625763927,1.0610270435570985,0.00044164768345369797,0.00011315069461658604,9.923733712402412e-08,0.48964511850979325,0.00042943684845542647,0.9796688753665685,0.00040076324858289125,0.08135816819052996,4.0884434870806734e-05,1.2129873809369144e-06,4.948494546516671e-10,9563197.351034082,2704.7842322149363
23,0.012433362913177386,0.0,0.0,0.0,0.0,0.0,0.0,0.0,0.0,0.0,0.0,0.0,0.0,655.8101470891359,10.83671887761894
total,235.85642330201773,1.1942394494089918,0.0005253093290304676,0.00012545346360069172,1.2313833220045147e-07,0.5428837733641314,0.000532865339162931,1.093936707467824,0.00047812049684870265,0.10030274194116784,4.718883218176494e-05,1.494738174626551e-06,5.656323691346366e-10,16538709.757616187,4783.015757551076
