fertile_kgm3,void_cell,cellfrom,leakage,leakage_stdev
50,99,[23],0.001,2.8795254238618488e-05
50,total,,0.001,2.8795254238618488e-05
