fertile_kgm3,void_cell,cellfrom,leakage,leakage_stdev
150,99,[23],0.0008900000000000004,2.2360679774997356e-05
150,total,,0.0008900000000000004,2.2360679774997356e-05
