cell,flux,"Li6(n,t)","Li6(n,t)_stdev","Li7(n,t)","Li7(n,t)_stdev",tbr,tbr_stdev,"U238(n,fis)","U238(n,fis)_stdev","U238(n,g)","U238(n,g)_stdev",Pu239_kg/yr
11,3.1007410824914756,0.0,0.0,0.0,0.0,0.0,0.0,0.0,0.0,0.0,0.0,0.0
21,10.420434227201687,0.0,0.0,0.0,0.0,0.0,0.0,0.0,0.0,0.0,0.0,0.0
31,20.470788395590613,0.07982065007573247,0.0001903739964330059,0.01901024627738953,2.7901521503193015e-05,0.098830896353122,0.00021827551793619893,0.01901024627738953,0.0,0.0,0.0,0.0
22,28.22154897436682,0.0,0.0,0.0,0.0,0.0,0.0,0.0,0.0,0.0,0.0,0.0
32,164.60407231877792,0.9886628975992771,0.0010176941208948282,0.0859166026830438,0.00018068692052452767,1.0745795002823209,0.0011983810414193559,0.0859166026830438,0.0,0.0,0.0,0.0
23,0.014058425329711893,0.0,0.0,0.0,0.0,0.0,0.0,0.0,0.0,0.0,0.0,0.0
total,226.83164342375824,1.0684835476750094,0.0012080681173278342,0.10492684896043333,0.0002085884420277207,1.1734103966354428,0.0014166565593555548,0.10492684896043333,0.0,0.0,0.0,0.0
