cell,flux,"Li6(n,t)","Li6(n,t)_stdev","Li7(n,t)","Li7(n,t)_stdev",tbr,tbr_stdev,"Th232(n,fis)","Th232(n,fis)_stdev","Th232(n,g)","Th232(n,g)_stdev",U233_kg/yr
11,1.949321059662947,0.0,0.0,0.0,0.0,0.0,0.0,0.0,0.0,0.0,0.0,0.0
21,23.71949136857769,0.0,0.0,0.0,0.0,0.0,0.0,0.0,0.0,0.0,0.0,0.0
31,61.96009989846749,0.47439487931567187,0.0008936276745383392,0.005002989449183798,1.950446015582461e-05,0.4793978687648557,0.0009131321346941638,0.005002989449183798,0.00046584935890059686,0.013775886008694468,5.094240144145811e-05,59.613379839701444
22,0.5230995717908199,0.0,0.0,0.0,0.0,0.0,0.0,0.0,0.0,0.0,0.0,0.0
32,115.44629536245034,0.8636212590329471,0.0007775891894138495,0.010351538244153384,2.019086171150679e-05,0.8739727972771004,0.0007977800511253562,0.010351538244153384,0.0009552952434228887,0.024900671015674072,4.709313575059122e-05,107.75446011849655
23,0.0658931621735322,0.0,0.0,0.0,0.0,0.0,0.0,0.0,0.0,0.0,0.0,0.0
total,203.66420042312282,1.3380161383486189,0.0016712168639521885,0.015354527693337183,3.9695321867331404e-05,1.3533706660419562,0.0017109121858195201,0.015354527693337183,0.0014211446023234856,0.03867655702436854,9.803553719204933e-05,167.367839958198
