cell,flux,"Li6(n,t)","Li6(n,t)_stdev","Li7(n,t)","Li7(n,t)_stdev",tbr,tbr_stdev,"U238(n,fis)","U238(n,fis)_stdev","U238(n,g)","U238(n,g)_stdev",Pu239_kg/yr
11,3.1281557167401397,0.0,0.0,0.0,0.0,0.0,0.0,0.0,0.0,0.0,0.0,0.0
21,10.505209134733708,0.0,0.0,0.0,0.0,0.0,0.0,0.0,0.0,0.0,0.0,0.0
31,20.61989276210563,0.07505261786854309,6.504151903280883e-05,0.018609925235017505,2.0946687909634677e-05,0.09366254310356059,8.59882069424435e-05,0.018609925235017505,0.0,0.0,0.0,0.0
22,28.37775763038208,0.0,0.0,0.0,0.0,0.0,0.0,0.0,0.0,0.0,0.0,0.0
32,163.90212187405524,0.9068878083073237,0.0008031375404887644,0.08125220273086987,0.00010422535270013392,0.9881400110381936,0.0009073628931888984,0.08125220273086987,0.0,0.0,0.0,0.0
23,0.013447225707922783,0.0,0.0,0.0,0.0,0.0,0.0,0.0,0.0,0.0,0.0,0.0
total,226.5465843437247,0.9819404261758669,0.0008681790595215733,0.09986212796588738,0.00012517204060976859,1.0818025541417542,0.000993351100131342,0.09986212796588738,0.0,0.0,0.0,0.0
