cell,flux,"Li6(n,t)","Li6(n,t)_stdev","Li7(n,t)","Li7(n,t)_stdev",tbr,tbr_stdev,"Th232(n,fis)","Th232(n,fis)_stdev","Th232(n,g)","Th232(n,g)_stdev",U233_kg/yr
11,1.9434661216217506,0.0,0.0,0.0,0.0,0.0,0.0,0.0,0.0,0.0,0.0,0.0
21,23.717640720129495,0.0,0.0,0.0,0.0,0.0,0.0,0.0,0.0,0.0,0.0,0.0
31,61.40390100990648,0.4805621213562919,0.0007365776831196185,0.004820029938784575,1.2003647454577014e-05,0.48538215129507645,0.0007485813305741955,0.004820029938784575,4.723046329034928e-05,0.0016512910263395137,4.281486177531875e-06,7.145750125758837
22,0.5359639904848124,0.0,0.0,0.0,0.0,0.0,0.0,0.0,0.0,0.0,0.0,0.0
32,118.41793212471407,0.9018633190856308,0.0005486724130228319,0.010502006403357172,1.3685999048047486e-05,0.912365325488988,0.0005623584120708794,0.010502006403357172,0.00010171151091025101,0.0030929527408331925,6.622987485364023e-06,13.384356291070132
23,0.07408396724028944,0.0,0.0,0.0,0.0,0.0,0.0,0.0,0.0,0.0,0.0,0.0
total,206.0929879340969,1.3824254404419227,0.0012852500961424503,0.015322036342141746,2.56896465026245e-05,1.3977474767840645,0.0013109397426450749,0.015322036342141746,0.0001489419742006003,0.004744243767172706,1.0904473662895897e-05,20.530106416828968
