cell,flux,"Li6(n,t)","Li6(n,t)_stdev","Li7(n,t)","Li7(n,t)_stdev",tbr,tbr_stdev,"U238(n,fis)","U238(n,fis)_stdev","U238(n,g)","U238(n,g)_stdev",Pu239_kg/yr,Pu239_kg/yr_stdev
11,1.958295744615181,0.0,0.0,0.0,0.0,0.0,0.0,0.0,0.0,0.0,0.0,0.0,0.0
21,23.91661179142746,0.0,0.0,0.0,0.0,0.0,0.0,0.0,0.0,0.0,0.0,0.0,0.0
31,62.21946897835555,0.4679498741287347,0.0006221269451295194,0.0046473807630144914,1.1149678959419353e-05,0.4725972548917492,0.0006332766240889388,0.0015849546154145795,3.686603923881442e-06,0.013580007915183373,4.737726456864358e-05,60.281925300120534,0.2103086199572701
22,0.5475143048112459,0.0,0.0,0.0,0.0,0.0,0.0,0.0,0.0,0.0,0.0,0.0,0.0
32,119.87970788980931,0.879151062453017,0.0007588388991555186,0.010129607825252265,1.3515958380360825e-05,0.8892806702782693,0.0007723548575358794,0.0033978364725331957,3.3703783811085246e-06,0.02536727226091795,4.5008937646366576e-05,112.60582623009662,0.19979556963309883
23,0.07477678014655083,0.0,0.0,0.0,0.0,0.0,0.0,0.0,0.0,0.0,0.0,0.0,0.0
total,208.5963754891653,1.3471009365817517,0.001380965844285038,0.014776988588266756,2.4665637339780176e-05,1.3618779251700186,0.0014056314816248182,0.004982791087947775,7.056982304989967e-06,0.03894728017610132,9.238620221501016e-05,172.88775153021714,0.41010418959036893
