cell,flux,"Li6(n,t)","Li6(n,t)_stdev","Li7(n,t)","Li7(n,t)_stdev",tbr,tbr_stdev,"U238(n,fis)","U238(n,fis)_stdev","U238(n,g)","U238(n,g)_stdev",Pu239_kg/yr
11,1.9596457168330363,0.0,0.0,0.0,0.0,0.0,0.0,0.0,0.0,0.0,0.0,0.0
21,23.890999320007204,0.0,0.0,0.0,0.0,0.0,0.0,0.0,0.0,0.0,0.0,0.0
31,62.34139116537217,0.4693745726829814,0.0013299263632662094,0.004673717521128396,1.865395977719225e-05,0.47404829020410977,0.0013485803230434015,0.004673717521128396,0.0015930363557287181,0.013604960644672193,5.8887284365911976e-05,60.39269096273825
22,0.5484168286890279,0.0,0.0,0.0,0.0,0.0,0.0,0.0,0.0,0.0,0.0,0.0
32,119.75959789708038,0.8790911716886116,0.001874180131020416,0.010107207905470433,1.9605366450239473e-05,0.8891983795940821,0.0018937854974706554,0.010107207905470433,0.0033966469374883948,0.025450252189580264,6.588770704434175e-05,112.97417578425544
23,0.07256006129924401,0.0,0.0,0.0,0.0,0.0,0.0,0.0,0.0,0.0,0.0,0.0
total,208.57261098928106,1.348465744371593,0.0032041064942866255,0.01478092542659883,3.825932622743172e-05,1.3632466697981918,0.003242365820514057,0.01478092542659883,0.004989683293217113,0.03905521283425246,0.00012477499141025372,173.36686674699368
