cell,flux,"Li6(n,t)","Li6(n,t)_stdev","Li7(n,t)","Li7(n,t)_stdev",tbr,tbr_stdev,"U238(n,fis)","U238(n,fis)_stdev","U238(n,g)","U238(n,g)_stdev",Pu239_kg/yr
11,2.0955444811353514,0.0,0.0,0.0,0.0,0.0,0.0,0.0,0.0,0.0,0.0,0.0
21,10.532308597702093,0.0,0.0,0.0,0.0,0.0,0.0,0.0,0.0,0.0,0.0,0.0
31,20.67291859229541,0.07996275276123528,0.00020328779210224634,0.019003686449550184,1.822625485319755e-05,0.09896643921078546,0.0002215140469554439,0.019003686449550184,0.0,0.0,0.0,0.0
22,28.51301767063727,0.0,0.0,0.0,0.0,0.0,0.0,0.0,0.0,0.0,0.0,0.0
32,163.60577065004992,0.9297961587025607,0.0010102395442085422,0.08535799699883985,0.0001185713705365713,1.0151541557014006,0.0011288109147451135,0.08535799699883985,0.0,0.0,0.0,0.0
23,0.012452995040760443,0.0,0.0,0.0,0.0,0.0,0.0,0.0,0.0,0.0,0.0,0.0
total,225.4320129868608,1.009758911463796,0.0012135273363107885,0.10436168344839003,0.00013679762538976886,1.114120594912186,0.0013503249617005573,0.10436168344839003,0.0,0.0,0.0,0.0
