cell,flux,"Li6(n,t)","Li6(n,t)_stdev","Li7(n,t)","Li7(n,t)_stdev",tbr,tbr_stdev,"Th232(n,fis)","Th232(n,fis)_stdev","Th232(n,g)","Th232(n,g)_stdev",U233_kg/yr
11,2.09665577203102,0.0,0.0,0.0,0.0,0.0,0.0,0.0,0.0,0.0,0.0,0.0
21,10.536743510896887,0.0,0.0,0.0,0.0,0.0,0.0,0.0,0.0,0.0,0.0,0.0
31,20.67047854243642,0.08004623963066212,0.0002157007501701184,0.019004158913479317,1.871535918270357e-05,0.09905039854414144,0.00023441610935282195,0.019004158913479317,0.0002618609307757722,0.005530506227706457,1.793060187566739e-05,23.932556370604303
22,28.50999148458161,0.0,0.0,0.0,0.0,0.0,0.0,0.0,0.0,0.0,0.0,0.0
32,163.63519928465996,0.9292428914130179,0.0011103497396368416,0.08536857234470704,0.00011756883592737174,1.0146114637577248,0.0012279185755642134,0.08536857234470704,0.0011648365204276416,0.06456700109024185,0.00011213503592306264,279.405416005455
23,0.012269008226917049,0.0,0.0,0.0,0.0,0.0,0.0,0.0,0.0,0.0,0.0,0.0
total,225.46133760283283,1.00928913104368,0.00132605048980696,0.10437273125818636,0.0001362841951100753,1.1136618623018664,0.0014623346849170354,0.10437273125818636,0.0014266974512034138,0.07009750731794831,0.00013006563779873004,303.33797237605927
