fertile_kgm3,void_cell,cellfrom,leakage,leakage_stdev
4000,99,[23],0.00023899999999999998,1.5684387141358126e-05
4000,total,,0.00023899999999999998,1.5684387141358126e-05
