cell,flux,"Li6(n,t)","Li6(n,t)_stdev","Li7(n,t)","Li7(n,t)_stdev",tbr,tbr_stdev,"Th232(n,fis)","Th232(n,fis)_stdev","Th232(n,g)","Th232(n,g)_stdev",U233_kg/yr
11,1.9903795498160264,0.0,0.0,0.0,0.0,0.0,0.0,0.0,0.0,0.0,0.0,0.0
21,24.34461335361862,0.0,0.0,0.0,0.0,0.0,0.0,0.0,0.0,0.0,0.0,0.0
31,66.09877289171008,0.4205226061661219,0.0009897250992811878,0.003875399763198942,1.5264883810071584e-05,0.42439800592932087,0.0010049899830912594,0.003875399763198942,0.0015914632163141662,0.04501368194339371,0.00012223286230690232,194.790935260457
22,0.622529757764235,0.0,0.0,0.0,0.0,0.0,0.0,0.0,0.0,0.0,0.0,0.0
32,127.10292849827826,0.7917823633461379,0.0011705110573839773,0.008389827363657707,1.5705640078254996e-05,0.8001721907097956,0.0011862166974622322,0.008389827363657707,0.003408439031135378,0.08455096283446085,0.0001378440380713433,365.88344735736297
23,0.08963955698048463,0.0,0.0,0.0,0.0,0.0,0.0,0.0,0.0,0.0,0.0,0.0
total,220.24886360816768,1.2123049695122599,0.002160236156665165,0.012265227126856649,3.097052388832658e-05,1.2245701966391165,0.0021912066805534914,0.012265227126856649,0.004999902247449544,0.12956464477785457,0.00026007690037824563,560.6743826178199
