cell,flux,"Li6(n,t)","Li6(n,t)_stdev","Li7(n,t)","Li7(n,t)_stdev",tbr,tbr_stdev,"U238(n,fis)","U238(n,fis)_stdev","U238(n,g)","U238(n,g)_stdev",Pu239_kg/yr
11,3.118690303293145,0.0,0.0,0.0,0.0,0.0,0.0,0.0,0.0,0.0,0.0,0.0
21,10.476486959927943,0.0,0.0,0.0,0.0,0.0,0.0,0.0,0.0,0.0,0.0,0.0
31,20.58720109086426,0.07663899394273958,0.00018181818482656357,0.01885896476733851,2.206187328125688e-05,0.0954979587100781,0.00020388005810782046,0.01885896476733851,0.0,0.0,0.0,0.0
22,28.31212709967923,0.0,0.0,0.0,0.0,0.0,0.0,0.0,0.0,0.0,0.0,0.0
32,164.01609832680708,0.9331057606281149,0.0010387090483335354,0.0826909615659639,0.00010386587274680748,1.0157967221940787,0.0011425749210803428,0.0826909615659639,0.0,0.0,0.0,0.0
23,0.014110425427722464,0.0,0.0,0.0,0.0,0.0,0.0,0.0,0.0,0.0,0.0,0.0
total,226.5247142059994,1.0097447545708544,0.001220527233160099,0.1015499263333024,0.00012592774602806435,1.1112946809041568,0.0013464549791881632,0.1015499263333024,0.0,0.0,0.0,0.0
