cell,flux,"Li6(n,t)","Li6(n,t)_stdev","Li7(n,t)","Li7(n,t)_stdev",tbr,tbr_stdev,"Th232(n,fis)","Th232(n,fis)_stdev","Th232(n,g)","Th232(n,g)_stdev",U233_kg/yr
11,2.1221100641027926,0.0,0.0,0.0,0.0,0.0,0.0,0.0,0.0,0.0,0.0,0.0
21,10.68528543225263,0.0,0.0,0.0,0.0,0.0,0.0,0.0,0.0,0.0,0.0,0.0
31,21.02173378798223,0.07842897832819186,8.6220687299307e-05,0.019603185765202626,1.4247335045972065e-05,0.09803216409339449,0.00010046802234527906,0.019603185765202626,3.352536423286181e-05,0.0009034300846986192,4.442989252201141e-06,3.909477819703328
22,29.03853854844951,0.0,0.0,0.0,0.0,0.0,0.0,0.0,0.0,0.0,0.0,0.0
32,170.41999874244271,0.9685320077193328,0.0008066921345539135,0.08856156220953752,8.912343029654267e-05,1.0570935699288704,0.0008958155648504561,0.08856156220953752,0.00014996688221844293,0.01198984008712446,2.4436434901838007e-05,51.88449518818038
23,0.014186609055987875,0.0,0.0,0.0,0.0,0.0,0.0,0.0,0.0,0.0,0.0,0.0
total,233.30185318428587,1.0469609860475246,0.0008929128218532205,0.10816474797474016,0.00010337076534251473,1.155125734022265,0.0009962835871957351,0.10816474797474016,0.00018349224645130473,0.01289327017182308,2.8879424154039147e-05,55.79397300788371
