cell,flux,"Li6(n,t)","Li6(n,t)_stdev","Li7(n,t)","Li7(n,t)_stdev",tbr,tbr_stdev,"U238(n,fis)","U238(n,fis)_stdev","U238(n,g)","U238(n,g)_stdev",Pu239_kg/yr
11,2.089703858804077,0.0,0.0,0.0,0.0,0.0,0.0,0.0,0.0,0.0,0.0,0.0
21,10.508960416836823,0.0,0.0,0.0,0.0,0.0,0.0,0.0,0.0,0.0,0.0,0.0
31,20.63705797224509,0.08337399196918331,6.30390139067581e-05,0.019420688155610367,6.323880899146928e-06,0.10279468012479367,6.936289480590502e-05,0.019420688155610367,2.973484880398911e-07,2.401052128256601e-06,6.5740244256730535e-09,0.010658318164559435
22,28.450002737894124,0.0,0.0,0.0,0.0,0.0,0.0,0.0,0.0,0.0,0.0,0.0
32,164.19266197624128,0.9851685613261194,0.0002690956963906916,0.08767662458877105,2.7800868927950492e-05,1.0728451859148904,0.0002968965653186421,0.08767662458877105,1.3539451057925998e-06,3.4101571873018196e-05,3.070813693318801e-08,0.15137755597090283
23,0.013031005120234761,0.0,0.0,0.0,0.0,0.0,0.0,0.0,0.0,0.0,0.0,0.0
total,225.89141796714165,1.0685425532953028,0.0003321347102974497,0.10709731274438142,3.412474982709742e-05,1.175639866039684,0.00036625946012454715,0.10709731274438142,1.6512935938324908e-06,3.6502624001274796e-05,3.7282161358861063e-08,0.16203587413546228
