cell,flux,"Li6(n,t)","Li6(n,t)_stdev","Li7(n,t)","Li7(n,t)_stdev",tbr,tbr_stdev,"U238(n,fis)","U238(n,fis)_stdev","U238(n,g)","U238(n,g)_stdev",Pu239_kg/yr
11,3.10075775496598,0.0,0.0,0.0,0.0,0.0,0.0,0.0,0.0,0.0,0.0,0.0
21,10.420258437640992,0.0,0.0,0.0,0.0,0.0,0.0,0.0,0.0,0.0,0.0,0.0
31,20.470420898634664,0.07978195861878414,0.00019501498688087455,0.019009231650091517,2.7934244446143896e-05,0.09879119026887564,0.00022294923132701845,0.019009231650091517,0.0,0.0,0.0,0.0
22,28.2200041166649,0.0,0.0,0.0,0.0,0.0,0.0,0.0,0.0,0.0,0.0,0.0
32,164.6025106701203,0.9884856830753395,0.0010037306362208416,0.0859047670909804,0.00017996465699750375,1.07439045016632,0.0011836952932183455,0.0859047670909804,0.0,0.0,0.0,0.0
23,0.014067417037227586,0.0,0.0,0.0,0.0,0.0,0.0,0.0,0.0,0.0,0.0,0.0
total,226.82801929506408,1.0682676416941237,0.0011987456231017162,0.1049139987410719,0.00020789890144364765,1.1731816404351956,0.0014066445245453638,0.1049139987410719,0.0,0.0,0.0,0.0
