fertile_kgm3,void_cell,cellfrom,leakage,leakage_stdev
50,99,[23],0.0010300000000000003,9.928914005737636e-05
50,total,,0.0010300000000000003,9.928914005737636e-05
