cell,flux,tbr,tbr_stdev,"U238(n,g)","U238(n,g)_stdev","Th232(n,g)","Th232(n,g)_stdev","U235(n,inel)","U235(n,inel)_stdev","U238(n,inel)","U238(n,inel)_stdev","Th232(n,inel)","Th232(n,inel)_stdev","U235(n,el)","U235(n,el)_stdev","U238(n,el)","U238(n,el)_stdev","Th232(n,el)","Th232(n,el)_stdev","Li6(n,el)","Li6(n,el)_stdev","Li7(n,el)","Li7(n,el)_stdev","Be9(n,el)","Be9(n,el)_stdev","Pb(n,el)","Pb(n,el)_stdev",Pu239_kg/yr,Pu239_kg/yr_stdev,U233_kg/yr,U233_kg/yr_stdev,"Li6(n,t)","Li6(n,t)_stdev","Li7(n,t)","Li7(n,t)_stdev","Be9(n,2n)","Be9(n,2n)_stdev","Pb(n,2n)","Pb(n,2n)_stdev","tot(n,fis)","tot(n,fis)_stdev","tot(n,nufis)","tot(n,nufis)_stdev",heating [MW],heating_stdev,fisq [MW],fisq_stdev
31,63.07031908392653,0.433114230806027,0.0002316062802231982,0.0,0.0,0.04130320114638572,3.3100733697084815e-05,0.0,0.0,0.0,0.0,0.5016739599140119,0.00021493130835769985,0.0,0.0,0.0,0.0,0.0,0.0,0.0,0.0,0.0,0.0,0.0,0.0,0.0,0.0,0.0,0.0,178.76973910144267,0.14326757643122762,0.428929425464038,0.00022898215192565947,0.004184805341989006,2.6241282975387316e-06,0.14316187095855892,8.509930059077552e-05,0.0,0.0,0.0015418888942983022,8.867589197541207e-07,0.005153018377927568,3.045143821279746e-06,281.6005435173241,0.11197570421607926,15.766182231635996,0.009048860383575823
32,120.87074576736279,0.8111379536227573,0.00028816898417159247,0.0,0.0,0.07700692798104565,4.485336399362909e-05,0.0,0.0,0.0,0.0,0.9467753934374675,0.0002874628001776413,0.0,0.0,0.0,0.0,0.0,0.0,0.0,0.0,0.0,0.0,0.0,0.0,0.0,0.0,0.0,0.0,333.30366756281717,0.19413565913558192,0.8020524736488261,0.0002830298007047485,0.009085479973931112,5.139183466843948e-06,0.30906168999887834,0.00015280832452316007,0.0,0.0,0.0033062814865879703,1.4647162553407964e-06,0.011088167659175491,5.022994443862052e-06,563.6889939307941,0.1813793947679369,33.791752116394534,0.01493461001686053
total,183.94106485128933,1.2442521844287844,0.0005197752643947907,0.0,0.0,0.11831012912743137,7.79540976907139e-05,0.0,0.0,0.0,0.0,1.4484493533514793,0.0005023941085353412,0.0,0.0,0.0,0.0,0.0,0.0,0.0,0.0,0.0,0.0,0.0,0.0,0.0,0.0,0.0,0.0,512.0734066642599,0.3374032355668095,1.230981899112864,0.000512011952630408,0.013270285315920118,7.76331176438268e-06,0.45222356095743727,0.0002379076251139356,0.0,0.0,0.004848170380886273,2.3514751750949174e-06,0.01624118603710306,8.068138265141798e-06,845.2895374481183,0.2933550989840162,49.55793434803053,0.02398347040043635
