fertile_kgm3,void_cell,cellfrom,leakage,leakage_stdev
0.5,99,[23],0.0011100000000000005,0.00011996527275285385
0.5,total,,0.0011100000000000005,0.00011996527275285385
