cell,flux,"Li6(n,t)","Li6(n,t)_stdev","Li7(n,t)","Li7(n,t)_stdev",tbr,tbr_stdev,"U238(n,fis)","U238(n,fis)_stdev","U238(n,g)","U238(n,g)_stdev",Pu239_kg/yr
11,1.9749600771171043,0.0,0.0,0.0,0.0,0.0,0.0,0.0,0.0,0.0,0.0,0.0
21,24.12188722672442,0.0,0.0,0.0,0.0,0.0,0.0,0.0,0.0,0.0,0.0,0.0
31,65.23092651016889,0.46457383032799326,0.001208887941607949,0.004350550005232967,1.738298113997776e-05,0.46892438033322625,0.0012262709227479267,0.004350550005232967,0.001322526823879731,0.012822257009326437,5.40378484609573e-05,56.918253954105
22,0.6201027588597328,0.0,0.0,0.0,0.0,0.0,0.0,0.0,0.0,0.0,0.0,0.0
32,126.14803881875844,0.8781700372930754,0.0010487373156655893,0.009462685532843696,1.6605935645532603e-05,0.8876327228259191,0.001065343251311122,0.009462685532843696,0.00283698410938966,0.02410986851977482,9.481349685292712e-05,107.02418600800705
23,0.09073278625931117,0.0,0.0,0.0,0.0,0.0,0.0,0.0,0.0,0.0,0.0,0.0
total,218.1866481778879,1.3427438676210688,0.0022576252572735385,0.013813235538076663,3.398891678551036e-05,1.3565571031591452,0.0022916141740590484,0.013813235538076663,0.0041595109332693905,0.03693212552910126,0.00014885134531388442,163.94243996211205
