cell,flux,"Li6(n,t)","Li6(n,t)_stdev","Li7(n,t)","Li7(n,t)_stdev",tbr,tbr_stdev,"U238(n,fis)","U238(n,fis)_stdev","U238(n,g)","U238(n,g)_stdev",Pu239_kg/yr
11,1.974960077117115,0.0,0.0,0.0,0.0,0.0,0.0,0.0,0.0,0.0,0.0,0.0
21,24.121887226724816,0.0,0.0,0.0,0.0,0.0,0.0,0.0,0.0,0.0,0.0,0.0
31,65.23092651016901,0.46457383032799704,0.0012088879416092245,0.004350550005232972,1.738298113997776e-05,0.46892438033323003,0.0012262709227492021,0.004350550005232972,0.0013225268238797481,0.012822257009326252,5.403784846106877e-05,56.91825395410417
22,0.6201027588597328,0.0,0.0,0.0,0.0,0.0,0.0,0.0,0.0,0.0,0.0,0.0
32,126.14803881876021,0.8781700372930672,0.0010487373156597081,0.009462685532843722,1.6605935645396584e-05,0.8876327228259109,0.0010653432513051046,0.009462685532843722,0.002836984109389723,0.024109868519774796,9.481349685280006e-05,107.02418600800694
23,0.09073278625931118,0.0,0.0,0.0,0.0,0.0,0.0,0.0,0.0,0.0,0.0,0.0
total,218.1866481778902,1.3427438676210643,0.002257625257268933,0.013813235538076694,3.398891678537434e-05,1.3565571031591408,0.0022916141740543065,0.013813235538076694,0.004159510933269471,0.03693212552910105,0.00014885134531386884,163.9424399621111
