cell,flux,"Li6(n,t)","Li6(n,t)_stdev","Li7(n,t)","Li7(n,t)_stdev",tbr,tbr_stdev,"Th232(n,fis)","Th232(n,fis)_stdev","Th232(n,g)","Th232(n,g)_stdev",U233_kg/yr
11,1.9670459151519903,0.0,0.0,0.0,0.0,0.0,0.0,0.0,0.0,0.0,0.0,0.0
21,24.026504511392936,0.0,0.0,0.0,0.0,0.0,0.0,0.0,0.0,0.0,0.0,0.0
31,64.77267981146647,0.46875010163258624,0.0011695942775214927,0.004404765855467247,1.746977565114203e-05,0.47315486748805347,0.0011870640531726347,0.004404765855467247,0.00024390868991483184,0.008664984346223125,3.852717528601479e-05,37.49660840765184
22,0.6196847747052652,0.0,0.0,0.0,0.0,0.0,0.0,0.0,0.0,0.0,0.0,0.0
32,125.23752686140752,0.8826954281736757,0.001305872437180245,0.009572144147991951,1.7856185595667937e-05,0.8922675723216676,0.0013237286227759128,0.009572144147991951,0.0005248182100942532,0.016229502503312388,4.097826408418752e-05,70.23109052504681
23,0.08929775050355718,0.0,0.0,0.0,0.0,0.0,0.0,0.0,0.0,0.0,0.0,0.0
total,216.71273962462774,1.351445529806262,0.002475466714701738,0.013976910003459199,3.5325961246809965e-05,1.3654224398097212,0.0025107926759485475,0.013976910003459199,0.000768726900009085,0.024894486849535512,7.950543937020231e-05,107.72769893269864
