cell,flux,"Li6(n,t)","Li6(n,t)_stdev","Li7(n,t)","Li7(n,t)_stdev",tbr,tbr_stdev,"Th232(n,fis)","Th232(n,fis)_stdev","Th232(n,g)","Th232(n,g)_stdev",U233_kg/yr,U233_kg/yr_stdev
11,1.9481297054543465,0.0,0.0,0.0,0.0,0.0,0.0,0.0,0.0,0.0,0.0,0.0,0.0
21,23.775097581482452,0.0,0.0,0.0,0.0,0.0,0.0,0.0,0.0,0.0,0.0,0.0,0.0
31,61.52103410676242,0.47212869951837916,0.0007906295440094804,0.004737097825417471,1.1725377068424023e-05,0.47686579734379664,0.0008023549210779044,0.00023538895359417937,5.553237835294815e-07,0.007732943739607007,2.37290657740883e-05,33.46332222386916,0.10268448870288258
22,0.5424296726223832,0.0,0.0,0.0,0.0,0.0,0.0,0.0,0.0,0.0,0.0,0.0,0.0
32,118.77125284053116,0.8883856220612991,0.000779760694368811,0.010326214766380163,1.440183997728126e-05,0.8987118368276793,0.0007941625343460923,0.000507154367568783,5.968185535642864e-07,0.01451943900817782,3.305350026319021e-05,62.83101007859678,0.1430347830243092
23,0.07322015182578519,0.0,0.0,0.0,0.0,0.0,0.0,0.0,0.0,0.0,0.0,0.0,0.0
total,206.63116405867854,1.3605143215796782,0.0015703902383782916,0.015063312591797634,2.6127217045705284e-05,1.375577634171476,0.0015965174554239967,0.0007425433211629623,1.152142337093768e-06,0.022252382747784828,5.678256603727851e-05,96.29433230246595,0.24571927172719177
