folder,case,loading_kg_m3,tbr,th232_n_gamma
hcpb_wedgeA_Th232_000.10kgm3,A,0.1,1.3833634924506393,3.0077664875069013e-05
hcpb_wedgeA_Th232_000.50kgm3,A,0.5,1.381253235990407,0.00015022131429283508
hcpb_wedgeA_Th232_001.50kgm3,A,1.5,1.3849121479730335,0.00045111237707203054
hcpb_wedgeA_Th232_015.00kgm3,A,15.0,1.3757277802121026,0.004416702170062981
hcpb_wedgeA_Th232_030.00kgm3,A,30.0,1.3733520244906277,0.00867738109162288
hcpb_wedgeA_Th232_060.00kgm3,A,60.0,1.3614993383284384,0.016825678983851126
hcpb_wedgeA_Th232_090.00kgm3,A,90.0,1.3511728187672454,0.024531010798895445
hcpb_wedgeA_Th232_120.00kgm3,A,120.0,1.3415734947956148,0.032010350694294545
hcpb_wedgeA_Th232_150.00kgm3,A,150.0,1.3311196421075768,0.03893826723308636
hcpb_wedgeA_Th232_250.00kgm3,A,250.0,1.301323468326352,0.06126592561595439
hcpb_wedgeA_Th232_500.00kgm3,A,500.0,1.2338069312922029,0.11133361067946558
hcpb_wedgeA_Th232_750.00kgm3,A,750.0,1.170917518415102,0.15627146301212608
hcpb_wedgeA_Th232_999.99kgm3,A,999.99,1.108757262626345,0.19796181171578842
hcpb_wedgeC_Th232_000.50kgm3,C,0.5,1.385488037111736,0.00012232919715773365
hcpb_wedgeC_Th232_001.50kgm3,C,1.5,1.384330958405769,0.00035670506785336867
hcpb_wedgeC_Th232_015.00kgm3,C,15.0,1.3794929073686826,0.003537038333939691
hcpb_wedgeC_Th232_030.00kgm3,C,30.0,1.3762808980096783,0.007108049882667897
hcpb_wedgeC_Th232_060.00kgm3,C,60.0,1.367590070790028,0.013907446408683181
hcpb_wedgeC_Th232_090.00kgm3,C,90.0,1.3611563781376104,0.02072035697839079
hcpb_wedgeC_Th232_120.00kgm3,C,120.0,1.3525108190535378,0.027239567384599248
hcpb_wedgeC_Th232_150.00kgm3,C,150.0,1.345517725043492,0.03361577452789722
hcpb_wedgeC_Th232_250.00kgm3,C,250.0,1.3182204797212205,0.0540395190597366
hcpb_wedgeC_Th232_500.00kgm3,C,500.0,1.2692076364611011,0.10049617393209098
hcpb_wedgeC_Th232_750.00kgm3,C,750.0,1.218937602577611,0.14163041239443844
hcpb_wedgeC_Th232_999.99kgm3,C,999.99,1.1724355442297698,0.17883044593994435
