fertile_kgm3,void_cell,cellfrom,leakage,leakage_stdev
75,99,[23],0.0011400000000000004,0.00011996527275285388
75,total,,0.0011400000000000004,0.00011996527275285388
