cell,flux,tbr,tbr_stdev,"Th232(n,g)","Th232(n,g)_stdev",U233_kg/yr,U233_kg/yr_stdev,"Li6(n,t)","Li6(n,t)_stdev","Li7(n,t)","Li7(n,t)_stdev","Be9(n,2n)","Be9(n,2n)_stdev","tot(n,fis)","tot(n,fis)_stdev",heating [MW],heating_stdev,fisq [MW],fisq_stdev
11,1.9435348216331607,0.0,0.0,0.0,0.0,0.0,0.0,0.0,0.0,0.0,0.0,0.0,0.0,0.0,0.0,27.501994059893644,0.0048514549634631286,0.0,0.0
21,23.713975105576047,0.0,0.0,0.0,0.0,0.0,0.0,0.0,0.0,0.0,0.0,0.0,0.0,0.0,0.0,181.3059985410944,0.012900523110714376,0.0,0.0
31,61.46000177388759,0.4863646497485809,8.553152644362496e-05,0.0011092102646864663,4.373183587853489e-07,4.800916735820453,0.0018928142791462322,0.4815326302131936,8.370299333786557e-05,0.00483201953538733,1.8285331057593916e-06,0.16522374761015507,5.500391554204075e-05,0.0,0.0,271.23785911997265,0.05066561437160902,0.32196858869241274,0.00010227624782126753
22,0.5411679161409657,0.0,0.0,0.0,0.0,0.0,0.0,0.0,0.0,0.0,0.0,0.0,0.0,0.0,0.0,2.7129234600103858,0.002951982274499347,0.0,0.0
32,118.41645348885166,0.9141911572053907,0.00015154566794324292,0.0020785383111988835,6.294162512353192e-07,8.996391109939262,0.002724258069507824,0.9036731029736125,0.00014975579944842608,0.010518054231778198,1.7898684948168365e-06,0.3578328932967526,6.376901232624634e-05,3.147981026279482e-05,1.0047880971991423e-08,542.082837836098,0.07285706884683871,0.692142747446576,0.00011096339794625343
23,0.07330079852422847,0.0,0.0,0.0,0.0,0.0,0.0,0.0,0.0,0.0,0.0,0.0,0.0,6.770156771142952e-05,1.0849553775183504e-08,0.3725099761080643,0.0007605415720432852,0.0,0.0
total,206.14843390461365,1.4005558069539716,0.00023707719438686788,0.0031877485758853496,1.066734610020668e-06,13.797307845759715,0.004617072348654057,1.385205733186806,0.00023345879278629167,0.015350073767165528,3.618401600576228e-06,0.5230566409069077,0.0001187729278682871,9.918137797422435e-05,2.0897434747174927e-08,1025.2141229931772,0.14498718513916783,1.0141113361389889,0.00021323964576752094
