fertile_kgm3,void_cell,cellfrom,leakage,leakage_stdev
10,99,"[22, 23]",0.05027291803104144,3.0783919249448906e-05
10,98,[23],0.007548883883782759,9.412036160758003e-06
10,total,,0.0578218019148242,3.219062144550812e-05
