fertile_kgm3,void_cell,cellfrom,leakage,leakage_stdev
10,99,"[22, 23]",0.05027291803104146,3.078391924915541e-05
10,98,[23],0.00754888388378276,9.412036160698006e-06
10,total,,0.05782180191482422,3.219062144520991e-05
