cell,flux,tbr,tbr_stdev,"Th232(n,g)","Th232(n,g)_stdev",U233_kg/yr,U233_kg/yr_stdev,"Li6(n,t)","Li6(n,t)_stdev","Li7(n,t)","Li7(n,t)_stdev","Be9(n,2n)","Be9(n,2n)_stdev","Th232(n,fis)","Th232(n,fis)_stdev",heating [MW],heating_stdev,fisq [MW],fisq_stdev
11,1.9436230041954616,0.0,0.0,0.0,0.0,0.0,0.0,0.0,0.0,0.0,0.0,0.0,0.0,0.0,0.0,27.500687366897655,0.00586255401600515,0.0,0.0
21,23.715282897769885,0.0,0.0,0.0,0.0,0.0,0.0,0.0,0.0,0.0,0.0,0.0,0.0,0.0,0.0,181.30889687852533,0.011676531906420259,0.0,0.0
31,61.46097481867793,0.48634736786634747,9.495784032702265e-05,0.001108926366606499,4.889926013969847e-07,4.7996879597382485,0.0021164722672330745,0.48151532794127566,9.313313714123561e-05,0.0048320399250717985,1.824703185787035e-06,0.1652260471883576,5.531298279217e-05,3.148075200968358e-05,9.985641851844942e-09,271.2352427231632,0.05176740096423578,0.32197862616791795,0.0001016667906613338
22,0.5411241798883659,0.0,0.0,0.0,0.0,0.0,0.0,0.0,0.0,0.0,0.0,0.0,0.0,0.0,0.0,2.7134345863963056,0.0029707176088004227,0.0,0.0
32,118.41714026369553,0.914210449122618,0.0001552262883882066,0.0020790559758139537,6.196234489811098e-07,8.998631681265687,0.0026818725726100797,0.9036923544988114,0.00015343101393655532,0.010518094623806602,1.7952744516512923e-06,0.35784330998458086,6.521779999513475e-05,6.770315295208183e-05,1.0887234781877365e-08,542.0927712438016,0.07303851486404705,0.6921596471787402,0.00011138134696144449
23,0.07332518928566262,0.0,0.0,0.0,0.0,0.0,0.0,0.0,0.0,0.0,0.0,0.0,0.0,0.0,0.0,0.3727308269523388,0.0007398724060965364,0.0,0.0
total,206.15147035351285,1.4005578169889654,0.00025018412871522926,0.003187982342420453,1.1086160503780946e-06,13.798319641003935,0.004798344839843155,1.385207682440087,0.0002465641510777909,0.0153501345488784,3.619977637438327e-06,0.5230693571729385,0.00012053078278730474,9.918390496176541e-05,2.087287663372231e-08,1025.2237636257366,0.1460555917656052,1.0141382733466582,0.00021304813762277827
