cell,flux,tbr,tbr_stdev,"U238(n,g)","U238(n,g)_stdev","Th232(n,g)","Th232(n,g)_stdev","U235(n,inel)","U235(n,inel)_stdev","U238(n,inel)","U238(n,inel)_stdev","Th232(n,inel)","Th232(n,inel)_stdev","U235(n,el)","U235(n,el)_stdev","U238(n,el)","U238(n,el)_stdev","Th232(n,el)","Th232(n,el)_stdev","Li6(n,el)","Li6(n,el)_stdev","Li7(n,el)","Li7(n,el)_stdev","Be9(n,el)","Be9(n,el)_stdev","Pb(n,el)","Pb(n,el)_stdev",Pu239_kg/yr,Pu239_kg/yr_stdev,U233_kg/yr,U233_kg/yr_stdev,"Li6(n,t)","Li6(n,t)_stdev","Li7(n,t)","Li7(n,t)_stdev","Be9(n,2n)","Be9(n,2n)_stdev","Pb(n,2n)","Pb(n,2n)_stdev","tot(n,fis)","tot(n,fis)_stdev","tot(n,nufis)","tot(n,nufis)_stdev",heating [MW],heating_stdev,fisq [MW],fisq_stdev
31,80.99433044845634,0.20059827524797968,0.0001285661493843137,0.0,0.0,0.20576312258517082,0.00011595139054131226,0.0,0.0,0.0,0.0,3.767247652396464,0.0017358714441934567,0.0,0.0,0.0,0.0,0.0,0.0,0.0,0.0,0.0,0.0,0.0,0.0,0.0,0.0,0.0,0.0,890.5900443619246,0.5018642444214946,0.19924794101645535,0.00012746444589222954,0.0013503342315243333,1.1017034920841652e-06,0.046515691249606146,3.714451065760812e-05,0.0,0.0,0.008260496256653505,5.639700930440418e-06,0.027820973428788993,1.994923329204517e-05,325.93449885143485,0.1546065846697763,84.38450921604107,0.057274755728797186
32,152.15071040792142,0.3758266033724433,0.00020760513403939477,0.0,0.0,0.38311618038883644,0.00017382401672428195,0.0,0.0,0.0,0.0,7.0088256707570356,0.0024719296035320215,0.0,0.0,0.0,0.0,0.0,0.0,0.0,0.0,0.0,0.0,0.0,0.0,0.0,0.0,0.0,0.0,1658.214804487298,0.7523502599527663,0.37292541109767435,0.00020598190056223323,0.0029011922747689527,1.6232334771615321e-06,0.09914973927377284,5.4771481282156504e-05,0.0,0.0,0.01749865313472942,8.746507020820914e-06,0.05926577179505828,2.9240913129479274e-05,658.8236501718482,0.2401710450837449,178.62184544810276,0.08948799568302893
total,233.14504085637776,0.5764248786204229,0.00033617128342370846,0.0,0.0,0.5888793029740073,0.0002897754072655942,0.0,0.0,0.0,0.0,10.7760733231535,0.004207801047725479,0.0,0.0,0.0,0.0,0.0,0.0,0.0,0.0,0.0,0.0,0.0,0.0,0.0,0.0,0.0,0.0,2548.8048488492223,1.2542145043742607,0.5721733521141297,0.00033344634645446277,0.004251526506293286,2.7249369692456973e-06,0.145665430523379,9.191599193976462e-05,0.0,0.0,0.025759149391382928,1.4386207951261333e-05,0.08708674522384727,4.919014642152444e-05,984.7581490232831,0.3947776297535212,263.0063546641438,0.1467627514118261
