fertile_kgm3,leakage,leakage_stdev
0.5,0.0010266000000000001,1.0422211857374532e-05
