cell,flux,"Li6(n,t)","Li6(n,t)_stdev","Li7(n,t)","Li7(n,t)_stdev",tbr,tbr_stdev,"U238(n,fis)","U238(n,fis)_stdev","U238(n,g)","U238(n,g)_stdev",Pu239_kg/yr
11,2.102315628488699,0.0,0.0,0.0,0.0,0.0,0.0,0.0,0.0,0.0,0.0,0.0
21,10.565298374658088,0.0,0.0,0.0,0.0,0.0,0.0,0.0,0.0,0.0,0.0,0.0
31,20.754120489597998,0.08105709873941519,0.00023148880863465082,0.01909192096025491,1.9398655746373495e-05,0.1001490196996701,0.0002508874643810243,0.01909192096025491,0.0007315578530958809,0.004400987195519719,3.3287702231719404e-05,19.536069715429488
22,28.639999883173363,0.0,0.0,0.0,0.0,0.0,0.0,0.0,0.0,0.0,0.0,0.0
32,165.2075856563823,0.94659303194677,0.001253217022897463,0.08584618789472039,0.00013106719579360942,1.0324392198414905,0.0013842842186910726,0.08584618789472039,0.0033228237516149143,0.052150953427595605,9.401586030171596e-05,231.49911977131072
23,0.012696840261268494,0.0,0.0,0.0,0.0,0.0,0.0,0.0,0.0,0.0,0.0,0.0
total,227.2820168725617,1.0276501306861852,0.0014847058315321138,0.10493810885497529,0.0001504658515399829,1.1325882395411606,0.0016351716830720969,0.10493810885497529,0.0040543816047107955,0.056551940623115325,0.00012730356253343536,251.0351894867402
