cell,flux,"Li6(n,t)","Li6(n,t)_stdev","Li7(n,t)","Li7(n,t)_stdev",tbr,tbr_stdev,"U238(n,fis)","U238(n,fis)_stdev","U238(n,g)","U238(n,g)_stdev",Pu239_kg/yr
11,2.1041204562250817,0.0,0.0,0.0,0.0,0.0,0.0,0.0,0.0,0.0,0.0,0.0
21,10.574520802101063,0.0,0.0,0.0,0.0,0.0,0.0,0.0,0.0,0.0,0.0,0.0
31,20.76145917585282,0.08121064295906248,0.00017923451895347255,0.019106787829217636,2.0592302756179558e-05,0.10031743078828012,0.0001998268217096521,0.019106787829217636,0.0007321467397965536,0.004402721575629027,3.709681378839404e-05,19.543768663238975
22,28.660940259434813,0.0,0.0,0.0,0.0,0.0,0.0,0.0,0.0,0.0,0.0,0.0
32,165.3054889525992,0.9469867047772293,0.0014345852175624743,0.08593215037145778,0.00012780493695384963,1.0329188551486872,0.0015623901545163239,0.08593215037145778,0.0033259964198900462,0.052123905217327904,0.00010681210408197152,231.37905222782746
23,0.01313962136502166,0.0,0.0,0.0,0.0,0.0,0.0,0.0,0.0,0.0,0.0,0.0
total,227.419669267578,1.0281973477362918,0.0016138197365159468,0.10503893820067542,0.00014839723971002918,1.1332362859369673,0.001762216976225976,0.10503893820067542,0.0040581431596866,0.05652662679295693,0.00014390891787036556,250.92282089106644
