cell,flux,"Li6(n,t)","Li6(n,t)_stdev","Li7(n,t)","Li7(n,t)_stdev",tbr,tbr_stdev,"U238(n,fis)","U238(n,fis)_stdev","U238(n,g)","U238(n,g)_stdev",Pu239_kg/yr
11,2.1326705668650896,0.0,0.0,0.0,0.0,0.0,0.0,0.0,0.0,0.0,0.0,0.0
21,10.7312928392662,0.0,0.0,0.0,0.0,0.0,0.0,0.0,0.0,0.0,0.0,0.0
31,21.100361780602213,0.07614992047289587,0.00023458294466309156,0.019326182424397088,2.016148495916549e-05,0.09547610289729296,0.00025474442962225704,0.019326182424397088,0.0007314629017858183,0.0049632856000956915,2.4704195661788552e-05,22.032123519870005
22,29.176342071879873,0.0,0.0,0.0,0.0,0.0,0.0,0.0,0.0,0.0,0.0,0.0
32,171.50232910861047,0.9337953065081873,0.0010321400387636663,0.08699880294409983,0.00012687455157579832,1.0207941094522872,0.0011590145903394647,0.08699880294409983,0.0033270666068696596,0.061391976765818236,0.00015372169376301264,272.5202062132832
23,0.014069020274099583,0.0,0.0,0.0,0.0,0.0,0.0,0.0,0.0,0.0,0.0,0.0
total,234.65706538749794,1.0099452269810831,0.0012667229834267579,0.10632498536849691,0.00014703603653496382,1.1162702123495802,0.0014137590199617216,0.10632498536849691,0.004058529508655478,0.06635526236591392,0.00017842588942480118,294.5523297331532
