cell,flux,"Li6(n,t)","Li6(n,t)_stdev","Li7(n,t)","Li7(n,t)_stdev",tbr,tbr_stdev,"U238(n,fis)","U238(n,fis)_stdev","U238(n,g)","U238(n,g)_stdev",Pu239_kg/yr
11,2.1029145876187734,0.0,0.0,0.0,0.0,0.0,0.0,0.0,0.0,0.0,0.0,0.0
21,10.573333263878471,0.0,0.0,0.0,0.0,0.0,0.0,0.0,0.0,0.0,0.0,0.0
31,20.7687275030788,0.08110899030073873,8.545341897591804e-05,0.01912014903068054,6.1997514932875825e-06,0.10022913933141928,9.165317046920563e-05,0.01912014903068054,0.0007327850751137366,0.004391293799668847,1.101336963934049e-05,19.493040538404234
22,28.64823771611959,0.0,0.0,0.0,0.0,0.0,0.0,0.0,0.0,0.0,0.0,0.0
32,165.19866523377647,0.9458988588243153,0.0003566803483509161,0.08585674243408148,2.321336468577288e-05,1.0317556012583968,0.00037989371303668895,0.08585674243408148,0.0033249921359278373,0.05216502297182061,3.53987210009424e-05,231.56157475802914
23,0.01294484738467524,0.0,0.0,0.0,0.0,0.0,0.0,0.0,0.0,0.0,0.0,0.0
total,227.3048231518568,1.027007849125054,0.00044213376732683417,0.10497689146476202,2.9413116179060463e-05,1.131984740589816,0.00047154688350589457,0.10497689146476202,0.004057777211041574,0.05655631677148946,4.641209064028289e-05,251.05461529643338
