fertile_kgm3,void_cell,cellfrom,leakage,leakage_stdev
0.5,99,"[22, 23]",0.0502538598320795,2.988903593252461e-05
0.5,98,[23],0.007544730682425325,8.63117372362109e-06
0.5,total,,0.057798590514504825,3.111031386571139e-05
