cell,flux,tbr,tbr_stdev,"U238(n,g)","U238(n,g)_stdev","Th232(n,g)","Th232(n,g)_stdev",Pu239_kg/yr,Pu239_kg/yr_stdev,U233_kg/yr,U233_kg/yr_stdev,"Li6(n,t)","Li6(n,t)_stdev","Li7(n,t)","Li7(n,t)_stdev","Be9(n,2n)","Be9(n,2n)_stdev","Pb(n,2n)","Pb(n,2n)_stdev","tot(n,fis)","tot(n,fis)_stdev",heating [MW],heating_stdev,fisq [MW],fisq_stdev
11,1.94307163519735,0.0,0.0,0.0,0.0,0.0,0.0,0.0,0.0,0.0,0.0,0.0,0.0,0.0,0.0,0.0,0.0,0.0,0.0,0.0,0.0,27.503174893957276,0.005253900982310905,0.0,0.0
21,23.710534824159037,0.0,0.0,0.0,0.0,0.0,0.0,0.0,0.0,0.0,0.0,0.0,0.0,0.0,0.0,0.0,0.0,0.0,0.0,0.0,0.0,181.32704074176007,0.012870361604291135,0.0,0.0
31,61.43114886222365,0.4875943469653856,8.940323472028769e-05,6.118963486153067e-05,3.677414416428838e-08,0.0,0.0,0.2716758548025307,0.000163273519658565,0.0,0.0,0.48274920031636037,8.759482676788322e-05,0.0048451466490252604,1.8084079524044713e-06,0.1656748125383805,5.418607165509565e-05,0.0,0.0,0.0,0.0,271.0771493133486,0.04651319997095823,0.0693054688223989,1.700039389996498e-05
22,0.5405426436389709,0.0,0.0,0.0,0.0,0.0,0.0,0.0,0.0,0.0,0.0,0.0,0.0,0.0,0.0,0.0,0.0,0.0,0.0,0.0,0.0,2.714410173628724,0.0027854042015657233,0.0,0.0
32,118.39522630852382,0.916918449092699,0.00014451341921816585,0.00011464957726390419,4.6247883778976256e-08,0.0,0.0,0.5090326486896902,0.0002053359753967188,0.0,0.0,0.9063724481889055,0.0001426861615554867,0.01054600090379355,1.827257662679141e-06,0.35879068353799953,6.680014226589156e-05,0.0,0.0,6.429778130264894e-06,1.5757756575641893e-09,541.82784338916,0.0689122293351903,0.14535805667653326,2.0973825116635255e-05
23,0.07330965932632622,0.0,0.0,0.0,0.0,0.0,0.0,0.0,0.0,0.0,0.0,0.0,0.0,0.0,0.0,0.0,0.0,0.0,0.0,1.3497517422897566e-05,1.8148934236887545e-09,0.3729579758405415,0.0007983813270067399,0.0,0.0
total,206.09383393306913,1.4045127960580848,0.00023391665393845355,0.00017583921212543485,8.302202794326463e-08,0.0,0.0,0.780708503492221,0.0003686094950552838,0.0,0.0,1.3891216485052658,0.00023028098832336992,0.01539114755281881,3.6356656150836124e-06,0.52446549607638,0.0001209862139209872,0.0,0.0,1.992729555316246e-05,3.390669081252944e-09,1024.8225764876952,0.13713347742132304,0.21466352549893214,3.797421901660024e-05
