cell,flux,tbr,tbr_stdev,"U238(n,g)","U238(n,g)_stdev",Pu239_kg/yr,Pu239_kg/yr_stdev,"Li6(n,t)","Li6(n,t)_stdev","Li7(n,t)","Li7(n,t)_stdev","Be9(n,2n)","Be9(n,2n)_stdev","tot(n,fis)","tot(n,fis)_stdev",heating [MW],heating_stdev,fisq [MW],fisq_stdev
11,1.9430716351973578,0.0,0.0,0.0,0.0,0.0,0.0,0.0,0.0,0.0,0.0,0.0,0.0,0.0,0.0,27.50317489395708,0.005253900981138917,0.0,0.0
21,23.710534824159062,0.0,0.0,0.0,0.0,0.0,0.0,0.0,0.0,0.0,0.0,0.0,0.0,0.0,0.0,181.3270407417574,0.012870361614497538,0.0,0.0
31,61.4311488622241,0.48759434696536913,8.94032347137254e-05,6.118963486153122e-05,3.677414416288253e-08,0.27167585480253315,0.00016327351965232317,0.48274920031634383,8.759482676128189e-05,0.004845146649025319,1.8084079524435034e-06,0.16567481253838298,5.418607165642957e-05,0.0,0.0,271.0771493133494,0.04651319998225482,0.06930546882239823,1.7000393895359394e-05
22,0.5405426436389718,0.0,0.0,0.0,0.0,0.0,0.0,0.0,0.0,0.0,0.0,0.0,0.0,0.0,0.0,2.71441017362872,0.0027854042015081552,0.0,0.0
32,118.395226308523,0.9169184490927267,0.000144513419185282,0.0001146495772639048,4.624788377450481e-08,0.5090326486896929,0.000205335975376866,0.9063724481889329,0.0001426861615230664,0.010546000903793724,1.827257662215587e-06,0.35879068353799726,6.680014226589156e-05,6.429778130264722e-06,1.5757756572785036e-09,541.8278433891437,0.06891222928944163,0.14535805667652651,2.0973825110662345e-05
23,0.07330965932632623,0.0,0.0,0.0,0.0,0.0,0.0,0.0,0.0,0.0,0.0,0.0,0.0,1.3497517422897178e-05,1.8148934245789373e-09,0.3729579758405406,0.0007983813270111333,0.0,0.0
total,206.0938339330688,1.4045127960580959,0.0002339166538990074,0.00017583921212543604,8.302202793738733e-08,0.7807085034922261,0.0003686094950291892,1.3891216485052769,0.0002302809882843483,0.015391147552819043,3.6356656146590905e-06,0.5244654960763803,0.00012098621392232112,1.99272955531619e-05,3.390669081857441e-09,1024.822576487677,0.13713347739585216,0.21466352549892476,3.797421900602174e-05
