fertile_kgm3,void_cell,cellfrom,leakage,leakage_stdev
999.99,99,[23],0.0006575,7.970257210403604e-06
999.99,total,,0.0006575,7.970257210403604e-06
