fertile_kgm3,void_cell,cellfrom,leakage,leakage_stdev
999.99,99,[23],0.0006573200000000001,2.4585954662498704e-06
999.99,total,,0.0006573200000000001,2.4585954662498704e-06
