cell,flux,tbr,tbr_stdev,"Th232(n,g)","Th232(n,g)_stdev",U233_kg/yr,U233_kg/yr_stdev,"Li6(n,t)","Li6(n,t)_stdev","Li7(n,t)","Li7(n,t)_stdev","Be9(n,2n)","Be9(n,2n)_stdev","Th232(n,fis)","Th232(n,fis)_stdev",heating [MW],heating_stdev,fisq [MW],fisq_stdev
11,2.4101427495187853,0.0,0.0,0.0,0.0,0.0,0.0,0.0,0.0,0.0,0.0,0.0,0.0,0.0,0.0,47.06555395806821,0.020345063930674066,0.0,0.0
41,12.16033404666029,0.0,0.0,0.0,0.0,0.0,0.0,0.0,0.0,0.0,0.0,0.11971493906415605,3.804264695501214e-05,0.0,0.0,45.32027606704634,0.00872652052329852,0.0,0.0
21,11.599025030874275,0.0,0.0,0.0,0.0,0.0,0.0,0.0,0.0,0.0,0.0,0.0,0.0,0.0,0.0,65.73454662644617,0.015195096245024556,0.0,0.0
31,21.92138284943085,0.09843736954316214,2.7453961795941626e-05,0.05620927203920303,1.977309954866468e-05,243.28663683758197,0.08558251538454804,0.08353032989685391,2.3485393690370034e-05,0.014907039646308221,3.968568105571592e-06,0.014960824138991132,4.337720223394291e-06,0.002780607672636295,8.200252575806586e-07,129.88784185609524,0.03514315405699425,28.27411333774,0.008438868017661685
22,29.43573407593454,0.0,0.0,0.0,0.0,0.0,0.0,0.0,0.0,0.0,0.0,0.0,0.0,0.0,0.0,138.58597462589688,0.04620584688169209,0.0,0.0
32,156.9642544109116,0.6921477225256477,3.716489778798943e-05,0.4069983566560862,6.847771486496588e-05,1761.5823474857054,0.2963872746154969,0.6329915014239613,2.223023435023135e-05,0.05915622110168637,1.493466343775808e-05,0.06320377626022024,1.2907284451513915e-05,0.011092320449904975,2.7320713047167272e-06,655.7804665235277,0.08192778519095853,113.58721997853456,0.02760771025272813
23,0.008153724846393779,0.0,0.0,0.0,0.0,0.0,0.0,0.0,0.0,0.0,0.0,0.0,0.0,0.0,0.0,0.023774349597112335,0.00036863690893273435,0.0,0.0
total,234.4990268881767,0.7905850920688099,6.461885958393106e-05,0.4632076286952892,8.825081441363056e-05,2004.8689843232873,0.38196979000004494,0.7165218313208153,4.571562804060138e-05,0.07406326074799459,1.8903231543329674e-05,0.1978795394633674,5.5287651629920346e-05,0.01387292812254127,3.552096562297386e-06,1082.3984340066775,0.20791210373757477,141.86133331627457,0.03604657827038982
