cell,flux,tbr,tbr_stdev,"Th232(n,g)","Th232(n,g)_stdev",U233_kg/yr,U233_kg/yr_stdev,"Li6(n,t)","Li6(n,t)_stdev","Li7(n,t)","Li7(n,t)_stdev","Th232(n,fis)","Th232(n,fis)_stdev",heating [MW],heating_stdev,fisq [MW],fisq_stdev
11,2.409437973677235,0.0,0.0,0.0,0.0,0.0,0.0,0.0,0.0,0.0,0.0,0.0,0.0,47.07197555526799,0.00839859022629354,0.0,0.0
41,12.155846204319676,0.0,0.0,0.0,0.0,0.0,0.0,0.0,0.0,0.0,0.0,0.0,0.0,45.313599914779566,0.004889446671076145,0.0,0.0
21,11.598788921976325,0.0,0.0,0.0,0.0,0.0,0.0,0.0,0.0,0.0,0.0,0.0,0.0,65.73335851160346,0.0061894174386966355,0.0,0.0
31,21.921662521509237,0.09842860543836002,1.961753063276596e-05,0.0562640961053571,1.4479708619670634e-05,243.52392798526097,0.06267150391150594,0.08352230465449363,1.7943742680166634e-05,0.014906300783866391,1.673787952599325e-06,0.002780641062065807,2.29798696954233e-07,129.89887336703185,0.00872826450154082,28.27463800873378,0.002354344604760716
22,29.434381525869068,0.0,0.0,0.0,0.0,0.0,0.0,0.0,0.0,0.0,0.0,0.0,0.0,138.56840118689007,0.015847866713463766,0.0,0.0
32,157.01608878618947,0.6921615022250294,8.953938933346072e-05,0.4070267392898937,4.9330925196179994e-05,1761.7051940423876,0.21351557221190318,0.6330069717517818,7.971427244074775e-05,0.05915453047324758,9.825116892712964e-06,0.011092431802110529,1.433380731624803e-06,655.8158749554186,0.05814850805526038,113.58823317260362,0.01452922106406147
23,0.008139195490755188,0.0,0.0,0.0,0.0,0.0,0.0,0.0,0.0,0.0,0.0,0.0,0.0,0.02357590144850054,0.00015019468652554136,0.0,0.0
total,234.54434512903174,0.7905901076633894,0.00010915691996622668,0.4632908353952508,6.381063381585063e-05,2005.2291220276486,0.2761870761234091,0.7165292764062754,9.765801512091439e-05,0.07406083125711396,1.1498904845312288e-05,0.013873072864176335,1.663179428579036e-06,1082.4256593924401,0.10235228829285682,141.8628711813374,0.016883565668822185
