cell,flux,"Li6(n,t)","Li6(n,t)_stdev","Li7(n,t)","Li7(n,t)_stdev",tbr,tbr_stdev,"Th232(n,fis)","Th232(n,fis)_stdev","Th232(n,g)","Th232(n,g)_stdev",U233_kg/yr
11,3.108646699324027,0.0,0.0,0.0,0.0,0.0,0.0,0.0,0.0,0.0,0.0,0.0
21,10.454302612384863,0.0,0.0,0.0,0.0,0.0,0.0,0.0,0.0,0.0,0.0,0.0
31,20.53969973665743,0.07942533428569146,0.00020161427503701874,0.019239497255549208,2.0886192487060135e-05,0.09866483154124067,0.00022250046752407887,0.019239497255549208,0.0,0.0,0.0,0.0
22,28.25285536984968,0.0,0.0,0.0,0.0,0.0,0.0,0.0,0.0,0.0,0.0,0.0
32,164.68770927775893,0.9928457503798132,0.001062603037022999,0.08486624137430966,9.569259502251835e-05,1.077711991754123,0.0011582956320455174,0.08486624137430966,0.0,0.0,0.0,0.0
23,0.014200976171292953,0.0,0.0,0.0,0.0,0.0,0.0,0.0,0.0,0.0,0.0,0.0
total,227.05741467214622,1.0722710846655046,0.0012642173120600178,0.10410573862985886,0.00011657878750957848,1.1763768232953635,0.0013807960995695964,0.10410573862985886,0.0,0.0,0.0,0.0
