cell,flux,"Li6(n,t)","Li6(n,t)_stdev","Li7(n,t)","Li7(n,t)_stdev",tbr,tbr_stdev,"U238(n,fis)","U238(n,fis)_stdev","U238(n,g)","U238(n,g)_stdev",Pu239_kg/yr
11,3.1064588368776223,0.0,0.0,0.0,0.0,0.0,0.0,0.0,0.0,0.0,0.0,0.0
21,10.44716517718133,0.0,0.0,0.0,0.0,0.0,0.0,0.0,0.0,0.0,0.0,0.0
31,20.534882123867554,0.07949239200182526,0.00026401583804330786,0.019239055786945816,2.1056322114066502e-05,0.09873144778877108,0.0002850721601573744,0.019239055786945816,0.0,0.0,0.0,0.0
22,28.24081054277813,0.0,0.0,0.0,0.0,0.0,0.0,0.0,0.0,0.0,0.0,0.0
32,164.65179438968696,0.9926807879947537,0.001054083520945178,0.08485476975290844,9.129079434377663e-05,1.0775355577476622,0.0011453743152889547,0.08485476975290844,0.0,0.0,0.0,0.0
23,0.01422933544627408,0.0,0.0,0.0,0.0,0.0,0.0,0.0,0.0,0.0,0.0,0.0
total,226.99534040583788,1.072173179996579,0.0013180993589884857,0.10409382553985426,0.00011234711645784313,1.1762670055364333,0.0014304464754463292,0.10409382553985426,0.0,0.0,0.0,0.0
