fertile_kgm3,void_cell,cellfrom,leakage,leakage_stdev
250.0,99,[23],0.026590920830184644,2.0600467770861975e-05
250.0,total,,0.026590920830184644,2.0600467770861975e-05
