cell,flux,tbr,tbr_stdev,"Th232(n,g)","Th232(n,g)_stdev",U233_kg/yr,U233_kg/yr_stdev,"Li6(n,t)","Li6(n,t)_stdev","Li7(n,t)","Li7(n,t)_stdev","Be9(n,2n)","Be9(n,2n)_stdev","Th232(n,fis)","Th232(n,fis)_stdev",heating [MW],heating_stdev,fisq [MW],fisq_stdev
11,1.9431702658886238,0.0,0.0,0.0,0.0,0.0,0.0,0.0,0.0,0.0,0.0,0.0,0.0,0.0,0.0,27.503004205967706,0.006321844054086499,0.0,0.0
21,23.71085606124775,0.0,0.0,0.0,0.0,0.0,0.0,0.0,0.0,0.0,0.0,0.0,0.0,0.0,0.0,181.32561826497025,0.012692757059472924,0.0,0.0
31,61.43098219305018,0.4875642545683287,0.00010417665454417835,5.6313567151254354e-05,2.8754621377902294e-08,0.24373805003204335,0.0001244566043070049,0.4827191244716561,0.00010240031943194728,0.0048451300966726165,1.776335112231078e-06,0.16567438274887988,5.338941744672734e-05,1.5781341265066577e-06,4.84720174264144e-10,271.0139264996577,0.04975285678313565,0.016140909170643827,4.930403357910235e-06
22,0.5408352578492693,0.0,0.0,0.0,0.0,0.0,0.0,0.0,0.0,0.0,0.0,0.0,0.0,0.0,0.0,2.7148045076996223,0.0029864146134539536,0.0,0.0
32,118.38732887035415,0.9168653858192709,0.00015230131801092793,0.00010562619203310812,3.3332733655914557e-08,0.4571744142812034,0.00014427172552767525,0.9063193919282214,0.0001505445757371082,0.010545993891049463,1.756742273819718e-06,0.358786598128881,6.297717179671537e-05,3.3937963015073973e-06,5.295309353655511e-10,541.6972285535527,0.0699700015995222,0.034696460985855736,5.406510916460762e-06
23,0.07334924589237317,0.0,0.0,0.0,0.0,0.0,0.0,0.0,0.0,0.0,0.0,0.0,0.0,0.0,0.0,0.37316512368946464,0.000793986162130625,0.0,0.0
total,206.08652189428233,1.4044296403875995,0.0002564779725551063,0.00016193975918436248,6.208735503381685e-08,0.7009124643132467,0.00026872832983468016,1.3890385163998775,0.0002529448951690555,0.01539112398772208,3.5330773860507957e-06,0.5244609808777608,0.00011636658924344271,4.971930428014055e-06,1.014251109629695e-09,1024.6277471555375,0.14251786027180188,0.05083737015649956,1.0336914274370998e-05
