cell,flux,tbr,tbr_stdev,"Th232(n,g)","Th232(n,g)_stdev",U233_kg/yr,U233_kg/yr_stdev,"Li6(n,t)","Li6(n,t)_stdev","Li7(n,t)","Li7(n,t)_stdev","Be9(n,2n)","Be9(n,2n)_stdev","tot(n,fis)","tot(n,fis)_stdev",heating [MW],heating_stdev,fisq [MW],fisq_stdev
11,1.943148262867852,0.0,0.0,0.0,0.0,0.0,0.0,0.0,0.0,0.0,0.0,0.0,0.0,0.0,0.0,27.50913593997648,0.0048394280072149585,0.0,0.0
21,23.709633837153323,0.0,0.0,0.0,0.0,0.0,0.0,0.0,0.0,0.0,0.0,0.0,0.0,0.0,0.0,181.3246762350414,0.012604867593348666,0.0,0.0
31,61.43154587789709,0.48760032997349656,8.83560433478156e-05,5.632356810828812e-05,2.1933280806335064e-08,0.24378133647062603,9.493227591465537e-05,0.4827553431820891,8.655194828083297e-05,0.004844986791407426,1.8040950669826373e-06,0.16567119251354467,5.315846914853683e-05,0.0,0.0,271.0219952208765,0.04740037784459739,0.016140462752484406,4.934770712377415e-06
22,0.5407661426623014,0.0,0.0,0.0,0.0,0.0,0.0,0.0,0.0,0.0,0.0,0.0,0.0,0.0,0.0,2.713904702461599,0.0029383941957165133,0.0,0.0
32,118.38596778082649,0.9168011961597835,0.0001670354701752658,0.00010561444602523512,3.7045465326384537e-08,0.4571235748618689,0.0001603412807597559,0.9062551187983481,0.00016528045989054632,0.010546077361435376,1.7550102847194888e-06,0.358788506674539,6.229362650077188e-05,1.578091381825772e-06,4.855396339265279e-10,541.6809928631753,0.07612916320403286,0.03469688576639044,5.48003563682024e-06
23,0.07331820582559938,0.0,0.0,0.0,0.0,0.0,0.0,0.0,0.0,0.0,0.0,0.0,0.0,3.3938380865150247e-06,5.364347974185917e-10,0.3730610072840016,0.0008380925673952266,0.0,0.0
total,206.08438010723265,1.40440152613328,0.0002553915135230814,0.00016193801413352324,5.89787461327196e-08,0.7009049113324949,0.0002552735566744113,1.3890104619804373,0.0002518324081713793,0.0153910641528428,3.559105351702126e-06,0.5244596991880837,0.00011545209564930871,4.9719294683407965e-06,1.0219744313451196e-09,1024.6237659688152,0.14475032341230562,0.05083734851887485,1.0414806349197654e-05
