fertile_kgm3,void_cell,cellfrom,leakage,leakage_stdev
4000,99,[23],0.0007909999999999997,3.584922128396508e-05
4000,total,,0.0007909999999999997,3.584922128396508e-05
