fertile_kgm3,leakage,leakage_stdev
0.0,1.3792000000000002,0.0904459783517209
