fertile_kgm3,void_cell,cellfrom,leakage,leakage_stdev
10,99,"[42, 44]",0.1145174641428383,4.580219205720594e-05
10,98,[44],0.05823803811110251,2.7315908162553784e-05
10,total,,0.17275550225394082,5.332916309103539e-05
