fertile_kgm3,void_cell,cellfrom,leakage,leakage_stdev
1,99,[23],0.04173247963823999,2.44966766056046e-05
1,total,,0.04173247963823999,2.44966766056046e-05
