cell,flux,"Li6(n,t)","Li6(n,t)_stdev","Li7(n,t)","Li7(n,t)_stdev",tbr,tbr_stdev,"U238(n,fis)","U238(n,fis)_stdev","U238(n,g)","U238(n,g)_stdev",Pu239_kg/yr
11,1.9706941168817838,0.0,0.0,0.0,0.0,0.0,0.0,0.0,0.0,0.0,0.0,0.0
21,24.07686338283363,0.0,0.0,0.0,0.0,0.0,0.0,0.0,0.0,0.0,0.0,0.0
31,65.07939716840347,0.4677660759167878,0.00124318946000017,0.004387565195711209,1.8174180249057748e-05,0.472153641112499,0.0012613636402492277,0.004387565195711209,0.0009926605452879086,0.010091439757118296,4.8852789975347425e-05,44.79610184388152
22,0.6224170315503667,0.0,0.0,0.0,0.0,0.0,0.0,0.0,0.0,0.0,0.0,0.0
32,125.87230921090884,0.8836014524437352,0.0011518211007930223,0.009548884948498537,1.67914311640761e-05,0.8931503373922338,0.0011686125319570985,0.009548884948498537,0.00213049609367784,0.019059148385227077,8.566876384878551e-05,84.60393885025637
23,0.09057349438053652,0.0,0.0,0.0,0.0,0.0,0.0,0.0,0.0,0.0,0.0,0.0
total,217.71225440495866,1.351367528360523,0.002395010560793192,0.013936450144209746,3.496561141313385e-05,1.3653039785047327,0.002429976172206326,0.013936450144209746,0.0031231566389657486,0.029150588142345373,0.00013452155382413295,129.40004069413789
