fertile_kgm3,void_cell,cellfrom,leakage,leakage_stdev
250,99,[23],0.009444560000000001,8.746288260344738e-06
250,total,,0.009444560000000001,8.746288260344738e-06
