cell,flux,"Li6(n,t)","Li6(n,t)_stdev","Li7(n,t)","Li7(n,t)_stdev",tbr,tbr_stdev,"U238(n,fis)","U238(n,fis)_stdev","U238(n,g)","U238(n,g)_stdev",Pu239_kg/yr
11,2.1267965464513807,0.0,0.0,0.0,0.0,0.0,0.0,0.0,0.0,0.0,0.0,0.0
21,10.703713977097244,0.0,0.0,0.0,0.0,0.0,0.0,0.0,0.0,0.0,0.0,0.0
31,21.05861624096742,0.07749596611667788,8.550821398882039e-05,0.01951207191989513,1.4006489536431292e-05,0.09700803803657301,9.951470352525168e-05,0.01951207191989513,0.0003335768747820754,0.0025892893168446836,1.2971236428630182e-05,11.493906789547232
22,29.09774444592283,0.0,0.0,0.0,0.0,0.0,0.0,0.0,0.0,0.0,0.0,0.0
32,170.85924082397258,0.9526575284933176,0.0008055916809171031,0.08803186631345045,9.007225515734713e-05,1.0406893948067681,0.0008956639360744503,0.08803186631345045,0.0015185812088512126,0.0338387781935794,7.257663513864299e-05,150.21100959978023
23,0.01450479272377199,0.0,0.0,0.0,0.0,0.0,0.0,0.0,0.0,0.0,0.0,0.0
total,233.86061682713526,1.0301534946099955,0.0008910998949059235,0.10754393823334557,0.00010407874469377842,1.1376974328433411,0.000995178639599702,0.10754393823334557,0.001852158083633288,0.036428067510424086,8.554787156727317e-05,161.70491638932745
