cell,flux,"Li6(n,t)","Li6(n,t)_stdev","Li7(n,t)","Li7(n,t)_stdev",tbr,tbr_stdev,"U238(n,fis)","U238(n,fis)_stdev","U238(n,g)","U238(n,g)_stdev",Pu239_kg/yr
11,2.09922410412783,0.0,0.0,0.0,0.0,0.0,0.0,0.0,0.0,0.0,0.0,0.0
21,10.54973638884309,0.0,0.0,0.0,0.0,0.0,0.0,0.0,0.0,0.0,0.0,0.0
31,20.717403326926313,0.08201370139948538,0.00012182606590952658,0.01922537279010656,2.029781620737848e-05,0.10123907418959194,0.00014212388211690507,0.01922537279010656,0.0004416928143853903,0.0029096529739327517,2.2336127912678443e-05,12.916007436768805
22,28.585926715469622,0.0,0.0,0.0,0.0,0.0,0.0,0.0,0.0,0.0,0.0,0.0
32,164.68487204786416,0.9568671786183509,0.0007752455323440215,0.08664641234283191,0.0001307451799834883,1.0435135909611828,0.0009059907123275099,0.08664641234283191,0.002009059131552662,0.035320656924196316,0.0001254161349070905,156.78909876591453
23,0.012826835324700317,0.0,0.0,0.0,0.0,0.0,0.0,0.0,0.0,0.0,0.0,0.0
total,226.64998941855572,1.0388808800178362,0.0008970715982535481,0.10587178513293846,0.00015104299619086677,1.1447526651507747,0.0010481145944444149,0.10587178513293846,0.0024507519459380524,0.03823030989812907,0.00014775226281976895,169.70510620268334
