fertile_kgm3,void_cell,cellfrom,leakage,leakage_stdev
75.0,99,[23],0.03738437999999999,2.000440118300666e-05
75.0,total,,0.03738437999999999,2.000440118300666e-05
