fertile_kgm3,void_cell,cellfrom,leakage,leakage_stdev
750,99,[23],0.010485959491921817,1.1852818379213146e-05
750,total,,0.010485959491921817,1.1852818379213146e-05
