cell,flux,tbr,tbr_stdev,"Th232(n,g)","Th232(n,g)_stdev",U233_kg/yr,U233_kg/yr_stdev,"Li6(n,t)","Li6(n,t)_stdev","Li7(n,t)","Li7(n,t)_stdev","Th232(n,fis)","Th232(n,fis)_stdev",heat_eV_src,heat_eV_src_stdev
11,2.3918823885896536,0.0,0.0,0.0,0.0,0.0,0.0,0.0,0.0,0.0,0.0,0.0,0.0,828785.7066453417,489.05306564965076
41,12.06847821551167,0.0,0.0,0.0,0.0,0.0,0.0,0.0,0.0,0.0,0.0,0.0,0.0,797521.7802976232,186.64642033905307
21,11.516416597864414,0.0,0.0,0.0,0.0,0.0,0.0,0.0,0.0,0.0,0.0,0.0,0.0,1157932.2895121563,361.9681771694383
31,21.777708694698244,0.10523201668831175,6.488080151249376e-05,0.04584995803614125,4.908292595401474e-05,198.40981279300604,0.21240006680469886,0.08932870220678973,5.926888259183556e-05,0.01590331448152201,5.611918920658196e-06,0.0020920058621485267,5.518107552849257e-07,2138518.7861272255,592.1439073252565
22,29.21450434226352,0.0,0.0,0.0,0.0,0.0,0.0,0.0,0.0,0.0,0.0,0.0,0.0,2448606.888930713,638.4417286020021
32,156.98678965316813,0.7549444179681885,0.0003111480159478542,0.33574112652127686,0.00013265860257267127,1452.876663649086,0.574063088151098,0.690665712594096,0.0002754350598844746,0.06427870537409244,3.571295606337966e-05,0.008496475647907783,4.139147035566197e-06,11071173.820920734,3672.9102293323717
23,0.00884181616919588,0.0,0.0,0.0,0.0,0.0,0.0,0.0,0.0,0.0,0.0,0.0,0.0,455.2625411444267,9.731625757868887
total,233.96462170826481,0.8601764346565002,0.000376028817460348,0.3815910845574181,0.000181741528526686,1651.286476442092,0.7864631549557968,0.7799944148008857,0.00033470394247631015,0.08018201985561446,4.132487498403786e-05,0.01058848151005631,4.6909577908511225e-06,18442994.53497494,5950.8951541756405
