cell,flux,"Li6(n,t)","Li6(n,t)_stdev","Li7(n,t)","Li7(n,t)_stdev",tbr,tbr_stdev,"U238(n,fis)","U238(n,fis)_stdev","U238(n,g)","U238(n,g)_stdev",Pu239_kg/yr
11,1.969082126474684,0.0,0.0,0.0,0.0,0.0,0.0,0.0,0.0,0.0,0.0,0.0
21,24.059439423933743,0.0,0.0,0.0,0.0,0.0,0.0,0.0,0.0,0.0,0.0,0.0
31,65.012697388968,0.46936850320806134,0.0012080345021197939,0.0044086060265487274,1.7407009938797694e-05,0.4737771092346101,0.0012254415120585916,0.0044086060265487274,0.0008279501395946602,0.008691300298535938,5.199356648738283e-05,38.580854932453406
22,0.6216325390198161,0.0,0.0,0.0,0.0,0.0,0.0,0.0,0.0,0.0,0.0,0.0
32,125.71855002946593,0.8862698478496739,0.001122864003536046,0.009587582306898063,1.5906483909113887e-05,0.8958574301565719,0.0011387704874451599,0.009587582306898063,0.0017760977131892237,0.016376639598701514,8.8245820830292e-05,72.69622898026051
23,0.09035926307854493,0.0,0.0,0.0,0.0,0.0,0.0,0.0,0.0,0.0,0.0,0.0
total,217.4717607709407,1.3556383510577352,0.0023308985056558398,0.01399618833344679,3.331349384791158e-05,1.369634539391182,0.002364211999503751,0.01399618833344679,0.002604047852783884,0.025067939897237452,0.00014023938731767482,111.27708391271392
