cell,flux,"Li6(n,t)","Li6(n,t)_stdev","Li7(n,t)","Li7(n,t)_stdev",tbr,tbr_stdev,"U238(n,fis)","U238(n,fis)_stdev","U238(n,g)","U238(n,g)_stdev",Pu239_kg/yr
11,1.9690821264746678,0.0,0.0,0.0,0.0,0.0,0.0,0.0,0.0,0.0,0.0,0.0
21,24.059439423933913,0.0,0.0,0.0,0.0,0.0,0.0,0.0,0.0,0.0,0.0,0.0
31,65.01269738896715,0.46936850320805307,0.0012080345021134116,0.004408606026548721,1.740700993880851e-05,0.4737771092346018,0.0012254415120522201,0.004408606026548721,0.0008279501395946694,0.008691300298535909,5.199356648738283e-05,38.58085493245328
22,0.621632539019815,0.0,0.0,0.0,0.0,0.0,0.0,0.0,0.0,0.0,0.0,0.0
32,125.71855002946631,0.886269847849675,0.001122864003514074,0.009587582306898048,1.5906483909161223e-05,0.895857430156573,0.0011387704874232351,0.009587582306898048,0.0017760977131892155,0.016376639598701552,8.824582083018962e-05,72.69622898026068
23,0.09035926307854528,0.0,0.0,0.0,0.0,0.0,0.0,0.0,0.0,0.0,0.0,0.0
total,217.47176077094042,1.3556383510577281,0.0023308985056274857,0.01399618833344677,3.331349384796973e-05,1.3696345393911749,0.0023642119994754553,0.01399618833344677,0.002604047852783885,0.025067939897237462,0.00014023938731757245,111.27708391271396
