cell,flux,"Li6(n,t)","Li6(n,t)_stdev","Li7(n,t)","Li7(n,t)_stdev",tbr,tbr_stdev,"U238(n,fis)","U238(n,fis)_stdev","U238(n,g)","U238(n,g)_stdev",Pu239_kg/yr
11,1.9520267007156167,0.0,0.0,0.0,0.0,0.0,0.0,0.0,0.0,0.0,0.0,0.0
21,23.812102003791658,0.0,0.0,0.0,0.0,0.0,0.0,0.0,0.0,0.0,0.0,0.0
31,61.98289923295482,0.47396518898410483,0.0009013783733080534,0.004752685903717381,1.8008573395065662e-05,0.4787178748878222,0.000919386946703119,0.004752685903717381,0.0009577135549675801,0.008847188568665254,4.353118363418963e-05,39.27284606484397
22,0.5473714521719122,0.0,0.0,0.0,0.0,0.0,0.0,0.0,0.0,0.0,0.0,0.0
32,119.14051106559762,0.8894832197596758,0.0018641795467569267,0.010271123577281183,1.9504495256561098e-05,0.899754343336957,0.0018836840420134878,0.010271123577281183,0.0020403331152037667,0.016624479180198458,5.890467854167934e-05,73.79639381311806
23,0.07331672321765331,0.0,0.0,0.0,0.0,0.0,0.0,0.0,0.0,0.0,0.0,0.0
total,207.5082271784493,1.3634484087437806,0.00276555792006498,0.015023809480998563,3.751306865162676e-05,1.3784722182247793,0.002803070988716607,0.015023809480998563,0.002998046670171347,0.02547166774886371,0.00010243586217586897,113.06923987796202
