cell,flux,"Li6(n,t)","Li6(n,t)_stdev","Li7(n,t)","Li7(n,t)_stdev",tbr,tbr_stdev,"U238(n,fis)","U238(n,fis)_stdev","U238(n,g)","U238(n,g)_stdev",Pu239_kg/yr,Pu239_kg/yr_stdev
11,1.9548062450372892,0.0,0.0,0.0,0.0,0.0,0.0,0.0,0.0,0.0,0.0,0.0,0.0
21,23.86553388629251,0.0,0.0,0.0,0.0,0.0,0.0,0.0,0.0,0.0,0.0,0.0,0.0
31,61.878036671103395,0.4739492929209418,0.0008214763353238286,0.00472408062122554,1.1922986149920863e-05,0.4786733735421673,0.0008333993214737495,0.0009524404418394304,2.241610048373457e-06,0.008845659475744838,4.0321363462237116e-05,39.266058390950015,0.1789873345737859
22,0.5454770896552453,0.0,0.0,0.0,0.0,0.0,0.0,0.0,0.0,0.0,0.0,0.0,0.0
32,119.30811034211641,0.8896031014238932,0.0009025889428574204,0.010287004758078838,1.3742058156387002e-05,0.8998901061819721,0.0009163310010138074,0.0020407966676691614,2.288759822735317e-06,0.01654513167189965,3.602715107947658e-05,73.44416864521727,0.15992524037640357
23,0.07410220042704133,0.0,0.0,0.0,0.0,0.0,0.0,0.0,0.0,0.0,0.0,0.0,0.0
total,207.62606643463187,1.3635523943448349,0.001724065278181249,0.015011085379304378,2.5665044306307865e-05,1.3785634797241393,0.0017497303224875567,0.0029932371095085916,4.530369871108775e-06,0.02539079114764449,7.634851454171369e-05,112.71022703616728,0.33891257495018945
