cell,flux,"Li6(n,t)","Li6(n,t)_stdev","Li7(n,t)","Li7(n,t)_stdev",tbr,tbr_stdev,"U238(n,fis)","U238(n,fis)_stdev","U238(n,g)","U238(n,g)_stdev",Pu239_kg/yr
11,3.1131219079533734,0.0,0.0,0.0,0.0,0.0,0.0,0.0,0.0,0.0,0.0,0.0
21,10.467200198279622,0.0,0.0,0.0,0.0,0.0,0.0,0.0,0.0,0.0,0.0,0.0
31,20.570670840625354,0.07810728783729917,0.00021436665313093542,0.019045457872497513,2.2179915341796915e-05,0.09715274570979668,0.00023654656847273234,0.019045457872497513,0.0,0.0,0.0,0.0
22,28.282768740525444,0.0,0.0,0.0,0.0,0.0,0.0,0.0,0.0,0.0,0.0,0.0
32,164.30362976406718,0.9599960541199495,0.0010180009908921568,0.08379685491729508,8.37174600500876e-05,1.0437929090372446,0.0011017184509422443,0.08379685491729508,0.0,0.0,0.0,0.0
23,0.013438470022992111,0.0,0.0,0.0,0.0,0.0,0.0,0.0,0.0,0.0,0.0,0.0
total,226.75082992147398,1.0381033419572487,0.001232367644023092,0.10284231278979258,0.00010589737539188451,1.1409456547470413,0.0013382650194149765,0.10284231278979258,0.0,0.0,0.0,0.0
