cell,flux,"Li6(n,t)","Li6(n,t)_stdev","Li7(n,t)","Li7(n,t)_stdev",tbr,tbr_stdev,"Th232(n,fis)","Th232(n,fis)_stdev","Th232(n,g)","Th232(n,g)_stdev",U233_kg/yr,U233_kg/yr_stdev
11,1.9520630642170047,0.0,0.0,0.0,0.0,0.0,0.0,0.0,0.0,0.0,0.0,0.0,0.0
21,23.81159459952038,0.0,0.0,0.0,0.0,0.0,0.0,0.0,0.0,0.0,0.0,0.0,0.0
31,61.730018977547445,0.46586932623687405,0.000724889780701253,0.0046551887995387575,1.1198672324915679e-05,0.4705245150364128,0.0007360884530261687,0.00042256337191869125,9.781309601399598e-07,0.013230322097802349,3.911582275203494e-05,57.25252198806719,0.1692687060554794
22,0.5425070646624416,0.0,0.0,0.0,0.0,0.0,0.0,0.0,0.0,0.0,0.0,0.0,0.0
32,118.93982854185654,0.8737020359200202,0.0007767247948552105,0.0101463203107472,1.462281334172146e-05,0.8838483562307674,0.000791347608196932,0.0009095539205229951,1.075259503810526e-06,0.02482979649007691,3.833140926167589e-05,107.44775969917578,0.1658742572829905
23,0.07321771752888415,0.0,0.0,0.0,0.0,0.0,0.0,0.0,0.0,0.0,0.0,0.0,0.0
total,207.04922996533267,1.339571362156894,0.0015016145755564637,0.014801509110285957,2.5821485666637138e-05,1.3543728712671803,0.0015274360612231009,0.0013321172924416864,2.0533904639504857e-06,0.03806011858787926,7.744723201371083e-05,164.70028168724298,0.3351429633384699
