cell,flux,"Li6(n,t)","Li6(n,t)_stdev","Li7(n,t)","Li7(n,t)_stdev",tbr,tbr_stdev,"U238(n,fis)","U238(n,fis)_stdev","U238(n,g)","U238(n,g)_stdev",Pu239_kg/yr
11,3.106650032413198,0.0,0.0,0.0,0.0,0.0,0.0,0.0,0.0,0.0,0.0,0.0
21,10.446264481199815,0.0,0.0,0.0,0.0,0.0,0.0,0.0,0.0,0.0,0.0,0.0
31,20.528078848753204,0.07903817561695434,0.0002220249102622652,0.019205847613495676,2.1907564965805305e-05,0.09824402323045,0.0002439324752280705,0.019205847613495676,0.0,0.0,0.0,0.0
22,28.23899412175253,0.0,0.0,0.0,0.0,0.0,0.0,0.0,0.0,0.0,0.0,0.0
32,164.6254842354239,0.9864289535557174,0.0011217249196599232,0.08468516357499298,9.769237432942286e-05,1.0711141171307104,0.001219417293989346,0.08468516357499298,0.0,0.0,0.0,0.0
23,0.014162792164315494,0.0,0.0,0.0,0.0,0.0,0.0,0.0,0.0,0.0,0.0,0.0
total,226.95963451170695,1.0654671291726716,0.0013437498299221885,0.10389101118848865,0.00011959993929522816,1.1693581403611604,0.0014633497692174166,0.10389101118848865,0.0,0.0,0.0,0.0
