fertile_kgm3,void_cell,cellfrom,leakage,leakage_stdev
50,99,"[42, 44]",0.11446007670021861,3.974498551546484e-05
50,98,[44],0.05827377178412372,2.1383014461875692e-05
50,total,,0.17273384848434234,4.5131997309018964e-05
