cell,flux,tbr,tbr_stdev,"Th232(n,g)","Th232(n,g)_stdev",U233_kg/yr,U233_kg/yr_stdev,"Li6(n,t)","Li6(n,t)_stdev","Li7(n,t)","Li7(n,t)_stdev","Be9(n,2n)","Be9(n,2n)_stdev","Th232(n,fis)","Th232(n,fis)_stdev",heating [MW],heating_stdev,fisq [MW],fisq_stdev
11,2.3437618002455256,0.0,0.0,0.0,0.0,0.0,0.0,0.0,0.0,0.0,0.0,0.0,0.0,0.0,0.0,48.22578865993835,0.009388491178885008,0.0,0.0
41,11.840542902701216,0.0,0.0,0.0,0.0,0.0,0.0,0.0,0.0,0.0,0.0,0.12047489962631104,1.5469922724196852e-05,0.0,0.0,45.24712306200511,0.004424995537102964,0.0,0.0
21,11.318863135466636,0.0,0.0,0.0,0.0,0.0,0.0,0.0,0.0,0.0,0.0,0.0,0.0,0.0,0.0,66.23474117322922,0.006955882663348956,0.0,0.0
31,21.466918349489106,0.1314852819652161,3.427609037971368e-05,0.0028529324453968456,1.7094845558160075e-06,12.348146748481856,0.00739904171006163,0.11263360081160952,3.2185687647957264e-05,0.018851681153606588,2.090402731756413e-06,0.018933612953163998,2.0615202099008797e-06,7.043682314335723e-05,5.39304829771664e-09,95.42215601273469,0.009841305361072271,0.7163381189907793,5.53181313407987e-05
22,28.770014878879536,0.0,0.0,0.0,0.0,0.0,0.0,0.0,0.0,0.0,0.0,0.0,0.0,0.0,0.0,141.7011986930779,0.012865021578045447,0.0,0.0
32,159.65704227125613,1.0376859248468042,0.00013449754574670705,0.024902052964446645,5.4412455264723774e-06,107.78180354028049,0.0235509601230867,0.9568880178537716,0.0001181517657972546,0.08079790699303267,1.634577994945245e-05,0.08645733136823175,1.4277642057775601e-05,0.0003026981995504511,4.6170790839527815e-08,546.3890417198947,0.059909350712793866,3.1013282009387475,0.0004675224872962416
23,0.01203274548404116,0.0,0.0,0.0,0.0,0.0,0.0,0.0,0.0,0.0,0.0,0.0,0.0,0.0,0.0,0.03679796923277861,0.00020010978288771344,0.0,0.0
total,235.4091760835222,1.1691712068120204,0.00016877363612642074,0.027754985409843492,7.150730082288385e-06,120.12995028876234,0.03095000183314833,1.069521618665381,0.00015033745344521186,0.09964958814663927,1.8436182681208862e-05,0.22586584394770678,3.180908499187333e-05,0.00037313502269380834,5.156383913724445e-08,943.2568472901128,0.10358515681413623,3.817666319929527,0.0005228406186370404
