cell,flux,tbr,tbr_stdev,"U238(n,g)","U238(n,g)_stdev","Th232(n,g)","Th232(n,g)_stdev",Pu239_kg/yr,Pu239_kg/yr_stdev,U233_kg/yr,U233_kg/yr_stdev,"Li6(n,t)","Li6(n,t)_stdev","Li7(n,t)","Li7(n,t)_stdev","Be9(n,2n)","Be9(n,2n)_stdev","Pb(n,2n)","Pb(n,2n)_stdev","tot(n,fis)","tot(n,fis)_stdev",heating [MW],heating_stdev,fisq [MW],fisq_stdev
11,2.343593667258938,0.0,0.0,0.0,0.0,0.0,0.0,0.0,0.0,0.0,0.0,0.0,0.0,0.0,0.0,0.0,0.0,0.0,0.0,0.0,0.0,48.22607329015207,0.011076503012115385,0.0,0.0
41,11.84049524148132,0.0,0.0,0.0,0.0,0.0,0.0,0.0,0.0,0.0,0.0,0.0,0.0,0.0,0.0,0.12047908538825051,1.6682294270373562e-05,0.0,0.0,0.0,0.0,45.24866239439573,0.0046367697102317005,0.0,0.0
21,11.318747296312356,0.0,0.0,0.0,0.0,0.0,0.0,0.0,0.0,0.0,0.0,0.0,0.0,0.0,0.0,0.0,0.0,0.0,0.0,0.0,0.0,66.23380947865688,0.0075594033464773825,0.0,0.0
31,21.466806353642365,0.1314456743730257,3.743360855762304e-05,0.0,0.0,0.0028530854191072853,1.7173121201817228e-06,0.0,0.0,12.348808853828311,0.007432921206096312,0.11259416502301418,3.528872789196652e-05,0.01885150935001153,2.144880665656522e-06,0.018933422527438536,2.198120721286891e-06,0.0,0.0,0.0,0.0,95.41205224124974,0.01162795158807862,0.7163392222542323,5.9752713649051386e-05
22,28.769791271123168,0.0,0.0,0.0,0.0,0.0,0.0,0.0,0.0,0.0,0.0,0.0,0.0,0.0,0.0,0.0,0.0,0.0,0.0,7.04369095552702e-05,5.814961971419944e-09,141.69627012741236,0.012343555375343469,0.0,0.0
32,159.65458548892778,1.0375326586231717,0.00014175553485247446,0.0,0.0,0.024905331550370627,5.956914027968603e-06,0.0,0.0,107.79599401302798,0.025782891811591647,0.956735506112949,0.00012537103958580245,0.08079715251022268,1.638449526667201e-05,0.08645657464160822,1.4386071754654133e-05,0.0,0.0,0.00030269540796774044,4.6467678432786786e-08,546.3467514849899,0.06289295774185981,3.101299147206017,0.00047050160439146777
23,0.012028726425809634,0.0,0.0,0.0,0.0,0.0,0.0,0.0,0.0,0.0,0.0,0.0,0.0,0.0,0.0,0.0,0.0,0.0,0.0,0.0,0.0,0.03678438426850397,0.0002037752502258727,0.0,0.0
total,235.40604804517173,1.1689783329961974,0.0001791891434100975,0.0,0.0,0.027758416969477912,7.674226148150326e-06,0.0,0.0,120.1448028668563,0.03321581301768796,1.0693296711359632,0.00016065976747776898,0.09964866186023422,1.8529375932328532e-05,0.22586908255729726,3.326648674631459e-05,0.0,0.0,0.00037313231752301063,5.2282640404206726e-08,943.2004034011252,0.11034091602433223,3.8176383694602496,0.0005302543180405191
