fertile_kgm3,void_cell,cellfrom,leakage,leakage_stdev
25.0,99,[23],0.00099371,3.917260947821289e-06
25.0,total,,0.00099371,3.917260947821289e-06
