fertile_kgm3,void_cell,cellfrom,leakage,leakage_stdev
25,99,[23],0.00099219,3.6513490657560304e-06
25,total,,0.00099219,3.6513490657560304e-06
