cell,flux,"Li6(n,t)","Li6(n,t)_stdev","Li7(n,t)","Li7(n,t)_stdev",tbr,tbr_stdev,"U238(n,fis)","U238(n,fis)_stdev","U238(n,g)","U238(n,g)_stdev",Pu239_kg/yr
11,3.2016995980115075,0.0,0.0,0.0,0.0,0.0,0.0,0.0,0.0,0.0,0.0,0.0
21,10.765882936364738,0.0,0.0,0.0,0.0,0.0,0.0,0.0,0.0,0.0,0.0,0.0
31,21.165757506409427,0.07374173131613826,0.00013795244741509716,0.01906197519466902,2.172243504758285e-05,0.09280370651080727,0.00015967488246268,0.01906197519466902,0.001009195269811323,0.005670940947103642,4.5300931266477524e-05,25.17341968353929
22,29.16755212453227,0.0,0.0,0.0,0.0,0.0,0.0,0.0,0.0,0.0,0.0,0.0
32,172.87392969979774,0.9398019490305207,0.0012221874048072223,0.08357440337996044,0.00011063613493459728,1.023376352410481,0.0013328235397418195,0.08357440337996044,0.004494098338907948,0.07019971602947225,0.00012950142241829475,311.61793602836633
23,0.014899022409360913,0.0,0.0,0.0,0.0,0.0,0.0,0.0,0.0,0.0,0.0,0.0
total,237.18972088752506,1.0135436803466589,0.0013601398522223194,0.10263637857462946,0.00013235856998218014,1.1161800589212882,0.0014924984222044995,0.10263637857462946,0.0055032936087192705,0.0758706569765759,0.00017480235368477228,336.7913557119056
