cell,flux,"Li6(n,t)","Li6(n,t)_stdev","Li7(n,t)","Li7(n,t)_stdev",tbr,tbr_stdev,"U238(n,fis)","U238(n,fis)_stdev","U238(n,g)","U238(n,g)_stdev",Pu239_kg/yr
11,1.939748941,0,0,0,0,0,0,0,0,0,0,0
21,23.66503793,0,0,0,0,0,0,0,0,0,0,0
31,61.46299601,0.482977861,0.001190934,0.004868315,1.86E-05,0.487846176,0.001209541,0.004868315,0,0,0,0
22,0.539636068,0,0,0,0,0,0,0,0,0,0,0
32,118.3069617,0.906341009,0.001329312,0.010528457,1.78E-05,0.916869466,0.001347151,0.010528457,0,0,0,0
23,0.072485528,0,0,0,0,0,0,0,0,0,0,0
total,205.9868662,1.38931887,0.002520246,0.015396772,3.64E-05,1.404715642,0.002556692,0.015396772,0,0,0,0
