cell,flux,"Li6(n,t)","Li6(n,t)_stdev","Li7(n,t)","Li7(n,t)_stdev",tbr,tbr_stdev,"U238(n,fis)","U238(n,fis)_stdev","U238(n,g)","U238(n,g)_stdev",Pu239_kg/yr
11,1.9443521458960156,0.0,0.0,0.0,0.0,0.0,0.0,0.0,0.0,0.0,0.0,0.0
21,23.726388245985113,0.0,0.0,0.0,0.0,0.0,0.0,0.0,0.0,0.0,0.0,0.0
31,61.73597955133092,0.47806691607268786,0.000931446291512799,0.004808890841038209,1.785558009407422e-05,0.48287580691372606,0.0009493018716068732,0.004808890841038209,0.0004791430635180228,0.004796884701313825,3.395629498008835e-05,21.293466619749488
22,0.5404631481611839,0.0,0.0,0.0,0.0,0.0,0.0,0.0,0.0,0.0,0.0,0.0
32,118.6349857887268,0.8960699652160475,0.0015746554620351659,0.010399895511331723,1.864844137568545e-05,0.9064698607273792,0.0015933039034108512,0.010399895511331723,0.0010216445302588485,0.009063662823453522,2.8779902879021256e-05,40.23377958845078
23,0.07322062419160841,0.0,0.0,0.0,0.0,0.0,0.0,0.0,0.0,0.0,0.0,0.0
total,206.65538950429163,1.3741368812887353,0.0025061017535479646,0.015208786352369932,3.6504021469759674e-05,1.3893456676411053,0.0025426057750177243,0.015208786352369932,0.0015007875937768714,0.013860547524767348,6.273619785910961e-05,61.52724620820027
