cell,flux,"Li6(n,t)","Li6(n,t)_stdev","Li7(n,t)","Li7(n,t)_stdev",tbr,tbr_stdev,"U238(n,fis)","U238(n,fis)_stdev","U238(n,g)","U238(n,g)_stdev",Pu239_kg/yr
11,1.948098951464362,0.0,0.0,0.0,0.0,0.0,0.0,0.0,0.0,0.0,0.0,0.0
21,23.779464001802502,0.0,0.0,0.0,0.0,0.0,0.0,0.0,0.0,0.0,0.0,0.0
31,61.58314514674778,0.4775630028847041,0.0008240831866155185,0.004782735444735863,1.1548256670767145e-05,0.48234573832943994,0.0008356314432862856,0.004782735444735863,0.0004766084813542025,0.0048299314337769605,2.3064994402463253e-05,21.440161722594638
22,0.5377650015560711,0.0,0.0,0.0,0.0,0.0,0.0,0.0,0.0,0.0,0.0,0.0
32,118.83579606649216,0.8973511966190204,0.0008605853977941377,0.010422786226717653,1.3847870673142273e-05,0.9077739828457381,0.00087443326846728,0.010422786226717653,0.0010221562001458764,0.0090824924272106,2.2624673509043355e-05,40.31736457413004
23,0.07435682204820833,0.0,0.0,0.0,0.0,0.0,0.0,0.0,0.0,0.0,0.0,0.0
total,206.75862599011109,1.3749141995037246,0.0016846685844096561,0.015205521671453517,2.5396127343909417e-05,1.3901197211751781,0.0017100647117535657,0.015205521671453517,0.001498764681500079,0.01391242386098756,4.568966791150661e-05,61.75752629672468
