cell,flux,tbr,tbr_stdev,"U238(n,g)","U238(n,g)_stdev",Pu239_kg/yr,Pu239_kg/yr_stdev,"Li6(n,t)","Li6(n,t)_stdev","Li7(n,t)","Li7(n,t)_stdev","Be9(n,2n)","Be9(n,2n)_stdev","tot(n,fis)","tot(n,fis)_stdev",heating [MW],heating_stdev,fisq [MW],fisq_stdev
11,1.948280020637592,0.0,0.0,0.0,0.0,0.0,0.0,0.0,0.0,0.0,0.0,0.0,0.0,0.0,0.0,27.528668906937384,0.005396546643864982,0.0,0.0
21,23.773780543246563,0.0,0.0,0.0,0.0,0.0,0.0,0.0,0.0,0.0,0.0,0.0,0.0,0.0,0.0,181.31894275413896,0.01354205245405979,0.0,0.0
31,61.70509320393815,0.4822119437157461,0.00010394714428694783,0.005249392489845302,2.903412954687635e-06,23.3067772850742,0.012890862939360462,0.47742880243041325,0.00010225788872495914,0.004783141285332835,1.6892555619886873e-06,0.16363196730532675,5.0186654378549086e-05,0.0,0.0,277.69715570567627,0.05211724327023098,6.853101141878756,0.0016913866661679429
22,0.5430828730942678,0.0,0.0,0.0,0.0,0.0,0.0,0.0,0.0,0.0,0.0,0.0,0.0,0.0,0.0,2.7058322688479692,0.0028712642649215744,0.0,0.0
32,118.85381717918233,0.906382687630516,0.00019266431525383015,0.009823918433796576,3.940584305351539e-06,43.61721464839053,0.017495799934097462,0.8959736977090101,0.00019077636536360008,0.010408989921505891,1.8879498902300517e-06,0.35430014540413124,6.743355798145607e-05,0.0006357817652842977,1.5178521881181933e-07,555.5577782461767,0.08641825221505692,14.369414288358824,0.002209897885536373
23,0.07342833604522589,0.0,0.0,0.0,0.0,0.0,0.0,0.0,0.0,0.0,0.0,0.0,0.0,0.0013342842656957218,1.9014086520752442e-07,0.37104499249956774,0.0006971139088677065,0.0,0.0
total,206.89748215614412,1.388594631346262,0.00029661145954077795,0.015073310923641878,6.843997260039174e-06,66.92399193346473,0.030386662873457926,1.3734025001394234,0.00029303425408855923,0.015192131206838726,3.5772054522187387e-06,0.517932112709458,0.00011762021236000515,0.0019700660309800192,3.419260840193437e-07,1045.1794228742767,0.16104247275700193,21.22251543023758,0.003901284551704316
