fertile_kgm3,void_cell,cellfrom,leakage,leakage_stdev
50,99,"[22, 23]",0.050427624363722605,3.047777888824756e-05
50,98,[23],0.007559054051796692,8.22508867261408e-06
50,total,,0.0579866784155193,3.156813408539176e-05
