cell,flux,"Li6(n,t)","Li6(n,t)_stdev","Li7(n,t)","Li7(n,t)_stdev",tbr,tbr_stdev,"U238(n,fis)","U238(n,fis)_stdev","U238(n,g)","U238(n,g)_stdev",Pu239_kg/yr
11,2.1817905224265024,0.0,0.0,0.0,0.0,0.0,0.0,0.0,0.0,0.0,0.0,0.0
21,10.977858463485628,0.0,0.0,0.0,0.0,0.0,0.0,0.0,0.0,0.0,0.0,0.0
31,21.585508152943316,0.07524764721899571,5.611861629827734e-05,0.017571544974207813,4.9630660717920125e-06,0.09281919219320353,6.108168237006935e-05,0.017571544974207813,0.00451888610888432,0.01910581877321792,2.8959581382917115e-05,84.81110963102199
22,29.84236145676879,0.0,0.0,0.0,0.0,0.0,0.0,0.0,0.0,0.0,0.0,0.0
32,172.89629965729847,0.8581091633372125,0.00027587533203797694,0.0768945893899179,2.4076327971990228e-05,0.9350037527271304,0.00029995166000996716,0.0768945893899179,0.02016948230927326,0.2025637795947639,7.425578774360017e-05,899.1846474838194
23,0.012315894772575608,0.0,0.0,0.0,0.0,0.0,0.0,0.0,0.0,0.0,0.0,0.0
total,237.49613414769527,0.9333568105562082,0.0003319939483362543,0.09446613436412571,2.903939404378224e-05,1.027822944920334,0.0003610333423800365,0.09446613436412571,0.02468836841815758,0.22166959836798183,0.00010321536912651728,983.9957571148414
