cell,flux,"Li6(n,t)","Li6(n,t)_stdev","Li7(n,t)","Li7(n,t)_stdev",tbr,tbr_stdev,"U238(n,fis)","U238(n,fis)_stdev","U238(n,g)","U238(n,g)_stdev",Pu239_kg/yr
11,2.1813447669914723,0.0,0.0,0.0,0.0,0.0,0.0,0.0,0.0,0.0,0.0,0.0
21,10.964478161420356,0.0,0.0,0.0,0.0,0.0,0.0,0.0,0.0,0.0,0.0,0.0
31,21.551907173127358,0.0751817141780909,0.00020540640884352497,0.017560158252838524,1.7217511168220553e-05,0.09274187243092942,0.00022262392001174552,0.017560158252838524,0.004513215235053864,0.019059892048290148,6.185688683039029e-05,84.60723998538799
22,29.804786042760412,0.0,0.0,0.0,0.0,0.0,0.0,0.0,0.0,0.0,0.0,0.0
32,172.96193759349543,0.8578428276751817,0.0006984660369347291,0.07689243721811898,0.00011773355594374549,0.9347352648933007,0.0008161995928784745,0.07689243721811898,0.020162653800029535,0.20242858100649785,0.00024385525861884904,898.5844982608264
23,0.012886848744786527,0.0,0.0,0.0,0.0,0.0,0.0,0.0,0.0,0.0,0.0,0.0
total,237.4773405865398,0.9330245418532727,0.000903872445778254,0.0944525954709575,0.00013495106711196604,1.0274771373242302,0.00103882351289022,0.0944525954709575,0.024675869035083398,0.221488473054788,0.0003057121454492393,983.1917382462144
