cell,flux,"Li6(n,t)","Li6(n,t)_stdev","Li7(n,t)","Li7(n,t)_stdev",tbr,tbr_stdev,"Th232(n,fis)","Th232(n,fis)_stdev","Th232(n,g)","Th232(n,g)_stdev",U233_kg/yr
11,2.0995222882238926,0.0,0.0,0.0,0.0,0.0,0.0,0.0,0.0,0.0,0.0,0.0
21,10.550233881719794,0.0,0.0,0.0,0.0,0.0,0.0,0.0,0.0,0.0,0.0,0.0
31,20.715777879630274,0.0788662462167827,0.00015511125456514803,0.018826703403620533,1.6768238360953963e-05,0.09769294962040323,0.00017187949292610198,0.018826703403620533,0.00038916625703677374,0.007827977768753182,2.7326326783355257e-05,33.87456979615691
22,28.571607289533922,0.0,0.0,0.0,0.0,0.0,0.0,0.0,0.0,0.0,0.0,0.0
32,163.44946899985678,0.906497570780326,0.000949155777813289,0.08427616593887752,0.00011247125024980729,0.9907737367192035,0.0010616270280630962,0.08427616593887752,0.0017257149034512038,0.08825730845572109,0.00010568227030240952,381.92218266614475
23,0.01202924300878408,0.0,0.0,0.0,0.0,0.0,0.0,0.0,0.0,0.0,0.0,0.0
total,225.39863958197344,0.9853638169971087,0.001104267032378437,0.10310286934249804,0.00012923948861076124,1.0884666863396069,0.0012335065209891983,0.10310286934249804,0.0021148811604879774,0.09608528622447428,0.00013300859708576478,415.79675246230164
