cell,flux,"Li6(n,t)","Li6(n,t)_stdev","Li7(n,t)","Li7(n,t)_stdev",tbr,tbr_stdev,"Th232(n,fis)","Th232(n,fis)_stdev","Th232(n,g)","Th232(n,g)_stdev",U233_kg/yr,U233_kg/yr_stdev
11,2.12377611042239,0.0,0.0,0.0,0.0,0.0,0.0,0.0,0.0,0.0,0.0,0.0,0.0
21,10.696037863030261,0.0,0.0,0.0,0.0,0.0,0.0,0.0,0.0,0.0,0.0,0.0,0.0
31,21.037213191328537,0.07490870789155499,0.00011513043050062968,0.019208224575957954,1.3173895903284292e-05,0.09411693246751295,0.00012830432640391397,0.0002956728148832516,1.7898622105590568e-07,0.006703666983132091,2.4418214656396684e-05,29.009259072853737,0.10566669210244807
22,29.049308317522495,0.0,0.0,0.0,0.0,0.0,0.0,0.0,0.0,0.0,0.0,0.0,0.0
32,169.69116137158878,0.9094868971762213,0.0006991629616467782,0.0862516358482272,7.635885114914299e-05,0.9957385330244486,0.0007755218127959212,0.0013149285161107589,1.1659087596678826e-06,0.08056935387358434,8.096549459871883e-05,348.653545251024,0.3503677934309605
23,0.013388981605558,0.0,0.0,0.0,0.0,0.0,0.0,0.0,0.0,0.0,0.0,0.0,0.0
total,232.610885835498,0.9843956050677763,0.0008142933921474079,0.10545986042418516,8.953274705242728e-05,1.0898554654919614,0.0009038261391998352,0.0016106013309940105,1.3448949807237882e-06,0.08727302085671643,0.00010538370925511551,377.66280432387777,0.45603448553340853
