cell,flux,tbr,tbr_stdev,"U238(n,g)","U238(n,g)_stdev","Th232(n,g)","Th232(n,g)_stdev",Pu239_kg/yr,Pu239_kg/yr_stdev,U233_kg/yr,U233_kg/yr_stdev,"Li6(n,t)","Li6(n,t)_stdev","Li7(n,t)","Li7(n,t)_stdev","Be9(n,2n)","Be9(n,2n)_stdev","Pb(n,2n)","Pb(n,2n)_stdev","tot(n,fis)","tot(n,fis)_stdev",heating [MW],heating_stdev,fisq [MW],fisq_stdev
11,1.9509037775842148,0.0,0.0,0.0,0.0,0.0,0.0,0.0,0.0,0.0,0.0,0.0,0.0,0.0,0.0,0.0,0.0,0.0,0.0,0.0,0.0,27.530465795877706,0.005294257643775696,0.0,0.0
21,23.809003723238572,0.0,0.0,0.0,0.0,0.0,0.0,0.0,0.0,0.0,0.0,0.0,0.0,0.0,0.0,0.0,0.0,0.0,0.0,0.0,0.0,181.3235416807467,0.012110718263020766,0.0,0.0
31,61.83777065413889,0.4799067149158479,9.799037040356974e-05,0.007449855417045878,3.154501743965104e-06,0.0,0.0,33.07661245505549,0.014005672034277529,0.0,0.0,0.4751542023794424,9.635391552627867e-05,0.0047525125364055384,1.636454877291082e-06,0.16262946593470148,5.058144733493144e-05,0.0,0.0,0.0,0.0,280.9960997810552,0.05647779550654065,10.223413841580168,0.0026456882670587495
22,0.5444134768373585,0.0,0.0,0.0,0.0,0.0,0.0,0.0,0.0,0.0,0.0,0.0,0.0,0.0,0.0,0.0,0.0,0.0,0.0,0.0,0.0,2.701526244617052,0.0035054567115944363,0.0,0.0
32,119.10156941732441,0.9021863512797831,0.00014755673321563124,0.013959819915670605,4.219488035774737e-06,0.0,0.0,61.98020329850899,0.018734104583925885,0.0,0.0,0.891846152429276,0.00014568940981886776,0.01034019885050713,1.8673233967634779e-06,0.3520438575387718,6.537710293374472e-05,0.0,0.0,0.0009484447132098999,2.3427507876209597e-07,562.4829137949469,0.07720706283479653,21.43225977132838,0.0032765427910819486
23,0.07365756505750715,0.0,0.0,0.0,0.0,0.0,0.0,0.0,0.0,0.0,0.0,0.0,0.0,0.0,0.0,0.0,0.0,0.0,0.0,0.0019900917145767322,2.8081475441880874e-07,0.37023608539229197,0.0006754684787788782,0.0,0.0
total,207.31731861418098,1.382093066195631,0.000245547103619201,0.021409675332716482,7.373989779739841e-06,0.0,0.0,95.05681575356448,0.03273977661820342,0.0,0.0,1.3670003548087184,0.00024204332534514644,0.015092711386912669,3.50377827405456e-06,0.5146733234734733,0.00011595855026867616,0.0,0.0,0.002938536427786632,5.150898331809047e-07,1055.4047833826357,0.15527075943850696,31.655673612908547,0.005922231058140698
