fertile_kgm3,void_cell,cellfrom,leakage,leakage_stdev
75.0,99,"[22, 23]",0.05054349746767953,3.299474751353076e-05
75.0,98,[23],0.007572823546869342,7.945916244026467e-06
75.0,total,,0.05811632101454887,3.3938045736882495e-05
