filename,fertile_kg/m3,fertile_mt,"Li6(n,t)","Li6(n,t)_sd","Li7(n,Xt)","Li7(n,Xt)_sd","Be9(n,2n)","Be9(n,2n)_sd","Pb(n,2n)","Pb(n,2n)_sd","U238(n,g)","U238(n,g)_sd","Th232(n,g)","Th232(n,g)_sd","U235(n,inel)","U235(n,inel)_sd","U238(n,inel)","U238(n,inel)_sd","Th232(n,inel)","Th232(n,inel)_sd","tot(n,fis)","tot(n,fis)_sd","tot(n,nufis)","tot(n,nufis)_sd",tbr,tbr_sd,Pu239_kg/yr,Pu239_kg/yr_sd,U233_kg/yr,U233_kg/yr_sd,leak [n/src-n],leak_sd,heat [MW],heat_sd,fisq [MW],fisq_sd
tallies_DCLL_900K_Li90.0_Th232_075.00kgm3_4e6x25,75.0,25.894380000000005,1.3456089874880877,0.0001864116357163,0.0019462801823761,2.7432101824488773e-07,0.0,0.0,0.5645860068292373,4.654515801748746e-05,0.0,0.0,0.0195137699032295,3.8209067774856654e-06,0.0,0.0,0.0,0.0,0.0635255451073091,4.0287808912809605e-06,0.0012503849878576,1.336044977262283e-07,0.0039398507069926,4.187678482610024e-07,1.347555267670464,0.0001866859567345,0.0,0.0,84.46007712869951,0.016537761935719,0.1715500787996589,5.1603936700705255e-05,903.8558292972344,0.0916075509127627,12.884544844181224,0.0013821462697806
tallies_DCLL_900K_Li90.0_Th232_750.00kgm3_4e6x25,750.0,258.94380000000007,1.1433239534895396,0.0001605743901888,0.001658797650624,2.4400437350833e-07,0.0,0.0,0.4768300546333468,4.397724063075107e-05,0.0,0.0,0.1673170761106019,3.040997001782634e-05,0.0,0.0,0.0,0.0,0.4353799372961327,2.827865987774254e-05,0.0098706612992937,1.3669900148906462e-06,0.031716881516109,4.20057346701706e-06,1.1449827511401636,0.0001608183945623,0.0,0.0,724.186726774468,0.1316213333417432,0.1665481182897623,4.6771965907231175e-05,992.597571269856,0.1191222866198299,101.46099167349504,0.0141676672330217
