filename,fertile_kg/m3,fertile_mt,"Li6(n,t)","Li6(n,t)_sd","Li7(n,Xt)","Li7(n,Xt)_sd","Th232(n,g)","Th232(n,g)_sd",tbr,tbr_sd,U233 [kg/yr],U233_sd,leak [n/src-n],leak_sd,heat [MW],heat_sd,fisq [MW],fisq_sd
tallies_FLiBe_900K_Li07.5_Th232_500.00kgm3_4e3x25,500.0,347.8239981067366,0.8431466473352468,0.0039150109719385,0.0864568921371644,0.0004611480008278,0.2875467042566421,0.0017817564960349,0.9296035394724114,0.0043761589727664,1244.5681659698143,7.711851263285128,0.0263399999999999,0.0037755639755317,1008.6546936129374,3.208726560063992,73.41900533284714,0.3262239155666381
