filename,fertile_kg/m3,fertile_mt,"Li6(n,t)","Li6(n,t)_sd","Li7(n,Xt)","Li7(n,Xt)_sd","U238(n,g)","U238(n,g)_sd",tbr,tbr_sd,Pu239 [kg/yr],Pu239_sd,leak [n/src-n],leak_sd,heat [MW],heat_sd,fisq [MW],fisq_sd
tallies_FLiBe_900K_Li00.0_U238_000.00kgm3_4e2x25,0,0,0,0,0.111075635,0.001561537,0,0,0.111075635,0.001561537,0,0,1.3792,0.090445978,1013.541726,11.7045882,0,0
tallies_FLiBe_900K_Li00.0_U238_999.99kgm3_4e2x25,999.99,625.026106,0,0,0.083910231,0.001255758,1.156902222,0.016954175,0.083910231,0.001255758,5136.530079,75.27484032,0.3364,0.060360238,2615.049176,35.40682357,1609.656463,25.94288273
