filename,fertile_kg/m3,fertile_mt,"Li6(n,t)","Li7(n,Xt)","U238(n,g)",tbr,Pu239_kg/yr
tallies_LL_900K_Li90.0_U001.50kgm3,1.5,0.64095,1.3833069022459197,0.0020699552822559,0.000306294187374,1.3853768575281755,1.3596459912587902
tallies_LL_900K_Li90.0_U150.00kgm3,150.0,64.095,1.339741323841741,0.0021033565666413,0.0305757482595424,1.3418446804083823,135.72635480692517
tallies_LL_900K_Li90.0_U015.00kgm3,15.0,6.4095,1.4340375464143678,0.0020652305618145,0.0032133058410367,1.4361027769761825,14.26392855480182
tallies_LL_900K_Li90.0_U000.00kgm3,0.0,0.0,1.4267783629116575,0.0020793493552731,0.0,1.4288577122669308,0.0
tallies_LL_900K_Li90.0_U090.00kgm3,90.0,38.457,1.3730585985462689,0.0020560938331218,0.0194554964860803,1.3751146923793904,86.36333595500844
tallies_LL_900K_Li90.0_U000.03kgm3,0.03,0.012818999999999999,1.4268876087179023,0.0020793358504386,6.343097769623664e-06,1.428966944568341,0.0281571371907887
