cell,flux,"Li6(n,t)","Li6(n,t)_stdev","Li7(n,t)","Li7(n,t)_stdev",tbr,tbr_stdev,"U238(n,fis)","U238(n,fis)_stdev","U238(n,g)","U238(n,g)_stdev",Pu239_kg/yr
11,1.9783458377326908,0.0,0.0,0.0,0.0,0.0,0.0,0.0,0.0,0.0,0.0,0.0
21,24.16190518025265,0.0,0.0,0.0,0.0,0.0,0.0,0.0,0.0,0.0,0.0,0.0
31,65.36132912182089,0.4635574833445945,0.0011166761027915785,0.004333656161633128,1.7131541789992138e-05,0.4678911395062276,0.0011338076445815705,0.004333656161633128,0.0014878077591752993,0.014148015111492999,5.713786867897569e-05,62.80332054463911
22,0.6175359840355861,0.0,0.0,0.0,0.0,0.0,0.0,0.0,0.0,0.0,0.0,0.0
32,126.31436015611675,0.8751900721298093,0.000916987224563504,0.009420957891195795,1.5513747454359754e-05,0.884611030021005,0.0009325009720178638,0.009420957891195795,0.0031892972575251317,0.026608456867870896,5.798687317074157e-05,118.11546939284779
23,0.09092262444734715,0.0,0.0,0.0,0.0,0.0,0.0,0.0,0.0,0.0,0.0,0.0
total,218.5243989044059,1.3387475554744037,0.0020336633273550825,0.013754614052828924,3.2645289244351896e-05,1.3525021695272326,0.0020663086165994345,0.013754614052828924,0.004677105016700431,0.0407564719793639,0.00011512474184971727,180.9187899374869
