cell,flux,"Li6(n,t)","Li6(n,t)_stdev","Li7(n,t)","Li7(n,t)_stdev",tbr,tbr_stdev,"U238(n,fis)","U238(n,fis)_stdev","U238(n,g)","U238(n,g)_stdev",Pu239_kg/yr
11,1.978345837732708,0.0,0.0,0.0,0.0,0.0,0.0,0.0,0.0,0.0,0.0,0.0
21,24.16190518025273,0.0,0.0,0.0,0.0,0.0,0.0,0.0,0.0,0.0,0.0,0.0
31,65.36132912182048,0.4635574833445958,0.0011166761027888168,0.004333656161633104,1.71315417900251e-05,0.4678911395062289,0.0011338076445788418,0.004333656161633104,0.001487807759175294,0.014148015111493,5.713786867900204e-05,62.80332054463911
22,0.6175359840355852,0.0,0.0,0.0,0.0,0.0,0.0,0.0,0.0,0.0,0.0,0.0
32,126.31436015611712,0.8751900721298368,0.0009169872245433253,0.009420957891195795,1.5513747454408286e-05,0.8846110300210326,0.0009325009719977336,0.009420957891195795,0.0031892972575250705,0.02660845686787139,5.7986873170533826e-05,118.11546939284999
23,0.09092262444734706,0.0,0.0,0.0,0.0,0.0,0.0,0.0,0.0,0.0,0.0,0.0
total,218.52439890440596,1.3387475554744326,0.002033663327332142,0.0137546140528289,3.264528924443339e-05,1.3525021695272614,0.0020663086165765756,0.0137546140528289,0.004677105016700364,0.04075647197936439,0.00011512474184953587,180.9187899374891
