fertile_kgm3,void_cell,cellfrom,leakage,leakage_stdev
500,99,"[42, 44]",0.11514027673118922,4.9568412257729545e-05
500,98,[44],0.05930446520534763,2.72087195388501e-05
500,total,,0.17444474193653686,5.654504321950807e-05
