cell,flux,"Li6(n,t)","Li6(n,t)_stdev","Li7(n,t)","Li7(n,t)_stdev",tbr,tbr_stdev,"Th232(n,fis)","Th232(n,fis)_stdev","Th232(n,g)","Th232(n,g)_stdev",U233_kg/yr
11,2.00769139981783,0.0,0.0,0.0,0.0,0.0,0.0,0.0,0.0,0.0,0.0,0.0
21,24.515238446524528,0.0,0.0,0.0,0.0,0.0,0.0,0.0,0.0,0.0,0.0,0.0
31,65.25103807628444,0.3845108787395627,0.0007328155210492919,0.0035449138872806463,8.19182948180703e-06,0.3880557926268433,0.000741007350531099,0.0035449138872806463,0.003003232977539406,0.07395100165394468,0.00013310908601519037,320.0134748749117
22,0.573506931271269,0.0,0.0,0.0,0.0,0.0,0.0,0.0,0.0,0.0,0.0,0.0
32,124.39043809817822,0.7151108807367912,0.000902589275629252,0.007704853173513699,9.819811292784457e-06,0.7228157339103048,0.0009124090869220365,0.007704853173513699,0.006447370908012713,0.13728657131630662,0.00022141539795163427,594.0900293167315
23,0.07562091313541405,0.0,0.0,0.0,0.0,0.0,0.0,0.0,0.0,0.0,0.0,0.0
total,216.81353386521172,1.0996217594763538,0.001635404796678544,0.011249767060794346,1.801164077459149e-05,1.110871526537148,0.0016534164374531353,0.011249767060794346,0.00945060388555212,0.2112375729702513,0.0003545244839668247,914.1035041916432
