fertile_kgm3,void_cell,cellfrom,leakage,leakage_stdev
250,99,[23],0.0010200000000000003,9.991663191547899e-05
250,total,,0.0010200000000000003,9.991663191547899e-05
