cell,flux,"Li6(n,t)","Li6(n,t)_stdev","Li7(n,t)","Li7(n,t)_stdev",tbr,tbr_stdev,"Th232(n,fis)","Th232(n,fis)_stdev","Th232(n,g)","Th232(n,g)_stdev",U233_kg/yr
11,2.0905517128934634,0.0,0.0,0.0,0.0,0.0,0.0,0.0,0.0,0.0,0.0,0.0
21,10.506152318002046,0.0,0.0,0.0,0.0,0.0,0.0,0.0,0.0,0.0,0.0,0.0
31,20.642577566325794,0.08342734578203129,0.00014685371471083236,0.01938919733288818,1.9565477424767787e-05,0.10281654311491947,0.00016641919213560013,0.01938919733288818,1.7809775438438798e-06,4.474611404242357e-05,3.5772813264235015e-07,0.193633069486642
22,28.459864998069104,0.0,0.0,0.0,0.0,0.0,0.0,0.0,0.0,0.0,0.0,0.0
32,164.093938178698,0.9846121848455442,0.001136977129201869,0.08766950834418709,0.00012663457246348675,1.0722816931897314,0.0012636117016653558,0.08766950834418709,7.97027552599241e-06,0.0005801442424201639,1.549522526251808e-06,2.5104998011294235
23,0.012844798235999735,0.0,0.0,0.0,0.0,0.0,0.0,0.0,0.0,0.0,0.0,0.0
total,225.80592957222441,1.0680395306275756,0.0012838308439127013,0.10705870567707526,0.00014620004988825453,1.175098236304651,0.0014300308938009559,0.10705870567707526,9.75125306983629e-06,0.0006248903564625874,1.9072506588941581e-06,2.7041328706160654
