cell,flux,"Li6(n,t)","Li6(n,t)_stdev","Li7(n,t)","Li7(n,t)_stdev",tbr,tbr_stdev,"U238(n,fis)","U238(n,fis)_stdev","U238(n,g)","U238(n,g)_stdev",Pu239_kg/yr
11,2.0899378181973876,0.0,0.0,0.0,0.0,0.0,0.0,0.0,0.0,0.0,0.0,0.0
21,10.510670120503352,0.0,0.0,0.0,0.0,0.0,0.0,0.0,0.0,0.0,0.0,0.0
31,20.642569823085847,0.08341536146212566,0.00016905483859574102,0.0193889106430142,1.9591326354762817e-05,0.10280427210513987,0.00018864616495050383,0.0193889106430142,0.0,0.0,0.0,0.0
22,28.466872971559134,0.0,0.0,0.0,0.0,0.0,0.0,0.0,0.0,0.0,0.0,0.0
32,164.09290332530426,0.9844238199557255,0.000966271433571129,0.08767534859438544,0.00012758753924526283,1.072099168550111,0.0010938589728163917,0.08767534859438544,0.0,0.0,0.0,0.0
23,0.012869595197255437,0.0,0.0,0.0,0.0,0.0,0.0,0.0,0.0,0.0,0.0,0.0
total,225.81582365384725,1.0678391814178512,0.00113532627216687,0.10706425923739965,0.00014717886560002566,1.1749034406552508,0.0012825051377668955,0.10706425923739965,0.0,0.0,0.0,0.0
