cell,flux,"Li6(n,t)","Li6(n,t)_stdev","Li7(n,t)","Li7(n,t)_stdev",tbr,tbr_stdev,"U238(n,fis)","U238(n,fis)_stdev","U238(n,g)","U238(n,g)_stdev",Pu239_kg/yr
11,1.9921285220276719,0.0,0.0,0.0,0.0,0.0,0.0,0.0,0.0,0.0,0.0,0.0
21,24.33460215455259,0.0,0.0,0.0,0.0,0.0,0.0,0.0,0.0,0.0,0.0,0.0
31,66.03640368552257,0.45299583335112753,0.0008828151180416708,0.004202034485486289,1.6460592486229978e-05,0.4571978678366138,0.0008992757105279008,0.004202034485486289,0.002750499602797623,0.023114481192634463,7.563528378237042e-05,102.60564186030642
22,0.6278638077485665,0.0,0.0,0.0,0.0,0.0,0.0,0.0,0.0,0.0,0.0,0.0
32,127.5118216573167,0.8561632070612198,0.000970769682486525,0.009109286652537435,1.7577181320775124e-05,0.8652724937137573,0.0009883468638073002,0.009109286652537435,0.005882022511508156,0.04357422786070468,0.00010388439709634665,193.4268643520125
23,0.08966382078923306,0.0,0.0,0.0,0.0,0.0,0.0,0.0,0.0,0.0,0.0,0.0
total,220.59248364795735,1.3091590404123474,0.001853584800528196,0.013311321138023724,3.40377738070051e-05,1.322470361550371,0.001887622574335201,0.013311321138023724,0.008632522114305778,0.06668870905333915,0.00017951968087871707,296.03250621231894
