cell,flux,tbr,tbr_stdev,"U238(n,g)","U238(n,g)_stdev",Pu239_kg/yr,Pu239_kg/yr_stdev,"Li6(n,t)","Li6(n,t)_stdev","Li7(n,t)","Li7(n,t)_stdev","U238(n,fis)","U238(n,fis)_stdev",heat_eV_src,heat_eV_src_stdev
11,1.9490561098229497,0.0,0.0,0.0,0.0,0.0,0.0,0.0,0.0,0.0,0.0,0.0,0.0,485403.1670290565,2590.500695485018
21,23.757101630807828,0.0,0.0,0.0,0.0,0.0,0.0,0.0,0.0,0.0,0.0,0.0,0.0,3182718.4614633243,8509.49178937903
31,62.12206708430391,0.47472714628916723,0.002745106560125898,0.013396010351635942,0.0001502937432315167,59.46515645503252,0.6671569161920806,0.470046914776147,0.0026945133253274724,0.004680231513020197,5.059323479842569e-05,0.001537224785369681,1.5074244807153722e-05,5121007.7387044085,35823.062216895145
22,0.5482374829852101,0.0,0.0,0.0,0.0,0.0,0.0,0.0,0.0,0.0,0.0,0.0,0.0,48771.893815006864,1207.649908349902
32,119.98914975626252,0.8867398568127267,0.0028219795131509302,0.024580072889040582,0.00020457089316000364,109.11143255756005,0.9080942645300187,0.8765968635395097,0.002774251473750059,0.01014299327321701,4.7728039400871435e-05,0.0032987438473185277,1.4789462487957184e-05,10236459.323991675,31504.29072596038
23,0.06874968501177176,0.0,0.0,0.0,0.0,0.0,0.0,0.0,0.0,0.0,0.0,0.0,0.0,6192.105951543595,420.5235118774664
total,208.43436174919418,1.361467003101894,0.005567086073276828,0.03797608324067653,0.0003548646363915203,168.57658901259256,1.5752511807220992,1.3466437783156566,0.005468764799077531,0.014823224786237207,9.832127419929712e-05,0.004835968632688209,2.9863707295110906e-05,19080552.690955017,80055.51884794694
