cell,flux,"Li6(n,t)","Li6(n,t)_stdev","Li7(n,t)","Li7(n,t)_stdev",tbr,tbr_stdev,"Th232(n,fis)","Th232(n,fis)_stdev","Th232(n,g)","Th232(n,g)_stdev",U233_kg/yr
11,1.943408346271913,0.0,0.0,0.0,0.0,0.0,0.0,0.0,0.0,0.0,0.0,0.0
21,23.652643652866175,0.0,0.0,0.0,0.0,0.0,0.0,0.0,0.0,0.0,0.0,0.0
31,62.07674222897143,0.4868132742667619,0.0008439888281320204,0.005137027410556241,1.9935154204178813e-05,0.4919503016773181,0.0008639239823361992,0.005137027410556241,4.779373823905183e-05,0.0015831617881263912,5.339744049474659e-06,6.850929585488317
22,0.5313494006303874,0.0,0.0,0.0,0.0,0.0,0.0,0.0,0.0,0.0,0.0,0.0
32,116.06889770925113,0.891670774169353,0.0019143968630579216,0.010649878787619114,1.8939740983468756e-05,0.9023206529569722,0.0019333366040413904,0.010649878787619114,9.819660090294923e-05,0.0028880863980969094,9.993559042747313e-06,12.497823468556893
23,0.07068770411929429,0.0,0.0,0.0,0.0,0.0,0.0,0.0,0.0,0.0,0.0,0.0
total,204.34372904211037,1.378484048436115,0.002758385691189942,0.015786906198175354,3.887489518764757e-05,1.3942709546342904,0.0027972605863775895,0.015786906198175354,0.00014599033914200105,0.0044712481862233,1.5333303092221972e-05,19.34875305404521
