cell,flux,"Li6(n,t)","Li6(n,t)_stdev","Li7(n,t)","Li7(n,t)_stdev",tbr,tbr_stdev,"Th232(n,fis)","Th232(n,fis)_stdev","Th232(n,g)","Th232(n,g)_stdev",U233_kg/yr,U233_kg/yr_stdev
11,1.9449418831896719,0.0,0.0,0.0,0.0,0.0,0.0,0.0,0.0,0.0,0.0,0.0,0.0
21,23.738677870598444,0.0,0.0,0.0,0.0,0.0,0.0,0.0,0.0,0.0,0.0,0.0,0.0
31,61.46577872505486,0.4764002142914758,0.0007978766655878677,0.004779886666159536,1.1906112268244512e-05,0.4811801009576353,0.0008097827778561122,0.00014149588166912584,3.4326562907167905e-07,0.004793271496100684,1.402794833467905e-05,20.742267625582933,0.06070414722647526
22,0.534932435396507,0.0,0.0,0.0,0.0,0.0,0.0,0.0,0.0,0.0,0.0,0.0,0.0
32,118.64452709691541,0.8958465649355837,0.0005889445857343899,0.010414670350623819,1.4018166970783747e-05,0.9062612352862075,0.0006029627527051737,0.0003046940029872231,3.540766276886459e-07,0.008970023908730713,1.8626880810161804e-05,38.81662799074249,0.08060543766580242
23,0.07372094411744907,0.0,0.0,0.0,0.0,0.0,0.0,0.0,0.0,0.0,0.0,0.0,0.0
total,206.40257895527236,1.3722467792270594,0.0013868212513222576,0.015194557016783355,2.592427923902826e-05,1.387441336243843,0.0014127455305612859,0.00044618988465634893,6.97342256760325e-07,0.013763295404831396,3.2654829144840856e-05,59.55889561632542,0.14130958489227768
