fertile_kgm3,void_cell,cellfrom,leakage,leakage_stdev
50,99,[23],0.0012300000000000006,0.00011629703349612981
50,total,,0.0012300000000000006,0.00011629703349612981
