cell,flux,"Li6(n,t)","Li6(n,t)_stdev","Li7(n,t)","Li7(n,t)_stdev",tbr,tbr_stdev,"U238(n,fis)","U238(n,fis)_stdev","U238(n,g)","U238(n,g)_stdev",Pu239_kg/yr
11,2.09622187754176,0.0,0.0,0.0,0.0,0.0,0.0,0.0,0.0,0.0,0.0,0.0
21,10.534432485046171,0.0,0.0,0.0,0.0,0.0,0.0,0.0,0.0,0.0,0.0,0.0
31,20.69955080325488,0.08240483848427249,0.00012810241288151893,0.019274897845924517,2.06196073436048e-05,0.101679736330197,0.00014872202022512374,0.019274897845924517,0.00029515403309799423,0.0020204968547709702,1.2938232977774424e-05,8.969025734679587
22,28.5449923011383,0.0,0.0,0.0,0.0,0.0,0.0,0.0,0.0,0.0,0.0,0.0
32,164.39528600527873,0.9648366498961473,0.0012881458955042034,0.08692517961711377,0.0001349451774775276,1.0517618295132611,0.001423091072981731,0.08692517961711377,0.001342989644551901,0.025686791541200633,6.701991220985059e-05,114.0241786718808
23,0.013085595495941137,0.0,0.0,0.0,0.0,0.0,0.0,0.0,0.0,0.0,0.0,0.0
total,226.2835690677558,1.0472414883804197,0.0014162483083857223,0.10620007746303828,0.00015556478482113242,1.1534415658434582,0.0015718130932068546,0.10620007746303828,0.0016381436776498953,0.027707288395971603,7.995814518762501e-05,122.9932044065604
