cell,flux,"Li6(n,t)","Li6(n,t)_stdev","Li7(n,t)","Li7(n,t)_stdev",tbr,tbr_stdev,"U238(n,fis)","U238(n,fis)_stdev","U238(n,g)","U238(n,g)_stdev",Pu239_kg/yr
11,2.0949865280332847,0.0,0.0,0.0,0.0,0.0,0.0,0.0,0.0,0.0,0.0,0.0
21,10.534035751233748,0.0,0.0,0.0,0.0,0.0,0.0,0.0,0.0,0.0,0.0,0.0
31,20.688850102911772,0.08226631040050474,6.0922406994309284e-05,0.019298849910793434,5.7669918064833705e-06,0.10156516031129817,6.668939880079265e-05,0.019298849910793434,0.0002956528130995834,0.002021444692535282,6.0522314697114805e-06,8.973233205371923
22,28.527318121933376,0.0,0.0,0.0,0.0,0.0,0.0,0.0,0.0,0.0,0.0,0.0
32,164.52495651950287,0.9652140131632138,0.0003124983534710232,0.0869400516312127,2.4861607792642405e-05,1.0521540647944265,0.00033735996126366564,0.0869400516312127,0.0013442948041854665,0.025590814675178923,3.601311683283116e-05,113.59813545421878
23,0.013026422809089468,0.0,0.0,0.0,0.0,0.0,0.0,0.0,0.0,0.0,0.0,0.0
total,226.38317344642414,1.0474803235637185,0.0003734207604653325,0.10623890154200613,3.0628599599125774e-05,1.1537192251057247,0.0004040493600644583,0.10623890154200613,0.00163994761728505,0.027612259367714206,4.206534830254264e-05,122.5713686595907
