fertile_kgm3,void_cell,cellfrom,leakage,leakage_stdev
999.99,99,"[22, 23]",0.05460576089521789,3.4152688513700623e-05
999.99,98,[23],0.008021722952055058,1.0527824413267907e-05
999.99,total,,0.06262748384727294,3.5738511714821845e-05
