fertile_kgm3,void_cell,cellfrom,leakage,leakage_stdev
999.99,99,"[22, 23]",0.05463360810047812,4.4382177145301936e-05
999.99,98,[23],0.008012929856445888,2.0848500387514367e-05
999.99,total,,0.06264653795692401,4.903506517345672e-05
