cell,flux,tbr,tbr_stdev,"U238(n,g)","U238(n,g)_stdev","Th232(n,g)","Th232(n,g)_stdev",Pu239_kg/yr,Pu239_kg/yr_stdev,U233_kg/yr,U233_kg/yr_stdev,"Li6(n,t)","Li6(n,t)_stdev","Li7(n,t)","Li7(n,t)_stdev","Be9(n,2n)","Be9(n,2n)_stdev","Pb(n,2n)","Pb(n,2n)_stdev","tot(n,fis)","tot(n,fis)_stdev",heating [MW],heating_stdev,fisq [MW],fisq_stdev
11,2.042988683517118,0.0,0.0,0.0,0.0,0.0,0.0,0.0,0.0,0.0,0.0,0.0,0.0,0.0,0.0,0.0,0.0,0.0,0.0,0.0,0.0,28.119825370822827,0.0051465508843567655,0.0,0.0
21,24.98945150130727,0.0,0.0,0.0,0.0,0.0,0.0,0.0,0.0,0.0,0.0,0.0,0.0,0.0,0.0,0.0,0.0,0.0,0.0,0.0,0.0,181.6774733295423,0.013142321437640679,0.0,0.0
31,66.94088194483612,0.4274149788419979,7.571458473453557e-05,0.055075945820490885,1.3665930646801009e-05,0.0,0.0,244.53168733070345,0.060675364357761614,0.0,0.0,0.42357959945408885,7.432370402287307e-05,0.00383537938790907,1.3908807116625067e-06,0.1323979712095457,4.1731774064366e-05,0.0,0.0,0.0,0.0,382.9939438529355,0.07525952563549757,114.2234562029141,0.027625908437173722
22,0.5947833932311339,0.0,0.0,0.0,0.0,0.0,0.0,0.0,0.0,0.0,0.0,0.0,0.0,0.0,0.0,0.0,0.0,0.0,0.0,0.0,0.0,2.6050692177005295,0.002872119309947347,0.0,0.0
32,128.1319384119303,0.8010038496118693,0.00013578398293210333,0.10273055410217304,2.460469570488848e-05,0.0,0.0,456.11337873159727,0.10924238644189418,0.0,0.0,0.7926832535391878,0.00013410152235805768,0.008320596072681562,1.6824605740456529e-06,0.28555915821136807,5.648033224978853e-05,0.0,0.0,0.010591066685747854,2.4561081252879605e-06,773.7032560075099,0.10390325206218919,238.20797006718547,0.03644632017104049
23,0.07938543997016684,0.0,0.0,0.0,0.0,0.0,0.0,0.0,0.0,0.0,0.0,0.0,0.0,0.0,0.0,0.0,0.0,0.0,0.0,0.02210865260912979,3.2009523062086313e-06,0.35192524587569657,0.0008425133834435969,0.0,0.0
total,222.77942937479213,1.2284188284538673,0.00021149856766663892,0.15780649992266393,3.827062635168949e-05,0.0,0.0,700.6450660623007,0.1699177507996558,0.0,0.0,1.2162628529932766,0.00020842522638093075,0.012155975460590631,3.07334128570816e-06,0.4179571294209138,9.821210631415453e-05,0.0,0.0,0.032699719294877645,5.657060431496592e-06,1369.4514930243868,0.20116628271307513,352.43142627009956,0.06407222860821421
