cell,flux,tbr,tbr_stdev,"U238(n,g)","U238(n,g)_stdev",Pu239_kg/yr,Pu239_kg/yr_stdev,"Li6(n,t)","Li6(n,t)_stdev","Li7(n,t)","Li7(n,t)_stdev","Be9(n,2n)","Be9(n,2n)_stdev","tot(n,fis)","tot(n,fis)_stdev",heating [MW],heating_stdev,fisq [MW],fisq_stdev
11,2.0432842693117603,0.0,0.0,0.0,0.0,0.0,0.0,0.0,0.0,0.0,0.0,0.0,0.0,0.0,0.0,28.114517263657135,0.004346443640978799,0.0,0.0
21,24.990258019113586,0.0,0.0,0.0,0.0,0.0,0.0,0.0,0.0,0.0,0.0,0.0,0.0,0.0,0.0,181.66956201644206,0.013675557049886761,0.0,0.0
31,66.93789825310954,0.4274473399845438,8.364316340029481e-05,0.05508098870370642,1.7291566534736446e-05,244.55407722747844,0.07677282483920748,0.4236116938914294,8.228423835962932e-05,0.0038356460931144314,1.3589250406654956e-06,0.13240611930558444,4.04693992722979e-05,0.0,0.0,383.00431999926536,0.07301024986040981,114.22301423484659,0.027542791923267723
22,0.594674209885268,0.0,0.0,0.0,0.0,0.0,0.0,0.0,0.0,0.0,0.0,0.0,0.0,0.0,0.0,2.6037864675783764,0.0025788060499167442,0.0,0.0
32,128.13380913119659,0.8009158248252605,9.5532954713964e-05,0.10272562313714649,1.7537637009898895e-05,456.0914857403804,0.07786535312169691,0.7925950714503542,9.387602880897942e-05,0.008320753374906193,1.6569259049845842e-06,0.28556523589681604,5.417056640259027e-05,0.010591036031493278,2.493311527173327e-06,773.6776833234375,0.09124098540449925,238.20271914327034,0.03491297259749221
23,0.07934834688935201,0.0,0.0,0.0,0.0,0.0,0.0,0.0,0.0,0.0,0.0,0.0,0.0,0.02210818479859548,3.0886184153979796e-06,0.35158521863789965,0.0008840743436520807,0.0,0.0
total,222.77927222950612,1.2283631648098043,0.00017917611811425882,0.1578066118408529,3.4829203544635345e-05,700.6455629678588,0.1546381779609044,1.2162067653417836,0.00017616026716860874,0.012156399468020624,3.0158509456500796e-06,0.4179713552024005,9.463996567488816e-05,0.03269922083008876,5.581929942571307e-06,1369.4214542890181,0.18573611634934345,352.42573337811695,0.06245576452075993
