fertile_kgm3,leakage,leakage_stdev
50,0.0009901,1.0295104014368584e-05
