cell,flux,tbr,tbr_stdev,"Th232(n,g)","Th232(n,g)_stdev",U233_kg/yr,U233_kg/yr_stdev,"Li6(n,t)","Li6(n,t)_stdev","Li7(n,t)","Li7(n,t)_stdev","Th232(n,fis)","Th232(n,fis)_stdev",heat_eV_src,heat_eV_src_stdev
11,2.3471132825076584,0.0,0.0,0.0,0.0,0.0,0.0,0.0,0.0,0.0,0.0,0.0,0.0,847191.439198575,411.5942878591228
41,11.855314527576207,0.0,0.0,0.0,0.0,0.0,0.0,0.0,0.0,0.0,0.0,0.0,0.0,796659.1856351759,222.14847384705683
21,11.32628054498914,0.0,0.0,0.0,0.0,0.0,0.0,0.0,0.0,0.0,0.0,0.0,0.0,1165118.1012960456,329.97604350977446
31,21.476718556102693,0.13002901670126707,7.163829067967268e-05,0.005374730376034687,8.649719449547377e-06,23.258456351941163,0.03743055152512749,0.11128890365747854,6.547472458007989e-05,0.018740113043788538,6.163566099592798e-06,0.00014078332195580824,3.730593079708294e-08,1697302.786069337,367.24848684575244
22,28.782916456993977,0.0,0.0,0.0,0.0,0.0,0.0,0.0,0.0,0.0,0.0,0.0,0.0,2491454.404628193,568.5607196698496
32,159.2810232764221,1.0180025676354414,0.00045605390640531766,0.04548805670411947,3.6891866448837885e-05,196.8437311953003,0.15964482039282876,0.9378488766415716,0.0004163473184923264,0.08015369099386978,3.970658791299125e-05,0.0006036701513271014,2.3284876540269669e-07,9664907.50548314,3174.16876811703
23,0.011928144974586871,0.0,0.0,0.0,0.0,0.0,0.0,0.0,0.0,0.0,0.0,0.0,0.0,618.8594135398605,9.511082939041536
total,235.08129478956636,1.1480315843367084,0.0005276921970849903,0.050862787080154154,4.554158589838526e-05,220.10218754724147,0.19707537191795627,1.04913778029905,0.0004818220430724063,0.09889380403765832,4.5870154012584044e-05,0.0007444534732829097,2.701546961997796e-07,16663252.281724006,5083.207862787627
