cell,flux,"Li6(n,t)","Li6(n,t)_stdev","Li7(n,t)","Li7(n,t)_stdev",tbr,tbr_stdev,"U238(n,fis)","U238(n,fis)_stdev","U238(n,g)","U238(n,g)_stdev",Pu239_kg/yr,Pu239_kg/yr_stdev
11,2.252464529308263,0.0,0.0,0.0,0.0,0.0,0.0,0.0,0.0,0.0,0.0,0.0,0.0
21,11.35244354892793,0.0,0.0,0.0,0.0,0.0,0.0,0.0,0.0,0.0,0.0,0.0,0.0
31,22.372955245831,0.0673680759790527,0.00010157037818347188,0.01696758042251501,1.2451653501278507e-05,0.0843356564015677,0.00011402203168475038,0.006516216784923418,5.034732828013019e-06,0.02743586712037609,7.226816337938612e-05,121.78835996445822,0.32079981496492627
22,31.03501002634794,0.0,0.0,0.0,0.0,0.0,0.0,0.0,0.0,0.0,0.0,0.0,0.0
32,183.38301689645704,0.7958474081608866,0.0005468770256682545,0.0733289408446103,7.086846830624539e-05,0.8691763490054969,0.0006177454939744999,0.028869980632725223,2.588151387506431e-05,0.29554871075210254,0.0002765224029443269,1311.946606760472,1.2274884478868624
23,0.013308605222216613,0.0,0.0,0.0,0.0,0.0,0.0,0.0,0.0,0.0,0.0,0.0,0.0
total,250.4091988520944,0.8632154841399393,0.0006484474038517264,0.0902965212671253,8.332012180752389e-05,0.9535120054070646,0.0007317675256592503,0.03538619741764864,3.0916246703077326e-05,0.32298457787247864,0.00034879056632371305,1433.7349667249302,1.5482882628517887
