fertile_kgm3,leakage,leakage_stdev
100,0.035875000000000004,0.00020818661500357575
