fertile_kgm3,void_cell,cellfrom,leakage,leakage_stdev
75,99,[23],0.0009998000000000001,1.0303640133467592e-05
75,total,,0.0009998000000000001,1.0303640133467592e-05
