cell,flux,"Li6(n,t)","Li6(n,t)_stdev","Li7(n,t)","Li7(n,t)_stdev",tbr,tbr_stdev,"Th232(n,fis)","Th232(n,fis)_stdev","Th232(n,g)","Th232(n,g)_stdev",U233_kg/yr
11,1.9435358439488604,0.0,0.0,0.0,0.0,0.0,0.0,0.0,0.0,0.0,0.0,0.0
21,23.647084056958654,0.0,0.0,0.0,0.0,0.0,0.0,0.0,0.0,0.0,0.0,0.0
31,62.09548633902092,0.488292481876098,0.0008852889663437993,0.005153914771398425,1.9833743231059286e-05,0.4934463966474964,0.0009051227095748586,0.005153914771398425,0.0,0.0,0.0,0.0
22,0.5333307659213146,0.0,0.0,0.0,0.0,0.0,0.0,0.0,0.0,0.0,0.0,0.0
32,116.11879327134605,0.893826605512279,0.0020870876052822376,0.010682469482931455,1.7980173753434767e-05,0.9045090749952105,0.0021050677790356723,0.010682469482931455,0.0,0.0,0.0,0.0
23,0.07041278355859534,0.0,0.0,0.0,0.0,0.0,0.0,0.0,0.0,0.0,0.0,0.0
total,204.4086430607544,1.3821190873883769,0.002972376571626037,0.01583638425432988,3.781391698449405e-05,1.397955471642707,0.0030101904886105308,0.01583638425432988,0.0,0.0,0.0,0.0
