cell,flux,"Li6(n,t)","Li6(n,t)_stdev","Li7(n,t)","Li7(n,t)_stdev",tbr,tbr_stdev,"Th232(n,fis)","Th232(n,fis)_stdev","Th232(n,g)","Th232(n,g)_stdev",U233_kg/yr
11,1.932710309586558,0.0,0.0,0.0,0.0,0.0,0.0,0.0,0.0,0.0,0.0,0.0
21,23.566703450266157,0.0,0.0,0.0,0.0,0.0,0.0,0.0,0.0,0.0,0.0,0.0
31,60.980978015606,0.48079214740436316,0.00013793110235830008,0.00498159510402871,3.991452031487105e-06,0.4857737425083919,0.00014192255438978717,0.00498159510402871,0.0,0.0,0.0,0.0
22,0.540673278417042,0.0,0.0,0.0,0.0,0.0,0.0,0.0,0.0,0.0,0.0,0.0
32,117.50655478262976,0.9027095894320004,0.00030540501464427046,0.010844521997194444,4.77732833953207e-06,0.9135541114291948,0.00031018234298380254,0.010844521997194444,0.0,0.0,0.0,0.0
23,0.0732458395986765,0.0,0.0,0.0,0.0,0.0,0.0,0.0,0.0,0.0,0.0,0.0
total,204.6008656761042,1.3835017368363636,0.0004433361170025705,0.015826117101223156,8.768780371019176e-06,1.3993278539375869,0.0004521048973735897,0.015826117101223156,0.0,0.0,0.0,0.0
