cell,flux,tbr,tbr_stdev,"U238(n,g)","U238(n,g)_stdev",Pu239_kg/yr,Pu239_kg/yr_stdev,"Li6(n,t)","Li6(n,t)_stdev","Li7(n,t)","Li7(n,t)_stdev","U238(n,fis)","U238(n,fis)_stdev",heat_eV_src,heat_eV_src_stdev
11,2.53087285041974,0.0,0.0,0.0,0.0,0.0,0.0,0.0,0.0,0.0,0.0,0.0,0.0,878562.7894676386,415.5767039205045
41,12.786692272828484,0.0,0.0,0.0,0.0,0.0,0.0,0.0,0.0,0.0,0.0,0.0,0.0,809003.503607076,206.04374095874184
21,12.228864323235536,0.0,0.0,0.0,0.0,0.0,0.0,0.0,0.0,0.0,0.0,0.0,0.0,1179573.0738536278,310.27005917943427
31,23.195806474779612,0.10608070350563567,6.467873608772997e-05,0.05336672105010879,5.781879148109611e-05,236.89593643448092,0.25665876564841583,0.09093928895866064,5.9279294329711285e-05,0.015141414546975034,5.399441758018694e-06,0.009377922525632743,2.4735120745925187e-06,3997157.5706142974,993.1349951396152
22,31.302738489439385,0.0,0.0,0.0,0.0,0.0,0.0,0.0,0.0,0.0,0.0,0.0,0.0,2502597.8025546637,525.6973035387539
32,175.68332325288588,0.7868700907753824,0.00027666324246777385,0.3902330057281462,0.00011150527103501619,1732.2520758359933,0.49497411644268363,0.7263300249465717,0.00024334352244905733,0.06054006582881062,3.331972001871653e-05,0.03931150361749602,2.0104160189844912e-05,20883751.15417416,7014.720379502248
23,0.011523463337665307,0.0,0.0,0.0,0.0,0.0,0.0,0.0,0.0,0.0,0.0,0.0,0.0,533.0999380801953,9.002526247716752
total,257.7398211269263,0.8929507942810181,0.0003413419785555038,0.443599726778255,0.0001693240625161123,1969.1480122704743,0.7516328820910995,0.8172693139052324,0.0003026228167787686,0.07568148037578565,3.871916177673522e-05,0.04868942614312876,2.257767226443743e-05,30251178.994209543,9474.445708487016
