cell,flux,tbr,tbr_stdev,"U238(n,g)","U238(n,g)_stdev",Pu239_kg/yr,Pu239_kg/yr_stdev,"Li6(n,t)","Li6(n,t)_stdev","Li7(n,t)","Li7(n,t)_stdev","Be9(n,2n)","Be9(n,2n)_stdev","U238(n,fis)","U238(n,fis)_stdev",heating [MW],heating_stdev,fisq [MW],fisq_stdev
11,2.3429545176864384,0.0,0.0,0.0,0.0,0.0,0.0,0.0,0.0,0.0,0.0,0.0,0.0,0.0,0.0,48.3969046934003,0.009917930837194926,0.0,0.0
41,11.83895721540255,0.0,0.0,0.0,0.0,0.0,0.0,0.0,0.0,0.0,0.0,0.12049929722827081,1.4850414329816855e-05,0.0,0.0,45.24651106182822,0.004308561372612798,0.0,0.0
21,11.319099125965224,0.0,0.0,0.0,0.0,0.0,0.0,0.0,0.0,0.0,0.0,0.0,0.0,0.0,0.0,66.29041353640656,0.007135945513948431,0.0,0.0
31,21.473667456430626,0.13324443222118443,3.1991820298657944e-05,0.0,0.0,0.0,0.0,0.11429001658582658,2.983947554418925e-05,0.018954415635357845,2.1523447544686926e-06,0.019037487234848237,2.175750157538906e-06,0.0,0.0,94.39668944801132,0.00964263008772854,0.0,0.0
22,28.781589552967475,0.0,0.0,0.0,0.0,0.0,0.0,0.0,0.0,0.0,0.0,0.0,0.0,0.0,0.0,141.91752284977858,0.01252923007975779,0.0,0.0
32,160.08574502408726,1.061121578429946,0.00012166764386708957,0.0,0.0,0.0,0.0,0.9797150778599021,0.00010501699759687633,0.08140650057004387,1.6650646270213233e-05,0.08711123048364788,1.4821757292622761e-05,0.0,0.0,543.4405796993076,0.05473484866404366,0.0,0.0
23,0.012212080960249713,0.0,0.0,0.0,0.0,0.0,0.0,0.0,0.0,0.0,0.0,0.0,0.0,0.0,0.0,0.03760489495009664,0.00021274015539163456,0.0,0.0
total,235.8542249734998,1.1943660106511302,0.0001536594641657475,0.0,0.0,0.0,0.0,1.0940050944457287,0.0001348564731410656,0.10036091620540172,1.8802991024681925e-05,0.22664801494676692,3.184792177997852e-05,0.0,0.0,939.7262261836826,0.09848188671067779,0.0,0.0
