cell,flux,tbr,tbr_stdev,"U238(n,g)","U238(n,g)_stdev",Pu239_kg/yr,Pu239_kg/yr_stdev,"Li6(n,t)","Li6(n,t)_stdev","Li7(n,t)","Li7(n,t)_stdev","Be9(n,2n)","Be9(n,2n)_stdev","tot(n,fis)","tot(n,fis)_stdev",heating [MW],heating_stdev,fisq [MW],fisq_stdev
11,2.342779979058742,0.0,0.0,0.0,0.0,0.0,0.0,0.0,0.0,0.0,0.0,0.0,0.0,0.0,0.0,48.392994556877156,0.009755856686259593,0.0,0.0
41,11.838970566210133,0.0,0.0,0.0,0.0,0.0,0.0,0.0,0.0,0.0,0.0,0.12050083537576949,1.4658298312769373e-05,0.0,0.0,45.24694219773845,0.0041781832971367035,0.0,0.0
21,11.319193878230772,0.0,0.0,0.0,0.0,0.0,0.0,0.0,0.0,0.0,0.0,0.0,0.0,0.0,0.0,66.28943104774437,0.006857577904364898,0.0,0.0
31,21.473561401874694,0.13322099037053003,3.2868125012624104e-05,0.0,0.0,0.0,0.0,0.11426652429921544,3.075538684778097e-05,0.018954466071314603,2.1127381648431375e-06,0.019037429115594855,2.1363288343397034e-06,0.0,0.0,94.39111495060894,0.010483470758993729,0.0,0.0
22,28.7821242034287,0.0,0.0,0.0,0.0,0.0,0.0,0.0,0.0,0.0,0.0,0.0,0.0,0.0,0.0,141.91540581538735,0.01242755708053086,0.0,0.0
32,160.0841841378196,1.061087579852017,0.00010052238407341047,0.0,0.0,0.0,0.0,0.9796825368930255,8.394532463245778e-05,0.08140504295899151,1.6577059440952696e-05,0.08710964911621484,1.4725847781816024e-05,0.0,0.0,543.4291214273131,0.055153204345494575,0.0,0.0
23,0.012216001728065855,0.0,0.0,0.0,0.0,0.0,0.0,0.0,0.0,0.0,0.0,0.0,0.0,0.0,0.0,0.037599339361274915,0.00021227037345490488,0.0,0.0
total,235.8530301683507,1.1943085702225469,0.00013339050908603458,0.0,0.0,0.0,0.0,1.093949061192241,0.00011470071148023875,0.1003595090303061,1.8689797605795833e-05,0.2266479136075792,3.15204749289251e-05,0.0,0.0,939.7026093350306,0.09906812044623527,0.0,0.0
