cell,flux,tbr,tbr_stdev,"U238(n,g)","U238(n,g)_stdev","Th232(n,g)","Th232(n,g)_stdev",Pu239_kg/yr,Pu239_kg/yr_stdev,U233_kg/yr,U233_kg/yr_stdev,"Li6(n,t)","Li6(n,t)_stdev","Li7(n,t)","Li7(n,t)_stdev","Be9(n,2n)","Be9(n,2n)_stdev","Pb(n,2n)","Pb(n,2n)_stdev","tot(n,fis)","tot(n,fis)_stdev",heating [MW],heating_stdev,fisq [MW],fisq_stdev
11,2.342842911096938,0.0,0.0,0.0,0.0,0.0,0.0,0.0,0.0,0.0,0.0,0.0,0.0,0.0,0.0,0.0,0.0,0.0,0.0,0.0,0.0,48.38978625136578,0.009609653712611549,0.0,0.0
41,11.83924142224078,0.0,0.0,0.0,0.0,0.0,0.0,0.0,0.0,0.0,0.0,0.0,0.0,0.0,0.0,0.12049989148984123,1.4806009380887504e-05,0.0,0.0,0.0,0.0,45.24704001805135,0.0041977320291359185,0.0,0.0
21,11.319322377167632,0.0,0.0,0.0,0.0,0.0,0.0,0.0,0.0,0.0,0.0,0.0,0.0,0.0,0.0,0.0,0.0,0.0,0.0,0.0,0.0,66.28826312483336,0.006788705323771888,0.0,0.0
31,21.47375171617078,0.13316969421247812,3.358266032599536e-05,8.682794689010445e-05,6.063019250439175e-08,0.0,0.0,0.3855073942751712,0.00026919198672695877,0.0,0.0,0.11421713906580376,3.1482041112918335e-05,0.018952555146674373,2.1006192130770258e-06,0.01903559594698611,2.103046255268579e-06,0.0,0.0,0.0,0.0,94.46210379370216,0.010672674899002046,0.06163229690977731,5.341496935589169e-06
22,28.782640069804096,0.0,0.0,0.0,0.0,0.0,0.0,0.0,0.0,0.0,0.0,0.0,0.0,0.0,0.0,0.0,0.0,0.0,0.0,5.743446630459642e-06,4.459888202218871e-10,141.91029542268168,0.012715015185436038,0.0,0.0
32,160.0824029159424,1.0604259713602078,9.373519102521512e-05,0.000725948774462682,3.04153148566427e-07,0.0,0.0,3.223139904189733,0.0013504095393714226,0.0,0.0,0.9790319204661202,7.723265479826068e-05,0.08139405089408765,1.6502536226954443e-05,0.08709877850129415,1.468661988552214e-05,0.0,0.0,2.9837700153518644e-05,3.1398176416520553e-09,543.7584038248829,0.052706189878401075,0.3231676606253905,3.6187966205874285e-05
23,0.012209876162716515,0.0,0.0,0.0,0.0,0.0,0.0,0.0,0.0,0.0,0.0,0.0,0.0,0.0,0.0,0.0,0.0,0.0,0.0,0.0,0.0,0.03755301066759366,0.00021791237318788834,0.0,0.0
total,235.85241128858536,1.1935956655726858,0.00012731785135121048,0.0008127767213527865,3.6478334107081874e-07,0.0,0.0,3.6086472984649043,0.0016196015260983815,0.0,0.0,1.093249059531924,0.00010871469591117901,0.10034660604076202,1.860315544003147e-05,0.22663426593812147,3.1595675521678225e-05,0.0,0.0,3.5581146783978286e-05,3.5858064618739425e-09,940.0934454461848,0.0969078834015464,0.3847999575351678,4.1529463141463455e-05
