fertile_kgm3,void_cell,cellfrom,leakage,leakage_stdev
999.99,99,"[42, 44]",0.11679335032218549,4.6127585489422346e-05
999.99,98,[44],0.061284116633858944,3.218785725810581e-05
999.99,total,,0.17807746695604443,5.624777593782853e-05
