fertile_kgm3,void_cell,cellfrom,leakage,leakage_stdev
999.99,99,"[42, 44]",0.11679335032218552,4.6127585487071715e-05
999.99,98,[44],0.06128411663385893,3.2187857259228606e-05
999.99,total,,0.17807746695604446,5.624777593654335e-05
