fertile_kgm3,void_cell,cellfrom,leakage,leakage_stdev
0.0,99,"[42, 44]",0.11456650713895485,4.746593887894897e-05
0.0,98,[44],0.05825833115573562,2.2054236546722008e-05
0.0,total,,0.17282483829469047,5.233932272506866e-05
