fertile_kgm3,void_cell,cellfrom,leakage,leakage_stdev
0.0,99,"[42, 44]",0.11456650713895483,4.7465938878187774e-05
0.0,98,[44],0.05825833115573562,2.2054236547131677e-05
0.0,total,,0.17282483829469045,5.2339322724550955e-05
