cell,flux,tbr,tbr_stdev,"U238(n,g)","U238(n,g)_stdev","Th232(n,g)","Th232(n,g)_stdev","U235(n,inel)","U235(n,inel)_stdev","U238(n,inel)","U238(n,inel)_stdev","Th232(n,inel)","Th232(n,inel)_stdev","U235(n,el)","U235(n,el)_stdev","U238(n,el)","U238(n,el)_stdev","Th232(n,el)","Th232(n,el)_stdev","Li6(n,el)","Li6(n,el)_stdev","Li7(n,el)","Li7(n,el)_stdev","Be9(n,el)","Be9(n,el)_stdev","Pb(n,el)","Pb(n,el)_stdev",Pu239_kg/yr,Pu239_kg/yr_stdev,U233_kg/yr,U233_kg/yr_stdev,"Li6(n,t)","Li6(n,t)_stdev","Li7(n,t)","Li7(n,t)_stdev","Be9(n,2n)","Be9(n,2n)_stdev","Pb(n,2n)","Pb(n,2n)_stdev","tot(n,fis)","tot(n,fis)_stdev","tot(n,nufis)","tot(n,nufis)_stdev",heating [MW],heating_stdev,fisq [MW],fisq_stdev
31,21.45583058589609,0.13278204136901997,0.0009495991042432434,0.0,0.0,0.0,0.0,0.0,0.0,0.0,0.0,0.0,0.0,0.0,0.0,0.0,0.0,0.0,0.0,0.042701977773199805,0.00016058877788331812,0.5816076291878038,0.002122267067082148,1.1633105103573784,0.005375608466919349,0.0,0.0,0.0,0.0,0.0,0.0,0.11379664293792337,0.000887385100745959,0.018985398431096603,6.221400349728438e-05,0.019089291092977717,6.189960181017483e-05,0.0,0.0,0.0,0.0,0.0,0.0,94.20575692028181,0.2769465285355537,0.0,0.0
32,159.54277332481468,1.057083775402648,0.004556021920552258,0.0,0.0,0.0,0.0,0.0,0.0,0.0,0.0,0.0,0.0,0.0,0.0,0.0,0.0,0.0,0.0,0.26986817358677606,0.0006037423021384721,4.056255107663133,0.00908506623507117,9.655715436872091,0.024517389688820806,0.0,0.0,0.0,0.0,0.0,0.0,0.9755834058089945,0.004167251630965825,0.08150036959365366,0.0003887702895864326,0.08733584174402365,0.00038937962999374773,0.0,0.0,0.0,0.0,0.0,0.0,542.6331740675099,1.5082222251343476,0.0,0.0
total,180.99860391071076,1.189865816771668,0.005505621024795501,0.0,0.0,0.0,0.0,0.0,0.0,0.0,0.0,0.0,0.0,0.0,0.0,0.0,0.0,0.0,0.0,0.31257015135997585,0.0007643310800217902,4.637862736850937,0.011207333302153318,10.81902594722947,0.029892998155740154,0.0,0.0,0.0,0.0,0.0,0.0,1.0893800487469179,0.005054636731711784,0.10048576802475026,0.000450984293083717,0.10642513283700136,0.0004512792318039226,0.0,0.0,0.0,0.0,0.0,0.0,636.8389309877917,1.7851687536699012,0.0,0.0
