cell,flux,tbr,tbr_stdev,"U238(n,g)","U238(n,g)_stdev","Th232(n,g)","Th232(n,g)_stdev","U235(n,inel)","U235(n,inel)_stdev","U238(n,inel)","U238(n,inel)_stdev","Th232(n,inel)","Th232(n,inel)_stdev","U235(n,el)","U235(n,el)_stdev","U238(n,el)","U238(n,el)_stdev","Th232(n,el)","Th232(n,el)_stdev","Li6(n,el)","Li6(n,el)_stdev","Li7(n,el)","Li7(n,el)_stdev","Be9(n,el)","Be9(n,el)_stdev","Pb(n,el)","Pb(n,el)_stdev",Pu239_kg/yr,Pu239_kg/yr_stdev,U233_kg/yr,U233_kg/yr_stdev,"Li6(n,t)","Li6(n,t)_stdev","Li7(n,t)","Li7(n,t)_stdev","Be9(n,2n)","Be9(n,2n)_stdev","Pb(n,2n)","Pb(n,2n)_stdev","tot(n,fis)","tot(n,fis)_stdev","tot(n,nufis)","tot(n,nufis)_stdev",heating [MW],heating_stdev,fisq [MW],fisq_stdev
31,117.2949790583952,0.13244650704873323,7.657357632240289e-05,0.3065424011042318,0.00017529601991522268,0.0,0.0,0.042735800706200276,2.03352135006395e-05,7.012049750649145,0.0033180235066761782,0.0,0.0,0.0,0.0,0.0,0.0,0.0,0.0,0.0,0.0,0.0,0.0,0.0,0.0,0.0,0.0,1361.0175815180398,0.778296784442656,0.0,0.0,0.1318529091106001,7.60783504435502e-05,0.0005935979381331264,4.952258788526852e-07,0.021838772439538325,1.9387121813159128e-05,0.0,0.0,0.0571480432054219,2.8689820676744633e-05,0.18914521074687257,0.00010283015547645786,875.6673990691636,0.45907247380537386,619.0307134624678,0.3405360866480709
32,225.3190973992618,0.258713696019031,0.00013176713364869877,0.5946361450593493,0.0002793292243378038,0.0,0.0,0.08181762091691808,3.13875218619982e-05,13.421163134167262,0.005054485687609236,0.0,0.0,0.0,0.0,0.0,0.0,0.0,0.0,0.0,0.0,0.0,0.0,0.0,0.0,0.0,0.0,2640.124971673008,1.2401938002249813,0.0,0.0,0.2574438319889576,0.00013105029005599345,0.0012698640300734204,7.168435927053272e-07,0.04633041428589195,2.4820179467230762e-05,0.0,0.0,0.11776796824810613,4.3152471828966085e-05,0.3938030366888571,0.00014913459393445073,1793.202995471196,0.7460361770917324,1274.5003594582176,0.5581218304159179
total,342.614076457657,0.3911602030677642,0.00020834070997110166,0.9011785461635811,0.0004546252442530265,0.0,0.0,0.12455342162311836,5.17227353626377e-05,20.433212884816406,0.008372509194285414,0.0,0.0,0.0,0.0,0.0,0.0,0.0,0.0,0.0,0.0,0.0,0.0,0.0,0.0,0.0,0.0,4001.142553191048,2.0184905846676373,0.0,0.0,0.3892967410995577,0.00020712864049954365,0.001863461968206547,1.2120694715580123e-06,0.06816918672543028,4.420730128038989e-05,0.0,0.0,0.17491601145352803,7.184229250571071e-05,0.5829482474357297,0.0002519647494109086,2668.8703945403595,1.2051086508971063,1893.5310729206853,0.8986579170639888
