cell,flux,"Li6(n,t)","Li6(n,t)_stdev","Li7(n,t)","Li7(n,t)_stdev",tbr,tbr_stdev,"Th232(n,fis)","Th232(n,fis)_stdev","Th232(n,g)","Th232(n,g)_stdev",U233_kg/yr
11,1.932901590587237,0.0,0.0,0.0,0.0,0.0,0.0,0.0,0.0,0.0,0.0,0.0
21,23.568168458366422,0.0,0.0,0.0,0.0,0.0,0.0,0.0,0.0,0.0,0.0,0.0
31,60.97908130572263,0.48077284195148773,0.00012766692634753416,0.004981038443430351,3.967851044572989e-06,0.48575388039491807,0.00013163477739210714,0.004981038443430351,1.858500195141926e-06,6.350121902862155e-05,7.186971198980388e-08,0.274793380828508
22,0.5402925520232378,0.0,0.0,0.0,0.0,0.0,0.0,0.0,0.0,0.0,0.0,0.0
32,117.50378503141326,0.9025464112241318,0.00029693888371055217,0.010843333348637274,5.115214437369853e-06,0.9133897445727691,0.00030205409814792203,0.010843333348637274,3.996180117286745e-06,0.00011911336657363134,1.3604601299943317e-07,0.5154478166455456
23,0.0732670011678461,0.0,0.0,0.0,0.0,0.0,0.0,0.0,0.0,0.0,0.0,0.0
total,204.5974959392806,1.3833192531756195,0.00042460581005808636,0.015824371792067624,9.083065481942842e-06,1.3991436249676872,0.00043368887554002915,0.015824371792067624,5.8546803124286704e-06,0.00018261458560225288,2.0791572498923705e-07,0.7902411974740536
