cell,flux,"Li6(n,t)","Li6(n,t)_stdev","Li7(n,t)","Li7(n,t)_stdev",tbr,tbr_stdev,"U238(n,fis)","U238(n,fis)_stdev","U238(n,g)","U238(n,g)_stdev",Pu239_kg/yr
11,1.9404791916891213,0.0,0.0,0.0,0.0,0.0,0.0,0.0,0.0,0.0,0.0,0.0
21,23.6805683352725,0.0,0.0,0.0,0.0,0.0,0.0,0.0,0.0,0.0,0.0,0.0
31,61.521583658706824,0.48210728308542194,0.0011151973792526935,0.004856123288498065,1.851426374142009e-05,0.48696340637392,0.0011337116429941136,0.004856123288498065,7.992791463518535e-05,0.0008869662628326662,7.650696186846519e-06,3.9372608862786413
22,0.540626778918006,0.0,0.0,0.0,0.0,0.0,0.0,0.0,0.0,0.0,0.0,0.0
32,118.34767272438103,0.9044603698924234,0.0011042332244859281,0.010508083447170647,1.8220003023246467e-05,0.9149684533395941,0.0011224532275091745,0.010508083447170647,0.00017044625555926,0.0016829567639400403,5.521583172565603e-06,7.470678556360486
23,0.07284869205445778,0.0,0.0,0.0,0.0,0.0,0.0,0.0,0.0,0.0,0.0,0.0
total,206.10377938102195,1.3865676529778455,0.0022194306037386217,0.015364206735668712,3.6734266764666554e-05,1.401931859713514,0.002256164870503288,0.015364206735668712,0.00025037417019444533,0.0025699230267727064,1.317227935941212e-05,11.407939442639128
