cell,flux,tbr,tbr_stdev,"U238(n,g)","U238(n,g)_stdev",Pu239_kg/yr,Pu239_kg/yr_stdev,"Li6(n,t)","Li6(n,t)_stdev","Li7(n,t)","Li7(n,t)_stdev","U238(n,fis)","U238(n,fis)_stdev",heat_eV_src,heat_eV_src_stdev
11,2.3482284823655055,0.0,0.0,0.0,0.0,0.0,0.0,0.0,0.0,0.0,0.0,0.0,0.0,849498.45210108,443.633567012911
41,11.86310862334172,0.0,0.0,0.0,0.0,0.0,0.0,0.0,0.0,0.0,0.0,0.0,0.0,796860.9482889371,215.82903649411463
21,11.33444827832339,0.0,0.0,0.0,0.0,0.0,0.0,0.0,0.0,0.0,0.0,0.0,0.0,1166101.9152837645,309.8221997549867
31,21.50063805314795,0.13131528279578691,9.489505430290327e-05,0.0035852881212468267,1.0187801992098246e-05,15.915165296977833,0.045223855722015815,0.11246443737332525,8.864948907996113e-05,0.018850845422461654,6.245565222942142e-06,0.00023347964959626047,5.827366805121442e-08,1723296.6294074056,450.849910981758
22,28.822279023145843,0.0,0.0,0.0,0.0,0.0,0.0,0.0,0.0,0.0,0.0,0.0,0.0,2494958.127652714,567.101616976944
32,160.11201702400768,1.0373751339951491,0.0004785865243901754,0.027353576805965823,2.6894585345718697e-05,121.42307162168363,0.11938559939833723,0.9565777776802645,0.00044013776187772606,0.0807973563148847,3.844876251244934e-05,0.001022510617401497,3.6921374012330637e-07,9855064.09276182,3164.5285034406847
23,0.012236305073911921,0.0,0.0,0.0,0.0,0.0,0.0,0.0,0.0,0.0,0.0,0.0,0.0,648.2182050003283,10.524507419222646
total,235.992955789406,1.168690416790936,0.0005734815786930787,0.03093886492721265,3.708238733781694e-05,137.33823691866147,0.16460945512035305,1.0690422150535899,0.0005287872509576872,0.09964820173734636,4.469432773539148e-05,0.0012559902669977575,4.274874081745208e-07,16886428.383700725,5162.289342080621
