cell,flux,tbr,tbr_stdev,"U238(n,g)","U238(n,g)_stdev",Pu239_kg/yr,Pu239_kg/yr_stdev,"Li6(n,t)","Li6(n,t)_stdev","Li7(n,t)","Li7(n,t)_stdev","U238(n,fis)","U238(n,fis)_stdev",heat_eV_src,heat_eV_src_stdev
11,2.0163893959103665,0.0,0.0,0.0,0.0,0.0,0.0,0.0,0.0,0.0,0.0,0.0,0.0,493595.3783988685,2677.090813430093
21,24.65895014169764,0.0,0.0,0.0,0.0,0.0,0.0,0.0,0.0,0.0,0.0,0.0,0.0,3188241.31632089,8469.398742588153
31,65.3237043607598,0.4372301365925969,0.0023689733492037873,0.04491961236299731,0.00039919805802223043,199.39905292315953,1.7720481213227872,0.4331492122324323,0.002322447901743979,0.004080924360164593,4.652544745980839e-05,0.006814745446954434,6.855541832742764e-05,6319228.614128547,49043.99081937445
22,0.592693659602002,0.0,0.0,0.0,0.0,0.0,0.0,0.0,0.0,0.0,0.0,0.0,0.0,48956.612296354855,1616.7078645735737
32,126.3485247647998,0.8243250068017735,0.00382532763301629,0.0842132819210501,0.0005368572761144581,373.8244338110302,2.3831201290666515,0.8155084621838203,0.0037787098745924188,0.008816544617953165,4.661775842387106e-05,0.014571065605938634,6.801610487537703e-05,12782263.323993986,44880.3799227649
23,0.07882197216749061,0.0,0.0,0.0,0.0,0.0,0.0,0.0,0.0,0.0,0.0,0.0,0.0,5652.512961954444,379.79503396971387
total,219.01908429493713,1.2615551433943704,0.006194300982220078,0.1291328942840474,0.0009360553341366885,573.2234867341897,4.155168250389439,1.2486576744162527,0.006101157776336397,0.01289746897811776,9.314320588367945e-05,0.02138581105289307,0.00013657152320280467,22837937.7581006,107067.36319670088
