fertile_kgm3,void_cell,cellfrom,leakage,leakage_stdev
0.1,99,"[42, 44]",0.11455973421262262,3.366842761515979e-05
0.1,98,[44],0.05826702697015382,2.3130551244149496e-05
0.1,total,,0.17282676118277646,4.0848322106733836e-05
