cell,flux,"Li6(n,t)","Li6(n,t)_stdev","Li7(n,t)","Li7(n,t)_stdev",tbr,tbr_stdev,"U238(n,fis)","U238(n,fis)_stdev","U238(n,g)","U238(n,g)_stdev",Pu239_kg/yr
11,1.955544107949955,0.0,0.0,0.0,0.0,0.0,0.0,0.0,0.0,0.0,0.0,0.0
21,23.81158481692104,0.0,0.0,0.0,0.0,0.0,0.0,0.0,0.0,0.0,0.0,0.0
31,62.29070546339166,0.4766227120871232,0.0007443852792482143,0.005007841435764212,1.959644440792208e-05,0.4816305535228874,0.0007639817236561364,0.005007841435764212,0.0015858664793450626,0.012746669562907948,6.608807472645203e-05,56.58271977569471
22,0.5263439452039529,0.0,0.0,0.0,0.0,0.0,0.0,0.0,0.0,0.0,0.0,0.0
32,116.32816593837583,0.8707625274866683,0.001182513787026979,0.010376994390032998,1.9145481223659453e-05,0.8811395218767013,0.0012016592682506384,0.010376994390032998,0.0032453090989083824,0.023145214388556126,8.547482647313696e-05,102.74206712841782
23,0.06649792686069089,0.0,0.0,0.0,0.0,0.0,0.0,0.0,0.0,0.0,0.0,0.0
total,204.9788421987031,1.3473852395737915,0.0019268990662751934,0.01538483582579721,3.874192563158153e-05,1.3627700753995886,0.001965640991906775,0.01538483582579721,0.004831175578253445,0.035891883951464074,0.000151562901199589,159.32478690411253
