cell,flux,"Li6(n,t)","Li6(n,t)_stdev","Li7(n,t)","Li7(n,t)_stdev",tbr,tbr_stdev,"U238(n,fis)","U238(n,fis)_stdev","U238(n,g)","U238(n,g)_stdev",Pu239_kg/yr
11,2.266027525035293,0.0,0.0,0.0,0.0,0.0,0.0,0.0,0.0,0.0,0.0,0.0
21,11.408768143663668,0.0,0.0,0.0,0.0,0.0,0.0,0.0,0.0,0.0,0.0,0.0
31,22.462523860400122,0.07057412732596655,3.553888836746958e-05,0.016044469536758806,6.3977585967548556e-06,0.08661859686272536,4.1936646964224435e-05,0.016044469536758806,0.008307141012686222,0.03151059966202555,3.057074137682561e-05,139.87617878075278
22,31.119299983979374,0.0,0.0,0.0,0.0,0.0,0.0,0.0,0.0,0.0,0.0,0.0
32,181.31370751138655,0.795517794861388,0.0001839246816727055,0.0684055268093653,2.9027964658213568e-05,0.8639233216707533,0.00021295264633091907,0.0684055268093653,0.03646593507863342,0.3247329653347214,0.00012816799340539445,1441.4960934527537
23,0.012368173790988077,0.0,0.0,0.0,0.0,0.0,0.0,0.0,0.0,0.0,0.0,0.0
total,248.58269519825598,0.8660919221873545,0.0002194635700401751,0.08444999634612411,3.542572325496842e-05,0.9505419185334786,0.0002548892932951435,0.08444999634612411,0.04477307609131964,0.356243564996747,0.00015873873478222005,1581.3722722335065
