cell,flux,"Li6(n,t)","Li6(n,t)_stdev","Li7(n,t)","Li7(n,t)_stdev",tbr,tbr_stdev,"Th232(n,fis)","Th232(n,fis)_stdev","Th232(n,g)","Th232(n,g)_stdev",U233_kg/yr
11,2.1221726940279892,0.0,0.0,0.0,0.0,0.0,0.0,0.0,0.0,0.0,0.0,0.0
21,10.686140300647425,0.0,0.0,0.0,0.0,0.0,0.0,0.0,0.0,0.0,0.0,0.0
31,21.026716001844456,0.07872488611160114,7.698381508936145e-05,0.019627679509120637,1.445567460165653e-05,0.09835256562072178,9.143948969101798e-05,0.019627679509120637,1.678331390731784e-05,0.0004581885782002553,2.6994103470378953e-06,1.9827523059660623
22,29.036814087189462,0.0,0.0,0.0,0.0,0.0,0.0,0.0,0.0,0.0,0.0,0.0
32,170.48917858446913,0.9740810471745389,0.0009034512674557104,0.08870555985627185,8.790868696074904e-05,1.0627866070308107,0.0009913599544164593,0.08870555985627185,7.510007493096589e-05,0.006175057808159235,1.3885818666551196e-05,26.721770666335303
23,0.014216579210476685,0.0,0.0,0.0,0.0,0.0,0.0,0.0,0.0,0.0,0.0,0.0
total,233.37523824738895,1.0528059332861401,0.000980435082545072,0.10833323936539249,0.00010236436156240557,1.1611391726515325,0.0010827994441074773,0.10833323936539249,9.188338883828373e-05,0.00663324638635949,1.6585229013589093e-05,28.704522972301366
