fertile_kgm3,void_cell,cellfrom,leakage,leakage_stdev
0.0,99,"[42, 44]",0.11455121793712479,3.930475836319587e-05
0.0,98,[44],0.058272337433495885,2.3925381171941635e-05
0.0,total,,0.17282355537062066,4.601399672069266e-05
