fertile_kgm3,void_cell,cellfrom,leakage,leakage_stdev
0.0,99,"[42, 44]",0.11455121793712474,3.930475836503552e-05
0.0,98,[44],0.058272337433495885,2.3925381170808735e-05
0.0,total,,0.1728235553706206,4.601399672167501e-05
