cell,flux,tbr,tbr_stdev,"Th232(n,g)","Th232(n,g)_stdev",U233_kg/yr,U233_kg/yr_stdev,"Li6(n,t)","Li6(n,t)_stdev","Li7(n,t)","Li7(n,t)_stdev","Be9(n,2n)","Be9(n,2n)_stdev","tot(n,fis)","tot(n,fis)_stdev",heating [MW],heating_stdev,fisq [MW],fisq_stdev
11,2.343157462577434,0.0,0.0,0.0,0.0,0.0,0.0,0.0,0.0,0.0,0.0,0.0,0.0,0.0,0.0,48.32131079073527,0.010394936364050707,0.0,0.0
41,11.839664185607132,0.0,0.0,0.0,0.0,0.0,0.0,0.0,0.0,0.0,0.0,0.12049281869768,1.562289656049293e-05,0.0,0.0,45.247950034099624,0.004356749661670925,0.0,0.0
21,11.318796672076216,0.0,0.0,0.0,0.0,0.0,0.0,0.0,0.0,0.0,0.0,0.0,0.0,0.0,0.0,66.26680158305956,0.007033659616395946,0.0,0.0
31,21.470293577243908,0.1324751472089806,3.317061876491964e-05,0.0011912074915762815,8.389339466725468e-07,5.155819562993131,0.0036310987673438145,0.11356204842943862,3.111307849828279e-05,0.018913098779541976,2.0575402666368535e-06,0.01899553171743928,2.0999836983109426e-06,0.0,0.0,94.80223256184475,0.010051786819406114,0.2865948192494131,2.2993106668927775e-05
22,28.77591892622268,0.0,0.0,0.0,0.0,0.0,0.0,0.0,0.0,0.0,0.0,0.0,0.0,2.818050303587739e-05,2.2359074594815214e-09,141.82078282061858,0.012100121587373386,0.0,0.0
32,159.8967356971881,1.0509124256692457,0.00012725936544521658,0.010686115664532916,3.207087716706977e-06,46.25196247103856,0.013881012088122802,0.9697522465971379,0.00011081820834481084,0.08116017907210782,1.644115710040574e-05,0.0868472276445077,1.4605568598305865e-05,0.00012124702517908535,1.9057811141122396e-08,544.5785694857533,0.058423069748728726,1.2422609656396209,0.00019313829090078077
23,0.012127767916636549,0.0,0.0,0.0,0.0,0.0,0.0,0.0,0.0,0.0,0.0,0.0,0.0,0.0,0.0,0.037197415867073466,0.00019205608506593337,0.0,0.0
total,235.6566942888321,1.1833875728782264,0.0001604299842101362,0.011877323156109197,4.0460216633795235e-06,51.40778203403169,0.01751211085546662,1.0833142950265766,0.00014193128684309364,0.1000732778516498,1.8498697367042593e-05,0.22633557805962698,3.232844885710974e-05,0.00014942752821496275,2.1293718600603916e-08,941.0748446919782,0.10255237988269174,1.5288557848890338,0.00021613139756970854
