cell,flux,tbr,tbr_stdev,"U238(n,g)","U238(n,g)_stdev","Th232(n,g)","Th232(n,g)_stdev",Pu239_kg/yr,Pu239_kg/yr_stdev,U233_kg/yr,U233_kg/yr_stdev,"Li6(n,t)","Li6(n,t)_stdev","Li7(n,t)","Li7(n,t)_stdev","Be9(n,2n)","Be9(n,2n)_stdev","Pb(n,2n)","Pb(n,2n)_stdev","tot(n,fis)","tot(n,fis)_stdev",heating [MW],heating_stdev,fisq [MW],fisq_stdev
11,2.3431574625774814,0.0,0.0,0.0,0.0,0.0,0.0,0.0,0.0,0.0,0.0,0.0,0.0,0.0,0.0,0.0,0.0,0.0,0.0,0.0,0.0,48.3213107907342,0.010394936363260898,0.0,0.0
41,11.839664185608244,0.0,0.0,0.0,0.0,0.0,0.0,0.0,0.0,0.0,0.0,0.0,0.0,0.0,0.0,0.1204928186976784,1.56228965443e-05,0.0,0.0,0.0,0.0,45.24795003410043,0.004356749661670925,0.0,0.0
21,11.318796672076184,0.0,0.0,0.0,0.0,0.0,0.0,0.0,0.0,0.0,0.0,0.0,0.0,0.0,0.0,0.0,0.0,0.0,0.0,0.0,0.0,66.26680158306301,0.0070336596117269645,0.0,0.0
31,21.47029357724448,0.1324751472089843,3.317061876027336e-05,0.0,0.0,0.0011912074915762054,8.389339466778054e-07,0.0,0.0,5.155819562992802,0.003631098767366575,0.11356204842944237,3.111307849363651e-05,0.01891309877954191,2.0575402666368535e-06,0.018995531717439083,2.0999836983109426e-06,0.0,0.0,0.0,0.0,94.80223256184352,0.010051786812871947,0.2865948192494311,2.2993106690721214e-05
22,28.775918926221248,0.0,0.0,0.0,0.0,0.0,0.0,0.0,0.0,0.0,0.0,0.0,0.0,0.0,0.0,0.0,0.0,0.0,0.0,2.8180503035879256e-05,2.235907456591264e-09,141.82078282061076,0.012100121587373386,0.0,0.0
32,159.89673569719784,1.0509124256692717,0.00012725936548696,0.0,0.0,0.010686115664533945,3.20708771697109e-06,0.0,0.0,46.25196247104301,0.013881012089265943,0.9697522465971626,0.00011081820838655425,0.08116017907210898,1.644115710040574e-05,0.08684722764450858,1.4605568589645453e-05,0.0,0.0,0.00012124702517908569,1.9057811151973335e-08,544.5785694856556,0.05842306980269101,1.2422609656397623,0.00019313829092153684
23,0.012127767916636563,0.0,0.0,0.0,0.0,0.0,0.0,0.0,0.0,0.0,0.0,0.0,0.0,0.0,0.0,0.0,0.0,0.0,0.0,0.0,0.0,0.037197415867073445,0.00019205608506607608,0.0,0.0
total,235.65669428884212,1.183387572878256,0.00016042998424723335,0.0,0.0,0.01187732315611015,4.046021663648895e-06,0.0,0.0,51.40778203403581,0.01751211085663252,1.083314295026605,0.00014193128688019075,0.10007327785165089,1.8498697367042593e-05,0.22633557805962606,3.2328448832256395e-05,0.0,0.0,0.00014942752821496495,2.12937186085646e-08,941.0748446918748,0.10255237992466121,1.5288557848891933,0.00021613139761225805
