fertile_kgm3,void_cell,cellfrom,leakage,leakage_stdev
10,99,[23],0.0010005099999999998,3.3673518279709945e-06
10,total,,0.0010005099999999998,3.3673518279709945e-06
