cell,flux,"Li6(n,t)","Li6(n,t)_stdev","Li7(n,t)","Li7(n,t)_stdev",tbr,tbr_stdev,"U238(n,fis)","U238(n,fis)_stdev","U238(n,g)","U238(n,g)_stdev",Pu239_kg/yr
11,1.9450209494649975,0.0,0.0,0.0,0.0,0.0,0.0,0.0,0.0,0.0,0.0,0.0
21,23.7116853956961,0.0,0.0,0.0,0.0,0.0,0.0,0.0,0.0,0.0,0.0,0.0
31,61.20285518430018,0.47234587786669646,0.0002201244854080868,0.0048748473569550504,4.475674932847057e-06,0.4772207252236515,0.00022460016034093387,0.0048748473569550504,0.0012378421913707292,0.010491437659456513,1.3534946417741346e-05,46.57170049003531
22,0.5329541830188004,0.0,0.0,0.0,0.0,0.0,0.0,0.0,0.0,0.0,0.0,0.0
32,117.69604583760038,0.8849432269118717,0.00034401536390852704,0.010594068111672022,5.537204520894085e-06,0.8955372950235437,0.00034955256842942114,0.010594068111672022,0.002646869289938383,0.019559530024683615,1.3166646208623752e-05,86.8251429025416
23,0.0709939584022993,0.0,0.0,0.0,0.0,0.0,0.0,0.0,0.0,0.0,0.0,0.0
total,205.15955550848275,1.3572891047785682,0.0005641398493166139,0.015468915468627073,1.0012879453741143e-05,1.3727580202471952,0.000574152728770355,0.015468915468627073,0.0038847114813091123,0.030050967684140128,2.6701592626365096e-05,133.3968433925769
