cell,flux,"Li6(n,t)","Li6(n,t)_stdev","Li7(n,t)","Li7(n,t)_stdev",tbr,tbr_stdev,"U238(n,fis)","U238(n,fis)_stdev","U238(n,g)","U238(n,g)_stdev",Pu239_kg/yr
11,1.9549327273394765,0.0,0.0,0.0,0.0,0.0,0.0,0.0,0.0,0.0,0.0,0.0
21,23.801678185729976,0.0,0.0,0.0,0.0,0.0,0.0,0.0,0.0,0.0,0.0,0.0
31,62.31138378196819,0.4794784280656117,0.0008413694704910264,0.005037167287274413,1.894331145836022e-05,0.48451559535288613,0.0008603127819493865,0.005037167287274413,0.0012750104955422776,0.010673878265741597,5.4533212999581685e-05,47.38155797086121
22,0.5274066895081073,0.0,0.0,0.0,0.0,0.0,0.0,0.0,0.0,0.0,0.0,0.0
32,116.27270061960579,0.8742782118521031,0.0017051407893697408,0.01043404996505456,2.0458051142631098e-05,0.8847122618171577,0.0017255988405123718,0.01043404996505456,0.00260860961403309,0.01930384785558634,8.248436211501068e-05,85.69016466730346
23,0.06697391263807782,0.0,0.0,0.0,0.0,0.0,0.0,0.0,0.0,0.0,0.0,0.0
total,204.9350759167896,1.3537566399177148,0.002546510259860767,0.015471217252328973,3.940136260099132e-05,1.3692278571700438,0.002585911622461758,0.015471217252328973,0.003883620109575368,0.029977726121327937,0.00013701757511459236,133.07172263816466
