cell,flux,"Li6(n,t)","Li6(n,t)_stdev","Li7(n,t)","Li7(n,t)_stdev",tbr,tbr_stdev,"U238(n,fis)","U238(n,fis)_stdev","U238(n,g)","U238(n,g)_stdev",Pu239_kg/yr
11,2.0950518289582485,0.0,0.0,0.0,0.0,0.0,0.0,0.0,0.0,0.0,0.0,0.0
21,10.525273725645915,0.0,0.0,0.0,0.0,0.0,0.0,0.0,0.0,0.0,0.0,0.0
31,20.677069060211192,0.08322716235525993,0.00014041003448740327,0.019344694575722948,2.0443837313614413e-05,0.10257185693098288,0.0001608538718010177,0.019344694575722948,0.00014809962130512343,0.0011093286983302538,1.1084056472767119e-05,4.924332161195306
22,28.513301040887036,0.0,0.0,0.0,0.0,0.0,0.0,0.0,0.0,0.0,0.0,0.0
32,164.2837869612189,0.9723239317894796,0.0012662305046829173,0.08738423532149028,0.00013079405050653092,1.0597081671109698,0.0013970245551894482,0.08738423532149028,0.0006745311682082656,0.014346933846710583,3.179151123102144e-05,63.68632476761703
23,0.013087046068680348,0.0,0.0,0.0,0.0,0.0,0.0,0.0,0.0,0.0,0.0,0.0
total,226.10756966299,1.0555510941447395,0.0014066405391703206,0.10672892989721323,0.00015123788782014534,1.1622800240419526,0.001557878426990466,0.10672892989721323,0.000822630789513389,0.015456262545040837,4.287556770378856e-05,68.61065692881233
