cell,flux,"Li6(n,t)","Li6(n,t)_stdev","Li7(n,t)","Li7(n,t)_stdev",tbr,tbr_stdev,"U238(n,fis)","U238(n,fis)_stdev","U238(n,g)","U238(n,g)_stdev",Pu239_kg/yr
11,2.0926360066726337,0.0,0.0,0.0,0.0,0.0,0.0,0.0,0.0,0.0,0.0,0.0
21,10.521927353936604,0.0,0.0,0.0,0.0,0.0,0.0,0.0,0.0,0.0,0.0,0.0
31,20.66454926164434,0.08277493266370406,5.85486289218013e-05,0.019359101582328616,5.971923509968148e-06,0.10213403424603268,6.452055243176945e-05,0.019359101582328616,0.00014824214804254793,0.0010874808685624171,1.6369175713228219e-06,4.827349210208808
22,28.48930568994205,0.0,0.0,0.0,0.0,0.0,0.0,0.0,0.0,0.0,0.0,0.0
32,164.32376740472617,0.9737257496403723,0.00040042604000721185,0.087305646862947,2.6949978165044588e-05,1.0610313965033193,0.00042737601817225643,0.087305646862947,0.0006745471518991678,0.014322512141010347,1.7109464611325373e-05,63.57791633016119
23,0.013224114037296883,0.0,0.0,0.0,0.0,0.0,0.0,0.0,0.0,0.0,0.0,0.0
total,226.10540983095908,1.0565006823040763,0.00045897466892901316,0.10666474844527563,3.2921901675012736e-05,1.163165430749352,0.0004918965706040259,0.10666474844527563,0.0008227892999417158,0.015409993009572763,1.8746382182648196e-05,68.40526554037
