cell,flux,"Li6(n,t)","Li6(n,t)_stdev","Li7(n,t)","Li7(n,t)_stdev",tbr,tbr_stdev,"U238(n,fis)","U238(n,fis)_stdev","U238(n,g)","U238(n,g)_stdev",Pu239_kg/yr
11,1.9628459778325724,0.0,0.0,0.0,0.0,0.0,0.0,0.0,0.0,0.0,0.0,0.0
21,23.949619987367907,0.0,0.0,0.0,0.0,0.0,0.0,0.0,0.0,0.0,0.0,0.0
31,61.57098683511923,0.46263819578682525,0.00024251362861398343,0.004711427591621104,3.4767331408658113e-06,0.4673496233784464,0.00024599036175484924,0.004711427591621104,0.0030998078791780017,0.022391001960050068,2.079995964753607e-05,99.39410315375832
22,0.5251419631362614,0.0,0.0,0.0,0.0,0.0,0.0,0.0,0.0,0.0,0.0,0.0
32,118.10507597299083,0.864475377731897,0.00028079189424873134,0.010222771945356899,5.7772227150365265e-06,0.8746981496772539,0.00028656911696376785,0.010222771945356899,0.006618026027834051,0.041675523651931716,1.8161528768585647e-05,184.99847859589633
23,0.0674829627858437,0.0,0.0,0.0,0.0,0.0,0.0,0.0,0.0,0.0,0.0,0.0
total,206.18115369923265,1.3271135735187223,0.0005233055228627148,0.014934199536978002,9.253955855902338e-06,1.3420477730557003,0.0005325594787186171,0.014934199536978002,0.009717833907012053,0.06406652561198178,3.896148841612172e-05,284.39258174965465
