cell,flux,"Li6(n,t)","Li6(n,t)_stdev","Li7(n,t)","Li7(n,t)_stdev",tbr,tbr_stdev,"U238(n,fis)","U238(n,fis)_stdev","U238(n,g)","U238(n,g)_stdev",Pu239_kg/yr
11,1.9328146935173258,0.0,0.0,0.0,0.0,0.0,0.0,0.0,0.0,0.0,0.0,0.0
21,23.56994997477711,0.0,0.0,0.0,0.0,0.0,0.0,0.0,0.0,0.0,0.0,0.0
31,60.992709923257884,0.48104254182224376,0.00014383540385055668,0.0049824033323560965,3.945120231087511e-06,0.4860249451545999,0.00014778052408164418,0.0049824033323560965,1.4618333277020506e-06,1.5909529318941667e-05,2.6952137852733396e-08,0.07062271715557898
22,0.5398031087102748,0.0,0.0,0.0,0.0,0.0,0.0,0.0,0.0,0.0,0.0,0.0
32,117.48386042646496,0.9026106979005725,0.0003590658634395528,0.010844336673623476,5.1372158438013394e-06,0.913455034574196,0.00036420307928335414,0.010844336673623476,3.131471875342961e-06,2.983065215822093e-05,5.785570193277299e-08,0.13241885839000053
23,0.073354811132886,0.0,0.0,0.0,0.0,0.0,0.0,0.0,0.0,0.0,0.0,0.0
total,204.59249293786044,1.3836532397228163,0.0005029012672901095,0.015826740005979573,9.08233607488885e-06,1.3994799797287958,0.0005119836033649983,0.015826740005979573,4.593305203045011e-06,4.5740181477162595e-05,8.480783978550638e-08,0.2030415755455795
