fertile_kgm3,void_cell,cellfrom,leakage,leakage_stdev
75,99,[23],0.0010500000000000004,0.00011814539065631509
75,total,,0.0010500000000000004,0.00011814539065631509
