cell,flux,"Li6(n,t)","Li6(n,t)_stdev","Li7(n,t)","Li7(n,t)_stdev",tbr,tbr_stdev,"U238(n,fis)","U238(n,fis)_stdev","U238(n,g)","U238(n,g)_stdev",Pu239_kg/yr
11,3.189164054405728,0.0,0.0,0.0,0.0,0.0,0.0,0.0,0.0,0.0,0.0,0.0
21,10.731778729928084,0.0,0.0,0.0,0.0,0.0,0.0,0.0,0.0,0.0,0.0,0.0
31,21.09113949160194,0.07188209892902772,0.00022179246482123031,0.019003015535921975,2.0419118689123158e-05,0.09088511446494969,0.00024221158351035347,0.019003015535921975,0.0011502922331007865,0.006725508573734512,4.645745322539309e-05,29.85466635802837
22,29.10204507614473,0.0,0.0,0.0,0.0,0.0,0.0,0.0,0.0,0.0,0.0,0.0
32,172.72371727248148,0.9228220983075974,0.0011297839676746814,0.08323671223773157,0.00010573495419081538,1.006058810545329,0.0012355189218654968,0.08323671223773157,0.005118826630324902,0.08613453765018626,0.00015729811714303193,382.35292621468506
23,0.0155489617478827,0.0,0.0,0.0,0.0,0.0,0.0,0.0,0.0,0.0,0.0,0.0
total,236.85339358630986,0.9947041972366252,0.0013515764324959116,0.10223972777365355,0.00012615407287993853,1.0969439250102786,0.0014777305053758503,0.10223972777365355,0.006269118863425688,0.09286004622392077,0.000203755570368425,412.20759257271345
