cell,flux,"Li6(n,t)","Li6(n,t)_stdev","Li7(n,t)","Li7(n,t)_stdev",tbr,tbr_stdev,"U238(n,fis)","U238(n,fis)_stdev","U238(n,g)","U238(n,g)_stdev",Pu239_kg/yr
11,3.144131271535824,0.0,0.0,0.0,0.0,0.0,0.0,0.0,0.0,0.0,0.0,0.0
21,10.561384915597227,0.0,0.0,0.0,0.0,0.0,0.0,0.0,0.0,0.0,0.0,0.0
31,20.749058305721476,0.07649151376039628,0.0001601290037763907,0.01841981407119082,2.5861124659280113e-05,0.09491132783158711,0.00018599012843567082,0.01841981407119082,0.001412395399484499,0.007262577762613701,3.792121237079024e-05,32.23872717207352
22,28.611204660828587,0.0,0.0,0.0,0.0,0.0,0.0,0.0,0.0,0.0,0.0,0.0
32,166.64437306649657,0.9246166273568948,0.0007361512408042679,0.08233685976705865,0.00014649212966715797,1.0069534871239534,0.0008826433704714259,0.08233685976705865,0.006400435901964633,0.08662160048468975,0.00018152824021726272,384.5150078268156
23,0.014193458938413192,0.0,0.0,0.0,0.0,0.0,0.0,0.0,0.0,0.0,0.0,0.0
total,229.7243456791181,1.001108141117291,0.0008962802445806586,0.10075667383824947,0.0001723532543264381,1.1018648149555406,0.0010686334989070967,0.10075667383824947,0.007812831301449132,0.09388417824730345,0.00021944945258805295,416.7537349988891
