cell,flux,"Li6(n,t)","Li6(n,t)_stdev","Li7(n,t)","Li7(n,t)_stdev",tbr,tbr_stdev,"U238(n,fis)","U238(n,fis)_stdev","U238(n,g)","U238(n,g)_stdev",Pu239_kg/yr
11,2.0899048213445583,0.0,0.0,0.0,0.0,0.0,0.0,0.0,0.0,0.0,0.0,0.0
21,10.509520877363197,0.0,0.0,0.0,0.0,0.0,0.0,0.0,0.0,0.0,0.0,0.0
31,20.639310385637128,0.08338672204040495,0.00016024819782203728,0.019390766758089463,1.970011887967403e-05,0.10277748879849441,0.0001799483167017113,0.019390766758089463,0.0,0.0,0.0,0.0
22,28.461868566869732,0.0,0.0,0.0,0.0,0.0,0.0,0.0,0.0,0.0,0.0,0.0
32,164.09879157855127,0.9846627434097833,0.0009717193541481327,0.08768270021196194,0.00012714612999042247,1.0723454436217452,0.0010988654841385553,0.08768270021196194,0.0,0.0,0.0,0.0
23,0.012841625727246647,0.0,0.0,0.0,0.0,0.0,0.0,0.0,0.0,0.0,0.0,0.0
total,225.81223785549312,1.0680494654501882,0.0011319675519701699,0.1070734669700514,0.0001468462488700965,1.1751229324202397,0.0012788138008402667,0.1070734669700514,0.0,0.0,0.0,0.0
