cell,flux,"Li6(n,t)","Li6(n,t)_stdev","Li7(n,t)","Li7(n,t)_stdev",tbr,tbr_stdev,"Th232(n,fis)","Th232(n,fis)_stdev","Th232(n,g)","Th232(n,g)_stdev",U233_kg/yr
11,2.0904241060884097,0.0,0.0,0.0,0.0,0.0,0.0,0.0,0.0,0.0,0.0,0.0
21,10.505230230080674,0.0,0.0,0.0,0.0,0.0,0.0,0.0,0.0,0.0,0.0,0.0
31,20.64092215623186,0.08340032977424829,0.0001494823323522836,0.019390801216269887,1.9642901687832882e-05,0.10279113099051818,0.00016912523404011647,0.019390801216269887,8.905561679731732e-07,2.2347840231310518e-05,1.914985454753564e-07,0.09670741231926978
22,28.457524328361615,0.0,0.0,0.0,0.0,0.0,0.0,0.0,0.0,0.0,0.0,0.0
32,164.09954435526862,0.9849016072994317,0.0011045945848420552,0.08767538680678334,0.00012587299919570091,1.072576994106215,0.0012304675840377562,0.08767538680678334,3.985438832168478e-06,0.00029058109352206394,7.43045592312379e-07,1.2574524129652151
23,0.01281697998905713,0.0,0.0,0.0,0.0,0.0,0.0,0.0,0.0,0.0,0.0,0.0
total,225.80646215602025,1.06830193707368,0.0012540769171943387,0.10706618802305323,0.0001455159008835338,1.1753681250967332,0.0013995928180778727,0.10706618802305323,4.875995000141651e-06,0.00031292893375337445,9.345441377877354e-07,1.3541598252844849
