fertile_kgm3,void_cell,cellfrom,leakage,leakage_stdev
25,99,[23],0.00103,3.696845502136468e-05
25,total,,0.00103,3.696845502136468e-05
