cell,flux,tbr,tbr_stdev,"U238(n,g)","U238(n,g)_stdev",Pu239_kg/yr,Pu239_kg/yr_stdev,"Li6(n,t)","Li6(n,t)_stdev","Li7(n,t)","Li7(n,t)_stdev","U238(n,fis)","U238(n,fis)_stdev",heat_eV_src,heat_eV_src_stdev
11,2.3692011463490648,0.0,0.0,0.0,0.0,0.0,0.0,0.0,0.0,0.0,0.0,0.0,0.0,847541.1561987993,430.4405789838237
41,11.96592973703595,0.0,0.0,0.0,0.0,0.0,0.0,0.0,0.0,0.0,0.0,0.0,0.0,798379.0978214747,205.50367437760954
21,11.435854942580477,0.0,0.0,0.0,0.0,0.0,0.0,0.0,0.0,0.0,0.0,0.0,0.0,1166048.443202938,332.45124810555814
31,21.684946226128954,0.12590895627317017,8.533497905778545e-05,0.014079343558210208,2.867516539279468e-05,62.498486153444965,0.1272896296506841,0.10754224594520935,8.007016767097977e-05,0.018366710327960823,5.264811386805682e-06,0.0014014442525971658,3.198296690293209e-07,2020379.1658569998,538.9554407955133
22,29.085454866763918,0.0,0.0,0.0,0.0,0.0,0.0,0.0,0.0,0.0,0.0,0.0,0.0,2490792.8284983872,451.5177935716198
32,161.4762140402541,0.9781219749803575,0.00042848811406835365,0.1017984797552488,7.356574469150024e-05,451.8854768420713,0.3265598042238604,0.9000880019106229,0.0003869673412025197,0.07803397306973454,4.152077286583395e-05,0.006103387115768291,2.6610364731666928e-06,11302108.147402331,3548.107078590757
23,0.011916631784603268,0.0,0.0,0.0,0.0,0.0,0.0,0.0,0.0,0.0,0.0,0.0,0.0,603.0292376550857,9.666707439073026
total,238.02951759089706,1.1040309312535277,0.0005138230931261391,0.11587782331345901,0.00010224091008429492,514.3839629955163,0.45384943387454446,1.0076302478558323,0.00046703750887349944,0.09640068339769536,4.678558425263963e-05,0.007504831368365456,2.9808661421960135e-06,18625851.868218582,5516.642521863954
