fertile_kgm3,void_cell,cellfrom,leakage,leakage_stdev
3000,99,[23],0.0007780000000000003,3.808761828556163e-05
3000,total,,0.0007780000000000003,3.808761828556163e-05
