cell,flux,"Li6(n,t)","Li6(n,t)_stdev","Li7(n,t)","Li7(n,t)_stdev",tbr,tbr_stdev,"Th232(n,fis)","Th232(n,fis)_stdev","Th232(n,g)","Th232(n,g)_stdev",U233_kg/yr
11,3.1152006921827478,0.0,0.0,0.0,0.0,0.0,0.0,0.0,0.0,0.0,0.0,0.0
21,10.472854210627078,0.0,0.0,0.0,0.0,0.0,0.0,0.0,0.0,0.0,0.0,0.0
31,20.557587303203487,0.07853109964705651,6.201311217058272e-05,0.019102061300103928,4.4345045991438405e-06,0.09763316094716044,6.644761676972657e-05,0.019102061300103928,8.76814430205108e-05,0.0019315105406805064,3.142402669676426e-06,8.358364133769879
22,28.284268542041822,0.0,0.0,0.0,0.0,0.0,0.0,0.0,0.0,0.0,0.0,0.0
32,164.40250104409105,0.9694052139509755,0.00032149670966897566,0.08398321423036044,5.002279213474434e-05,1.053388428181336,0.00037151950180372,0.08398321423036044,0.0003828126928976887,0.02545612830720027,1.2356837696095401e-05,110.15813030592295
23,0.01343066627310634,0.0,0.0,0.0,0.0,0.0,0.0,0.0,0.0,0.0,0.0,0.0
total,226.8458424584193,1.047936313598032,0.0003835098218395584,0.10308527553046437,5.445729673388818e-05,1.1510215891284963,0.00043796711857344657,0.10308527553046437,0.0004704941359181995,0.02738763884788078,1.5499240365771827e-05,118.51649443969283
