cell,flux,"Li6(n,t)","Li6(n,t)_stdev","Li7(n,t)","Li7(n,t)_stdev",tbr,tbr_stdev,"Th232(n,fis)","Th232(n,fis)_stdev","Th232(n,g)","Th232(n,g)_stdev",U233_kg/yr
11,3.116109573213664,0.0,0.0,0.0,0.0,0.0,0.0,0.0,0.0,0.0,0.0,0.0
21,10.47407866375781,0.0,0.0,0.0,0.0,0.0,0.0,0.0,0.0,0.0,0.0,0.0
31,20.572430627071768,0.07852894309756575,0.0001462368342882542,0.019104858111952783,2.135880267252063e-05,0.09763380120951853,0.00016759563696077483,0.019104858111952783,8.764986248848557e-05,0.0019363047455633077,8.490012289280984e-06,8.379110440506699
22,28.28495820087192,0.0,0.0,0.0,0.0,0.0,0.0,0.0,0.0,0.0,0.0,0.0
32,164.41821069803265,0.9696620023199344,0.000930756147120814,0.08412972936977946,8.929941090626969e-05,1.0537917316897139,0.0010200555580270837,0.08412972936977946,0.00038350274090329567,0.025498627563290178,5.8608802757550577e-05,110.34204038579682
23,0.013463505700714761,0.0,0.0,0.0,0.0,0.0,0.0,0.0,0.0,0.0,0.0,0.0
total,226.87925126864852,1.0481909454175002,0.0010769929814090683,0.10323458748173224,0.00011065821357879032,1.1514255328992324,0.0011876511949878586,0.10323458748173224,0.0004711526033917812,0.027434932308853487,6.709881504683157e-05,118.72115082630351
