cell,flux,"Li6(n,t)","Li6(n,t)_stdev","Li7(n,t)","Li7(n,t)_stdev",tbr,tbr_stdev,"U238(n,fis)","U238(n,fis)_stdev","U238(n,g)","U238(n,g)_stdev",Pu239_kg/yr
11,1.9431521477396039,0.0,0.0,0.0,0.0,0.0,0.0,0.0,0.0,0.0,0.0,0.0
21,23.63177703625358,0.0,0.0,0.0,0.0,0.0,0.0,0.0,0.0,0.0,0.0,0.0
31,62.092387159307314,0.4884071865686532,0.0006709276859909941,0.005151928345296114,2.0362087529661148e-05,0.49355911491394927,0.0006912897735206553,0.005151928345296114,8.00257160137839e-06,8.562019172617889e-05,7.214419625236292e-07,0.3800697344254691
22,0.53248241276319,0.0,0.0,0.0,0.0,0.0,0.0,0.0,0.0,0.0,0.0,0.0
32,116.10745225603007,0.8939027782842854,0.0018695986018493543,0.010682931751314285,1.8537671218505814e-05,0.9045857100355997,0.00188813627306786,0.010682931751314285,1.6396039767675088e-05,0.00015666291562009836,6.844364707329441e-07,0.69542979913516
23,0.07022555941290468,0.0,0.0,0.0,0.0,0.0,0.0,0.0,0.0,0.0,0.0,0.0
total,204.37747657150666,1.3823099648529387,0.0025405262878403483,0.0158348600966104,3.8899758748166965e-05,1.398144824949549,0.0025794260465885153,0.0158348600966104,2.439861136905348e-05,0.00024228310734627725,1.4058784332565732e-06,1.0754995335606292
