cell,flux,"Li6(n,t)","Li6(n,t)_stdev","Li7(n,t)","Li7(n,t)_stdev",tbr,tbr_stdev,"U238(n,fis)","U238(n,fis)_stdev","U238(n,g)","U238(n,g)_stdev",Pu239_kg/yr
11,1.9448268441746008,0.0,0.0,0.0,0.0,0.0,0.0,0.0,0.0,0.0,0.0,0.0
21,23.663450466899867,0.0,0.0,0.0,0.0,0.0,0.0,0.0,0.0,0.0,0.0,0.0
31,62.127981422802236,0.48582956864922755,0.0006909562055518855,0.005121225538933029,1.8486409639728516e-05,0.49095079418816057,0.000709442615191614,0.005121225538933029,0.0003246310263330195,0.0031820227025206272,1.6294334814908668e-05,14.12506208057287
22,0.5324284490786553,0.0,0.0,0.0,0.0,0.0,0.0,0.0,0.0,0.0,0.0,0.0
32,116.1481829704561,0.8896412861874502,0.0013581674860645764,0.010619241780439156,1.9239889285618336e-05,0.9002605279678894,0.0013774073753501947,0.010619241780439156,0.000665016392844338,0.005832130386897801,2.7431961348568465e-05,25.888942813535092
23,0.07013427392660283,0.0,0.0,0.0,0.0,0.0,0.0,0.0,0.0,0.0,0.0,0.0
total,204.48700442733806,1.3754708548366779,0.002049123691616462,0.015740467319372186,3.772629892534685e-05,1.39121132215605,0.0020868499905418087,0.015740467319372186,0.0009896474191773575,0.009014153089418428,4.372629616347713e-05,40.01400489410796
