cell,flux,"Li6(n,t)","Li6(n,t)_stdev","Li7(n,t)","Li7(n,t)_stdev",tbr,tbr_stdev,"U238(n,fis)","U238(n,fis)_stdev","U238(n,g)","U238(n,g)_stdev",Pu239_kg/yr
11,2.0912636819359,0.0,0.0,0.0,0.0,0.0,0.0,0.0,0.0,0.0,0.0,0.0
21,25.60560782203545,0.0,0.0,0.0,0.0,0.0,0.0,0.0,0.0,0.0,0.0,0.0
31,71.47769503221237,0.40130025987472245,0.0006683924475037142,0.003337940511594956,1.3800148094824996e-05,0.4046382003863174,0.0006821925955985392,0.003337940511594956,0.010777161172751706,0.07090788840463245,0.00015268651396756162,314.76152729028934
22,0.6786516110316555,0.0,0.0,0.0,0.0,0.0,0.0,0.0,0.0,0.0,0.0,0.0
32,137.1078791111006,0.7553325199276697,0.001125375324756054,0.0072171331790589046,1.2045566459353313e-05,0.7625496531067286,0.0011374208912154073,0.0072171331790589046,0.02294992773996914,0.1330645094375649,0.00023827403424403492,590.6760046173476
23,0.097944895905594,0.0,0.0,0.0,0.0,0.0,0.0,0.0,0.0,0.0,0.0,0.0
total,237.05904215422157,1.156632779802392,0.0017937677722597682,0.01055507369065386,2.584571455417831e-05,1.167187853493046,0.0018196134868139467,0.01055507369065386,0.033727088912720846,0.20397239784219734,0.00039096054821159654,905.437531907637
