cell,flux,"Li6(n,t)","Li6(n,t)_stdev","Li7(n,t)","Li7(n,t)_stdev",tbr,tbr_stdev,"Th232(n,fis)","Th232(n,fis)_stdev","Th232(n,g)","Th232(n,g)_stdev",U233_kg/yr,U233_kg/yr_stdev
11,2.122221137693262,0.0,0.0,0.0,0.0,0.0,0.0,0.0,0.0,0.0,0.0,0.0,0.0
21,10.686480633433048,0.0,0.0,0.0,0.0,0.0,0.0,0.0,0.0,0.0,0.0,0.0,0.0
31,21.023602423934147,0.07900111164766349,9.806520416257595e-05,0.019652923946397418,1.4221586449474069e-05,0.09865403559406091,0.00011228679061205002,2.2404558590630802e-07,1.4371286951450798e-10,6.245187597084679e-06,3.295562784061469e-08,0.02702524833322744,0.00014261125266850166
22,29.038630192170444,0.0,0.0,0.0,0.0,0.0,0.0,0.0,0.0,0.0,0.0,0.0,0.0
32,170.5765030386685,0.9795027603788272,0.0009240882036626724,0.08885023752142915,8.569330821258177e-05,1.0683529979002564,0.0010097815118752542,1.0029407196913173e-06,9.527158869247064e-10,8.521075065954026e-05,1.7063952204477843e-07,0.3687385945475506,0.0007384206458227305
23,0.014209500167315694,0.0,0.0,0.0,0.0,0.0,0.0,0.0,0.0,0.0,0.0,0.0,0.0
total,233.46164692606672,1.0585038720264908,0.0010221534078252484,0.10850316146782657,9.991489466205583e-05,1.1670070334943172,0.0011220683024873042,1.2269863055976254e-06,1.0964287564392143e-09,9.145593825662494e-05,2.0359514988539314e-07,0.39576384288077804,0.0008810318984912322
