cell,flux,"Li6(n,t)","Li6(n,t)_stdev","Li7(n,t)","Li7(n,t)_stdev",tbr,tbr_stdev,"Th232(n,fis)","Th232(n,fis)_stdev","Th232(n,g)","Th232(n,g)_stdev",U233_kg/yr
11,2.0908360277312945,0.0,0.0,0.0,0.0,0.0,0.0,0.0,0.0,0.0,0.0,0.0
21,10.512510667726158,0.0,0.0,0.0,0.0,0.0,0.0,0.0,0.0,0.0,0.0,0.0
31,20.64806567354672,0.0835344301379918,0.0001630820679841384,0.019405809259870992,2.0648021670163754e-05,0.1029402393978628,0.00018373008965430213,0.019405809259870992,2.9708525459730716e-07,7.460166409829592e-06,7.444726955242895e-08,0.032282913315039824
22,28.47522506049112,0.0,0.0,0.0,0.0,0.0,0.0,0.0,0.0,0.0,0.0,0.0
32,164.22799362494703,0.9856262321585054,0.001360804088834005,0.08776417307707315,0.00012694300639656407,1.0733904052355785,0.001487747095230569,0.08776417307707315,1.3298371405379475e-06,9.677279123657069e-05,2.496189507813719e-07,0.4187718422243638
23,0.012826348431726243,0.0,0.0,0.0,0.0,0.0,0.0,0.0,0.0,0.0,0.0,0.0
total,225.96745740287406,1.0691606622964973,0.0015238861568181434,0.10716998233694415,0.00014759102806672782,1.1763306446334414,0.0016714771848848713,0.10716998233694415,1.6269223951352547e-06,0.00010423295764640028,3.240662203338008e-07,0.45105475553940366
