fertile_kgm3,void_cell,cellfrom,leakage,leakage_stdev
1,99,"[42, 44]",0.1145695528376165,3.8057397005521704e-05
1,98,[44],0.05827034378165465,2.5855731573143555e-05
1,total,,0.17283989661927115,4.6009611191775406e-05
