cell,flux,"Li6(n,t)","Li6(n,t)_stdev","Li7(n,t)","Li7(n,t)_stdev",tbr,tbr_stdev,"Th232(n,fis)","Th232(n,fis)_stdev","Th232(n,g)","Th232(n,g)_stdev",U233_kg/yr
11,1.9570810953145739,0.0,0.0,0.0,0.0,0.0,0.0,0.0,0.0,0.0,0.0,0.0
21,23.804035482109576,0.0,0.0,0.0,0.0,0.0,0.0,0.0,0.0,0.0,0.0,0.0
31,61.84182496663082,0.46409518555531937,0.0005305764473070521,0.0048879531187048094,2.0242414001420406e-05,0.4689831386740242,0.0005508188613084726,0.0048879531187048094,0.0008199475387437909,0.022622943906827737,6.192001824349587e-05,97.89788819091646
22,0.5146844057921016,0.0,0.0,0.0,0.0,0.0,0.0,0.0,0.0,0.0,0.0,0.0
32,115.05445492005572,0.8451276637739454,0.0011384193362413034,0.010105761675840187,1.795375715061683e-05,0.8552334254497856,0.00115637309339192,0.010105761675840187,0.001679756899485294,0.0411067868227646,0.00011187694217652163,177.88434771516623
23,0.06350084963046627,0.0,0.0,0.0,0.0,0.0,0.0,0.0,0.0,0.0,0.0,0.0
total,203.23558171953326,1.3092228493292648,0.0016689957835483555,0.014993714794544998,3.8196171152037236e-05,1.3242165641238097,0.0017071919547003928,0.014993714794544998,0.002499704438229085,0.06372973072959234,0.00017379696042001748,275.7822359060827
