fertile_kgm3,void_cell,cellfrom,leakage,leakage_stdev
750.0,99,[23],0.00072498,2.9504208739311462e-06
750.0,total,,0.00072498,2.9504208739311462e-06
