fertile_kgm3,void_cell,cellfrom,leakage,leakage_stdev
750.0,99,[23],0.0007270299999999999,3.292488926835249e-06
750.0,total,,0.0007270299999999999,3.292488926835249e-06
