fertile_kgm3,void_cell,cellfrom,leakage,leakage_stdev
100,99,[23],0.0009579800000000001,4.6410963144491065e-06
100,total,,0.0009579800000000001,4.6410963144491065e-06
