fertile_kgm3,void_cell,cellfrom,leakage,leakage_stdev
100.0,99,[23],0.0009579800000000001,4.6410963144491065e-06
100.0,total,,0.0009579800000000001,4.6410963144491065e-06
