fertile_kgm3,void_cell,cellfrom,leakage,leakage_stdev
100,99,[23],0.0009562300000000002,4.550295777929765e-06
100,total,,0.0009562300000000002,4.550295777929765e-06
