cell,flux,tbr,tbr_stdev,"Th232(n,g)","Th232(n,g)_stdev",U233_kg/yr,U233_kg/yr_stdev,"Li6(n,t)","Li6(n,t)_stdev","Li7(n,t)","Li7(n,t)_stdev","Th232(n,fis)","Th232(n,fis)_stdev",heating [MW],heating_stdev,fisq [MW],fisq_stdev
11,2.3462718382257752,0.0,0.0,0.0,0.0,0.0,0.0,0.0,0.0,0.0,0.0,0.0,0.0,47.87426284937939,0.010818231589326929,0.0,0.0
41,11.849520775450143,0.0,0.0,0.0,0.0,0.0,0.0,0.0,0.0,0.0,0.0,0.0,0.0,45.25041491542985,0.004401643910114174,0.0,0.0
21,11.32339627007295,0.0,0.0,0.0,0.0,0.0,0.0,0.0,0.0,0.0,0.0,0.0,0.0,66.11562451593981,0.0065283327149251325,0.0,0.0
31,21.46443139597845,0.12725862697092416,2.5291803028866363e-05,0.009785254516677264,4.7298517778520644e-06,42.3528285565024,0.020471884620233593,0.10871545732360346,2.3051695036554555e-05,0.018543169647320695,2.2401079923118065e-06,0.000281449287129089,2.5811684658894772e-08,98.36388819943977,0.009313052549703856,2.8622844567215533,0.00026499846237991014
22,28.7656895958581,0.0,0.0,0.0,0.0,0.0,0.0,0.0,0.0,0.0,0.0,0.0,0.0,141.21478397406412,0.01328675589936637,0.0,0.0
32,158.80699773671913,0.9859912671038098,0.00012656765668006404,0.07990059739732397,1.6142187004948936e-05,345.8281332757893,0.06986709212135579,0.9069906665856103,0.00011090045930942585,0.0790006005181994,1.5667197370638206e-05,0.0012024295660829326,1.781926154727711e-07,555.2001048398545,0.05669293780159549,12.319069336265228,0.001802094895551383
23,0.011607145638126206,0.0,0.0,0.0,0.0,0.0,0.0,0.0,0.0,0.0,0.0,0.0,0.0,0.035362776611722206,0.00023094267427666877,0.0,0.0
total,234.56791475794267,1.113249894074734,0.0001518594597089304,0.08968585191400123,2.0872038782801e-05,388.1809618322917,0.09033897674158939,1.0157061239092138,0.0001339521543459804,0.0975437701655201,1.790730536295001e-05,0.0014838788532120215,2.0400430013166585e-07,954.0544420707191,0.10127189713930862,15.181353792986782,0.002067093357931293
