cell,flux,tbr,tbr_stdev,"Th232(n,g)","Th232(n,g)_stdev",U233_kg/yr,U233_kg/yr_stdev,"Li6(n,t)","Li6(n,t)_stdev","Li7(n,t)","Li7(n,t)_stdev","Be9(n,2n)","Be9(n,2n)_stdev","tot(n,fis)","tot(n,fis)_stdev",heating [MW],heating_stdev,fisq [MW],fisq_stdev
11,2.3463173581202135,0.0,0.0,0.0,0.0,0.0,0.0,0.0,0.0,0.0,0.0,0.0,0.0,0.0,0.0,47.86663736209497,0.007844359413999052,0.0,0.0
41,11.85033425586155,0.0,0.0,0.0,0.0,0.0,0.0,0.0,0.0,0.0,0.0,0.12040959272564355,1.5395689490363496e-05,0.0,0.0,45.250506369456154,0.004468774616483995,0.0,0.0
21,11.323485392012447,0.0,0.0,0.0,0.0,0.0,0.0,0.0,0.0,0.0,0.0,0.0,0.0,0.0,0.0,66.11330853216748,0.006595944869481004,0.0,0.0
31,21.46458777440902,0.12725454258805186,2.0034330164975554e-05,0.009783727091048864,5.026986663117979e-06,42.346217507636766,0.021757952635365462,0.10871178205726499,1.7753004562567525e-05,0.01854276053078687,2.2813256024080306e-06,0.018621540044622378,2.1332218629898906e-06,0.0,0.0,98.3618763319359,0.007101796318028179,2.862232636242768,0.0002765132983911956
22,28.764881902556095,0.0,0.0,0.0,0.0,0.0,0.0,0.0,0.0,0.0,0.0,0.0,0.0,0.00028144436730687903,2.6912684888669625e-08,141.21077430383463,0.012234791357306256,0.0,0.0
32,158.80522706183405,0.9859637775972103,0.00011121962430966722,0.07987952707245918,1.9849013519762376e-05,345.73693607135203,0.08591108848374177,0.9069633552541663,9.559641815378533e-05,0.0790004223430441,1.5623206155881885e-05,0.08452110181038347,1.3608380728314365e-05,0.0012024276137365204,1.799292567374864e-07,555.1851947692752,0.052589622963202874,12.319046753910587,0.0018219736046652443
23,0.011600367551372422,0.0,0.0,0.0,0.0,0.0,0.0,0.0,0.0,0.0,0.0,0.0,0.0,0.0,0.0,0.03532623932360719,0.000222214456837214,0.0,0.0
total,234.56643411234475,1.1132183201852621,0.00013125395447464278,0.08966325416350805,2.4876000182880353e-05,388.0831535789888,0.10766904111910723,1.0156751373114312,0.00011334942271635286,0.09754318287383096,1.7904531758289914e-05,0.2235522345806494,3.1137292081667755e-05,0.0014838719810433994,2.0684194162615605e-07,954.0236239080879,0.09105750399533859,15.181279390153355,0.0020984869030564396
