fertile_kgm3,void_cell,cellfrom,leakage,leakage_stdev
100,99,[23],0.0009585599999999996,4.395198137365575e-06
100,total,,0.0009585599999999996,4.395198137365575e-06
