fertile_kgm3,leakage,leakage_stdev
1.0,0.0010249000000000005,1.0218936670056697e-05
