cell,flux,tbr,tbr_stdev,"U238(n,g)","U238(n,g)_stdev",Pu239_kg/yr,Pu239_kg/yr_stdev,"Li6(n,t)","Li6(n,t)_stdev","Li7(n,t)","Li7(n,t)_stdev","U238(n,fis)","U238(n,fis)_stdev",heat_eV_src,heat_eV_src_stdev
11,2.3448065214923832,0.0,0.0,0.0,0.0,0.0,0.0,0.0,0.0,0.0,0.0,0.0,0.0,851819.946060838,465.58068519896585
41,11.847041449187422,0.0,0.0,0.0,0.0,0.0,0.0,0.0,0.0,0.0,0.0,0.0,0.0,796677.4045996543,234.13841356589336
21,11.322469908053968,0.0,0.0,0.0,0.0,0.0,0.0,0.0,0.0,0.0,0.0,0.0,0.0,1166806.058501572,346.9239358194619
31,21.47778384916019,0.13309944077974142,7.734451031392233e-05,0.00017263907036284707,4.538751150647693e-07,0.766348267872484,0.00201476066529587,0.11415823574190055,7.117779042755464e-05,0.018941205037840875,6.166719886367683e-06,9.337832977369305e-06,2.3404178300891086e-09,1663471.437755541,404.26068240780023
22,28.79445206936651,0.0,0.0,0.0,0.0,0.0,0.0,0.0,0.0,0.0,0.0,0.0,0.0,2497922.548648547,585.2800129187186
32,160.0520278094272,1.0596848461398014,0.00041679991956200904,0.001440718303639002,1.4404399173915571e-06,6.395377211921894,0.0063941414498311895,0.9783452926845237,0.00037596553595415695,0.0813395534552777,4.083438360785212e-05,4.0940941428153374e-05,1.5792901716551756e-08,9573891.799495267,2612.861328556421
23,0.012422591567104131,0.0,0.0,0.0,0.0,0.0,0.0,0.0,0.0,0.0,0.0,0.0,0.0,651.895819398818,10.634320232357533
total,235.8510041982548,1.1927842869195429,0.0004941444298759314,0.0016133573740018492,1.8943150324563264e-06,7.161725479794378,0.00840890211512706,1.0925035284264244,0.0004471433263817116,0.10028075849311857,4.70011034942198e-05,5.027877440552268e-05,1.8133319546640865e-08,16551241.090880819,4659.679378699619
