cell,flux,"Li6(n,t)","Li6(n,t)_stdev","Li7(n,t)","Li7(n,t)_stdev",tbr,tbr_stdev,"U238(n,fis)","U238(n,fis)_stdev","U238(n,g)","U238(n,g)_stdev",Pu239_kg/yr
11,1.9434449559650773,0.0,0.0,0.0,0.0,0.0,0.0,0.0,0.0,0.0,0.0,0.0
21,23.63395846968171,0.0,0.0,0.0,0.0,0.0,0.0,0.0,0.0,0.0,0.0,0.0
31,62.099478719433385,0.48824556686836507,0.000765284683314886,0.00514967873793469,1.9977539939434548e-05,0.49339524560629977,0.0007852622232543205,0.00514967873793469,3.396350580584624e-05,0.0003601290665109225,2.544135211867838e-06,1.5986200907542272
22,0.5328820853530757,0.0,0.0,0.0,0.0,0.0,0.0,0.0,0.0,0.0,0.0,0.0
32,116.1233129788606,0.8940595921045589,0.0017774726626075994,0.010675414288283492,1.878948126141484e-05,0.9047350063928423,0.0017962621438690142,0.010675414288283492,6.957988274677849e-05,0.0006609103317701006,2.7409409098109912e-06,2.9337941110695667
23,0.07030626463145966,0.0,0.0,0.0,0.0,0.0,0.0,0.0,0.0,0.0,0.0,0.0
total,204.4033834739253,1.3823051589729238,0.0025427573459224856,0.015825093026218182,3.876702120084939e-05,1.398130251999142,0.0025815243671233347,0.015825093026218182,0.00010354338855262472,0.001021039398281023,5.28507612167883e-06,4.532414201823794
