cell,flux,"Li6(n,t)","Li6(n,t)_stdev","Li7(n,t)","Li7(n,t)_stdev",tbr,tbr_stdev,"U238(n,fis)","U238(n,fis)_stdev","U238(n,g)","U238(n,g)_stdev",Pu239_kg/yr
11,1.9335013535296774,0.0,0.0,0.0,0.0,0.0,0.0,0.0,0.0,0.0,0.0,0.0
21,23.573443861727107,0.0,0.0,0.0,0.0,0.0,0.0,0.0,0.0,0.0,0.0,0.0
31,60.98994482771997,0.48055057199272866,0.00019293183853061528,0.004980136474350515,3.95533165028125e-06,0.4855307084670792,0.00019688717018089653,0.004980136474350515,3.295975142154473e-05,0.00035369747613719335,8.437747492073605e-07,1.570070133133317
22,0.5399625342216202,0.0,0.0,0.0,0.0,0.0,0.0,0.0,0.0,0.0,0.0,0.0
32,117.49502138085691,0.9021962639325496,0.0003824159049522199,0.010838644837680262,5.2876509382105825e-06,0.9130349087702299,0.0003877035558904305,0.010838644837680262,7.058892911735827e-05,0.0006646073081957292,1.4561193206363709e-06,2.950205062971655
23,0.07316939004522538,0.0,0.0,0.0,0.0,0.0,0.0,0.0,0.0,0.0,0.0,0.0
total,204.6050433481005,1.3827468359252784,0.0005753477434828352,0.015818781312030777,9.242982588491832e-06,1.398565617237309,0.000584590726071327,0.015818781312030777,0.000103548680538903,0.0010183047843329227,2.2998940698437314e-06,4.520275196104972
