cell,flux,"Li6(n,t)","Li6(n,t)_stdev","Li7(n,t)","Li7(n,t)_stdev",tbr,tbr_stdev,"U238(n,fis)","U238(n,fis)_stdev","U238(n,g)","U238(n,g)_stdev",Pu239_kg/yr
11,2.1172297937802416,0.0,0.0,0.0,0.0,0.0,0.0,0.0,0.0,0.0,0.0,0.0
21,10.643703092138265,0.0,0.0,0.0,0.0,0.0,0.0,0.0,0.0,0.0,0.0,0.0
31,20.918920881630584,0.07999002063462271,0.00019397622990481527,0.018795359570464208,1.8837417503951674e-05,0.09878538020508693,0.00021281364740876693,0.018795359570464208,0.0014418152090941985,0.0077281030855200755,3.782873327397699e-05,34.3052033417509
22,28.86639846984334,0.0,0.0,0.0,0.0,0.0,0.0,0.0,0.0,0.0,0.0,0.0
32,166.5313126208393,0.9244513555621191,0.001045110795892773,0.08411660741201535,0.000111917952368847,1.0085679629741344,0.00115702874826162,0.08411660741201535,0.006530587692163031,0.08677299081813977,0.00017197107365474987,385.18703252880346
23,0.012537612351687788,0.0,0.0,0.0,0.0,0.0,0.0,0.0,0.0,0.0,0.0,0.0
total,229.0901024705834,1.004441376196742,0.0012390870257975883,0.10291196698247956,0.00013075536987279868,1.1073533431792213,0.0013698423956703869,0.10291196698247956,0.007972402901257229,0.09450109390365985,0.00020979980692872687,419.49223587055434
