cell,flux,"Li6(n,t)","Li6(n,t)_stdev","Li7(n,t)","Li7(n,t)_stdev",tbr,tbr_stdev,"U238(n,fis)","U238(n,fis)_stdev","U238(n,g)","U238(n,g)_stdev",Pu239_kg/yr
11,2.1494127300187413,0.0,0.0,0.0,0.0,0.0,0.0,0.0,0.0,0.0,0.0,0.0
21,10.81472143296356,0.0,0.0,0.0,0.0,0.0,0.0,0.0,0.0,0.0,0.0,0.0
31,21.26783232678004,0.0747342057462574,0.00020651319735019423,0.019031704240453366,1.9510730042197418e-05,0.09376590998671076,0.00022602392739239164,0.019031704240453366,0.0014421594658429178,0.008424851359368506,4.715814288794051e-05,37.39808279067658
22,29.402369532764943,0.0,0.0,0.0,0.0,0.0,0.0,0.0,0.0,0.0,0.0,0.0
32,172.7666176500627,0.9089593526741989,0.0011832780336677366,0.08524712344332819,0.00011047066854335631,0.9942064761175271,0.001293748702211093,0.08524712344332819,0.006539420651583984,0.10029504561021477,0.0002407448539881407,445.2117027625096
23,0.013956072513530487,0.0,0.0,0.0,0.0,0.0,0.0,0.0,0.0,0.0,0.0,0.0
total,236.41490974510353,0.9836935584204564,0.001389791231017931,0.10427882768378155,0.00012998139858555374,1.0879723861042379,0.0015197726296034848,0.10427882768378155,0.007981580117426902,0.10871989696958327,0.00028790299687608123,482.6097855531862
