cell,flux,"Li6(n,t)","Li6(n,t)_stdev","Li7(n,t)","Li7(n,t)_stdev",tbr,tbr_stdev,"U238(n,fis)","U238(n,fis)_stdev","U238(n,g)","U238(n,g)_stdev",Pu239_kg/yr
11,2.1169662713943995,0.0,0.0,0.0,0.0,0.0,0.0,0.0,0.0,0.0,0.0,0.0
21,10.64606593515337,0.0,0.0,0.0,0.0,0.0,0.0,0.0,0.0,0.0,0.0,0.0
31,20.92111308353864,0.0798534846141561,6.436363504068313e-05,0.018825786017287172,6.548237468739824e-06,0.09867927063144327,7.091187250942296e-05,0.018825786017287172,0.0014447455548863507,0.007654158656135392,1.944399178449784e-05,33.97696254864033
22,28.862222734034408,0.0,0.0,0.0,0.0,0.0,0.0,0.0,0.0,0.0,0.0,0.0
32,166.55306949532414,0.9238335717495936,0.0002406953013795803,0.0841427138444341,2.4130207729503332e-05,1.0079762855940277,0.00026482550910908367,0.0841427138444341,0.006536366768833959,0.08677678578620346,5.1586792208181146e-05,385.20387846753636
23,0.013131722940723628,0.0,0.0,0.0,0.0,0.0,0.0,0.0,0.0,0.0,0.0,0.0
total,229.1125692423857,1.0036870563637497,0.00030505893642026347,0.10296849986172127,3.067844519824316e-05,1.106655556225471,0.0003357373816185066,0.10296849986172127,0.00798111232372031,0.09443094444233885,7.103078399267899e-05,419.1808410161767
