cell,flux,tbr,tbr_stdev,"Th232(n,g)","Th232(n,g)_stdev",U233_kg/yr,U233_kg/yr_stdev,"Li6(n,t)","Li6(n,t)_stdev","Li7(n,t)","Li7(n,t)_stdev","Be9(n,2n)","Be9(n,2n)_stdev","tot(n,fis)","tot(n,fis)_stdev",heating [MW],heating_stdev,fisq [MW],fisq_stdev
11,1.9815221965616872,0.0,0.0,0.0,0.0,0.0,0.0,0.0,0.0,0.0,0.0,0.0,0.0,0.0,0.0,27.466787501550364,0.0037567426514106043,0.0,0.0
21,24.190850763166445,0.0,0.0,0.0,0.0,0.0,0.0,0.0,0.0,0.0,0.0,0.0,0.0,0.0,0.0,180.71690255132327,0.010762902824199769,0.0,0.0
31,63.65088785983316,0.41982542360935415,8.368890008894605e-05,0.05103419216481297,1.3389183776003836e-05,220.88770277687917,0.05795146196863067,0.41582578561254563,8.239003703698036e-05,0.003999637996808532,1.298863051965688e-06,0.1368723227221518,4.0677414817496484e-05,0.0,0.0,284.53677031656565,0.04827712941377286,20.128262662656375,0.005762709970382448
22,0.5591509158807348,0.0,0.0,0.0,0.0,0.0,0.0,0.0,0.0,0.0,0.0,0.0,0.0,0.0,0.0,2.5843325058294218,0.003189707771062468,0.0,0.0
32,121.79377192932283,0.785274986731694,0.00012726742140511385,0.0951028681111372,2.0382099555692692e-05,411.62705185417923,0.08821840726090208,0.7765917550722751,0.00012540363437498416,0.00868323165941902,1.8637870301296772e-06,0.29549119072371977,5.8717735307596136e-05,0.001968577804150115,5.649442000746661e-07,569.95737678847,0.08208167711143,43.13312529217474,0.007895673182620353
23,0.07441912982781317,0.0,0.0,0.0,0.0,0.0,0.0,0.0,0.0,0.0,0.0,0.0,0.0,0.004220559332709024,7.744026706726795e-07,0.3501796964058242,0.0010048775287509772,0.0,0.0
total,212.25060279459268,1.205100410341048,0.00021095632149405988,0.14613706027595016,3.377128333169653e-05,632.5147546310584,0.14616986922953273,1.1924175406848208,0.00020779367141196453,0.012682869656227553,3.162650082095365e-06,0.43236351344587154,9.939515012509262e-05,0.006189137136859139,1.3393468707473457e-06,1065.6123493601444,0.14907303730062668,63.261387954831115,0.013658383153002801
