cell,flux,tbr,tbr_stdev,"U238(n,g)","U238(n,g)_stdev","Th232(n,g)","Th232(n,g)_stdev",Pu239_kg/yr,Pu239_kg/yr_stdev,U233_kg/yr,U233_kg/yr_stdev,"Li6(n,t)","Li6(n,t)_stdev","Li7(n,t)","Li7(n,t)_stdev","Be9(n,2n)","Be9(n,2n)_stdev","Pb(n,2n)","Pb(n,2n)_stdev","tot(n,fis)","tot(n,fis)_stdev","tot(n,nufis)","tot(n,nufis)_stdev",heating [MW],heating_stdev,fisq [MW],fisq_stdev
11,1.9812029557925115,0.0,0.0,0.0,0.0,0.0,0.0,0.0,0.0,0.0,0.0,0.0,0.0,0.0,0.0,0.0,0.0,0.0,0.0,0.0,0.0,0.0,0.0,27.46352608663405,0.004807176122108002,0.0,0.0
21,24.18589757806632,0.0,0.0,0.0,0.0,0.0,0.0,0.0,0.0,0.0,0.0,0.0,0.0,0.0,0.0,0.0,0.0,0.0,0.0,0.0,0.0,0.0,0.0,180.71021964769787,0.01128517800900958,0.0,0.0
31,63.64618698006652,0.4197506691701327,9.004595184019123e-05,0.0,0.0,0.05102231893638697,1.4961305147786259e-05,0.0,0.0,220.83631271777733,0.06475596427520162,0.415751097948196,8.877430974387997e-05,0.003999571221936735,1.2716420963112537e-06,0.13687750748268612,3.936822536127018e-05,0.0,0.0,0.0,0.0,0.0,0.0,284.51639736042574,0.04603212928280686,20.127665419805894,0.00556936216767334
22,0.5591047493028328,0.0,0.0,0.0,0.0,0.0,0.0,0.0,0.0,0.0,0.0,0.0,0.0,0.0,0.0,0.0,0.0,0.0,0.0,0.0,0.0,0.0,0.0,2.583491106826457,0.003424118352797064,0.0,0.0
32,121.79767576426721,0.7854220350369228,9.551205910205169e-05,0.0,0.0,0.09511547862042305,1.8234107241775968e-05,0.0,0.0,411.6816330341458,0.07892140327833307,0.7767391798403955,9.362598938986198e-05,0.008682855196527249,1.8860697121897221e-06,0.29547828273717697,6.012665867413038e-05,0.0,0.0,0.001968521875061886,5.46870838394798e-07,0.006581325921470729,1.888821614622612e-06,569.9901663175668,0.07267605355012766,43.130796015794175,0.007759114525292407
23,0.07443994392473159,0.0,0.0,0.0,0.0,0.0,0.0,0.0,0.0,0.0,0.0,0.0,0.0,0.0,0.0,0.0,0.0,0.0,0.0,0.004220337491967159,7.611709506808398e-07,0.014161500578932205,2.6143251748634986e-06,0.34997001961296015,0.0008765492372050682,0.0,0.0
total,212.24450797142015,1.2051727042070555,0.00018555801094224294,0.0,0.0,0.14613779755681003,3.3195412389562226e-05,0.0,0.0,632.5179457519232,0.1436773675535347,1.1924902777885915,0.00018240029913374196,0.012682426418463984,3.157711808500976e-06,0.4323557902198631,9.949488403540057e-05,0.0,0.0,0.006188859367029045,1.3080417890756378e-06,0.020742826500402933,4.503146789486111e-06,1065.613770538764,0.13910120455405423,63.25846143560007,0.013328476692965746
