cell,flux,tbr,tbr_stdev,"Th232(n,g)","Th232(n,g)_stdev",U233_kg/yr,U233_kg/yr_stdev,"Li6(n,t)","Li6(n,t)_stdev","Li7(n,t)","Li7(n,t)_stdev","Be9(n,2n)","Be9(n,2n)_stdev","tot(n,fis)","tot(n,fis)_stdev",heating [MW],heating_stdev,fisq [MW],fisq_stdev
11,1.981202955792561,0.0,0.0,0.0,0.0,0.0,0.0,0.0,0.0,0.0,0.0,0.0,0.0,0.0,0.0,27.463526086633884,0.004807176120827104,0.0,0.0
21,24.185897578066033,0.0,0.0,0.0,0.0,0.0,0.0,0.0,0.0,0.0,0.0,0.0,0.0,0.0,0.0,180.7102196476938,0.01128517807884991,0.0,0.0
31,63.64618698006606,0.41975066917015097,9.004595183384415e-05,0.05102231893638656,1.4961305147786259e-05,220.83631271777557,0.06475596427520162,0.41575109794821424,8.877430973736637e-05,0.0039995712219367515,1.2716420964777772e-06,0.13687750748268523,3.9368225355762175e-05,0.0,0.0,284.5163973604394,0.04603212927709953,20.127665419806007,0.005569362167857608
22,0.5591047493028344,0.0,0.0,0.0,0.0,0.0,0.0,0.0,0.0,0.0,0.0,0.0,0.0,0.0,0.0,2.583491106826458,0.003424118352750234,0.0,0.0
32,121.79767576426683,0.7854220350369414,9.551205905294248e-05,0.09511547862043222,1.8234107245739977e-05,411.6816330341855,0.0789214032954902,0.7767391798404141,9.362598934045336e-05,0.008682855196527395,1.8860697124891218e-06,0.2954782827371706,6.0126658688555956e-05,0.0019685218750618233,5.46870838394798e-07,569.9901663175406,0.07267605360796685,43.13079601579548,0.007759114524234296
23,0.07443994392473167,0.0,0.0,0.0,0.0,0.0,0.0,0.0,0.0,0.0,0.0,0.0,0.0,0.0042203374919671955,7.611709509590403e-07,0.3499700196129599,0.0008765492372033532,0.0,0.0
total,212.24450797141907,1.2051727042070923,0.00018555801088678664,0.14613779755681877,3.319541239352624e-05,632.5179457519611,0.14367736757069183,1.1924902777886284,0.00018240029907781974,0.012682426418464145,3.157711808966899e-06,0.4323557902198558,9.949488404431813e-05,0.006188859367029019,1.3080417893538384e-06,1065.613770538747,0.13910120467469697,63.25846143560149,0.013328476692091903
