fertile_kgm3,void_cell,cellfrom,leakage,leakage_stdev
750,99,"[22, 23]",0.05157007498449131,3.392009724137858e-05
750,98,[23],0.007562363297257498,9.813151978945758e-06
750,total,,0.05913243828174881,3.531105986268984e-05
