fertile_kgm3,leakage,leakage_stdev
100,0.0009726,9.99841654129996e-06
