cell,flux,"Li6(n,t)","Li6(n,t)_stdev","Li7(n,t)","Li7(n,t)_stdev",tbr,tbr_stdev,"Th232(n,fis)","Th232(n,fis)_stdev","Th232(n,g)","Th232(n,g)_stdev",U233_kg/yr
11,1.9432368854895976,0.0,0.0,0.0,0.0,0.0,0.0,0.0,0.0,0.0,0.0,0.0
21,23.641428496080472,0.0,0.0,0.0,0.0,0.0,0.0,0.0,0.0,0.0,0.0,0.0
31,62.090726501909366,0.4884248322946553,0.0008994070617262036,0.005152959387906302,1.9832189893764723e-05,0.49357779168256155,0.0009192392516199683,0.005152959387906302,1.9174230258445863e-06,6.494870366603243e-05,3.164179444083995e-07,0.281057184945909
22,0.5326998015726322,0.0,0.0,0.0,0.0,0.0,0.0,0.0,0.0,0.0,0.0,0.0
32,116.1112896540548,0.8936114883655529,0.00208269442798701,0.010680790369362404,1.8272846988858607e-05,0.9042922787349154,0.0021009672749758685,0.010680790369362404,3.939842667104971e-06,0.00011769993242568316,4.037471194698293e-07,0.5093313616540583
23,0.07039473016029756,0.0,0.0,0.0,0.0,0.0,0.0,0.0,0.0,0.0,0.0,0.0
total,204.38977606926719,1.3820363206602082,0.0029821014897132136,0.015833749757268707,3.810503688262333e-05,1.397870070417477,0.003020206526595837,0.015833749757268707,5.857265692949557e-06,0.00018264863609171559,7.201650638782289e-07,0.7903885465999674
