fertile_kgm3,void_cell,cellfrom,leakage,leakage_stdev
10,99,"[42, 44]",0.11445422820424768,4.482675058507327e-05
10,98,[44],0.05821689816785107,3.0035343683545093e-05
10,total,,0.17267112637209875,5.3958868021902004e-05
