fertile_kgm3,leakage,leakage_stdev
1,0.0010240000000000002,1.0676102597233214e-05
