cell,flux,"Li6(n,t)","Li6(n,t)_stdev","Li7(n,t)","Li7(n,t)_stdev",tbr,tbr_stdev,"Th232(n,fis)","Th232(n,fis)_stdev","Th232(n,g)","Th232(n,g)_stdev",U233_kg/yr
11,1.9437328620839924,0.0,0.0,0.0,0.0,0.0,0.0,0.0,0.0,0.0,0.0,0.0
21,23.647101291390683,0.0,0.0,0.0,0.0,0.0,0.0,0.0,0.0,0.0,0.0,0.0
31,62.07112588139321,0.4877583027410096,0.0008545215595614778,0.005148338500887208,2.0506407332061872e-05,0.4929066412418968,0.0008750279668935396,0.005148338500887208,1.9155990038281854e-05,0.0006444474920425762,2.5497366806859595e-06,2.7887638664859926
22,0.5333754479230527,0.0,0.0,0.0,0.0,0.0,0.0,0.0,0.0,0.0,0.0,0.0
32,116.06679107496412,0.8919888583129676,0.001915840488702389,0.010665166639418156,1.8647748658963504e-05,0.9026540249523858,0.0019344882373613524,0.010665166639418156,3.934249278313793e-05,0.0011679151749303264,3.673203874257612e-06,5.05400312544188
23,0.0698239270761246,0.0,0.0,0.0,0.0,0.0,0.0,0.0,0.0,0.0,0.0,0.0
total,204.33195048483117,1.3797471610539773,0.0027703620482638666,0.015813505140305363,3.915415599102538e-05,1.3955606661942825,0.0028095162042548923,0.015813505140305363,5.849848282141978e-05,0.0018123626669729026,6.2229405549435715e-06,7.842766991927872
