fertile_kgm3,void_cell,cellfrom,leakage,leakage_stdev
1000,99,[23],0.000843,3.695492750184575e-05
1000,total,,0.000843,3.695492750184575e-05
