cell,flux,"Li6(n,t)","Li6(n,t)_stdev","Li7(n,t)","Li7(n,t)_stdev",tbr,tbr_stdev,"Th232(n,fis)","Th232(n,fis)_stdev","Th232(n,g)","Th232(n,g)_stdev",U233_kg/yr,U233_kg/yr_stdev
11,2.122505774298893,0.0,0.0,0.0,0.0,0.0,0.0,0.0,0.0,0.0,0.0,0.0,0.0
21,10.687770526265556,0.0,0.0,0.0,0.0,0.0,0.0,0.0,0.0,0.0,0.0,0.0,0.0
31,21.024049903054955,0.07893839160111785,9.714539532030425e-05,0.019648750046480007,1.431845946004275e-05,0.09858714164759785,0.000111463854780347,3.360071370382086e-06,2.1582909057512332e-09,9.324910475298442e-05,5.212891854979946e-07,0.4035235409064323,0.0022558120909107015
22,29.038174986336116,0.0,0.0,0.0,0.0,0.0,0.0,0.0,0.0,0.0,0.0,0.0,0.0
32,170.55543580191147,0.9784328923172012,0.0009278046878703651,0.08882238561637636,8.666390578701368e-05,1.0672552779335776,0.0010144685936573788,1.5039247892375751e-05,1.4487007483569468e-08,0.0012703785557820727,2.4452393921775665e-06,5.497400264364201,0.010581459848962296
23,0.014191864338733423,0.0,0.0,0.0,0.0,0.0,0.0,0.0,0.0,0.0,0.0,0.0,0.0
total,233.44212885620573,1.0573712839183191,0.0010249500831906694,0.10847113566285636,0.00010098236524705643,1.1658424195811754,0.0011259324484377258,1.8399319262757837e-05,1.66452983893207e-08,0.001363627660535057,2.9665285776755614e-06,5.900923805270633,0.012837271939872998
