cell,flux,"Li6(n,t)","Li6(n,t)_stdev","Li7(n,t)","Li7(n,t)_stdev",tbr,tbr_stdev,"Th232(n,fis)","Th232(n,fis)_stdev","Th232(n,g)","Th232(n,g)_stdev",U233_kg/yr,U233_kg/yr_stdev
11,2.125295278661004,0.0,0.0,0.0,0.0,0.0,0.0,0.0,0.0,0.0,0.0,0.0,0.0
21,10.702996530319902,0.0,0.0,0.0,0.0,0.0,0.0,0.0,0.0,0.0,0.0,0.0,0.0
31,21.043041682946427,0.0745459378770778,0.00012383521605053804,0.01915986598714246,1.2327951265950563e-05,0.09370580386422027,0.0001361631673164886,0.0003277217518927382,1.8627479077607925e-07,0.007346455577516904,2.69265120512189e-05,31.790844272492095,0.11652102737018313
22,29.05793872686336,0.0,0.0,0.0,0.0,0.0,0.0,0.0,0.0,0.0,0.0,0.0,0.0
32,169.62500945341287,0.9034365291551179,0.0007254768461743111,0.08595760826191173,7.353218410631064e-05,0.9893941374170296,0.0007990090302806218,0.001456139613476464,1.2488540524663893e-06,0.0873333321066149,0.00011666463959566642,377.92379352243347,0.5048512647163982
23,0.01322398337391833,0.0,0.0,0.0,0.0,0.0,0.0,0.0,0.0,0.0,0.0,0.0,0.0
total,232.56750565557746,0.9779824670321957,0.0008493120622248492,0.1051174742490542,8.58601353722612e-05,1.0830999412812499,0.0009351721975971104,0.0017838613653692022,1.4351288432424684e-06,0.0946797876841318,0.00014359115164688533,409.7146377949256,0.6213722920865813
