fertile_kgm3,void_cell,cellfrom,leakage,leakage_stdev
25,99,[23],0.0010110000000000002,3.663104330118546e-05
25,total,,0.0010110000000000002,3.663104330118546e-05
