cell,flux,"Li6(n,t)","Li6(n,t)_stdev","Li7(n,t)","Li7(n,t)_stdev",tbr,tbr_stdev,"Th232(n,fis)","Th232(n,fis)_stdev","Th232(n,g)","Th232(n,g)_stdev",U233_kg/yr
11,2.0989960323656023,0.0,0.0,0.0,0.0,0.0,0.0,0.0,0.0,0.0,0.0,0.0
21,10.552013462156806,0.0,0.0,0.0,0.0,0.0,0.0,0.0,0.0,0.0,0.0,0.0
31,20.708067249820996,0.0788062999468407,0.00010279394776865852,0.0188144740790206,1.6178959238505247e-05,0.0976207740258613,0.00011897290700716376,0.0188144740790206,0.00038890984248184134,0.007842147183888367,2.4339736225511838e-05,33.93588612281836
22,28.547334761221936,0.0,0.0,0.0,0.0,0.0,0.0,0.0,0.0,0.0,0.0,0.0
32,163.54756146036982,0.9084314145478389,0.0008873650851040349,0.08423882903735713,0.00011361331718146538,0.9926702435851961,0.0010009784022855003,0.08423882903735713,0.0017247357052070998,0.0886154461142973,0.0001276900438795458,383.47197744973465
23,0.012267031921844768,0.0,0.0,0.0,0.0,0.0,0.0,0.0,0.0,0.0,0.0,0.0
total,225.46623999785703,0.9872377144946797,0.0009901590328726935,0.10305330311637773,0.00012979227641997062,1.0902910176110574,0.001119951309292664,0.10305330311637773,0.002113645547688941,0.09645759329818566,0.00015202978010505762,417.407863572553
