fertile_kgm3,void_cell,cellfrom,leakage,leakage_stdev
50.0,99,[23],0.0010031999999999999,1.1516763144797374e-05
50.0,total,,0.0010031999999999999,1.1516763144797374e-05
