fertile_kgm3,void_cell,cellfrom,leakage,leakage_stdev
25,99,"[42, 44]",0.11456795458046246,4.979638266598822e-05
25,98,[44],0.058254969830089695,1.8058639754274444e-05
25,total,,0.17282292441055214,5.2969747935894446e-05
