fertile_kgm3,void_cell,cellfrom,leakage,leakage_stdev
0.5,99,[23],0.00100752,3.5960603443202504e-06
0.5,total,,0.00100752,3.5960603443202504e-06
