cell,flux,tbr,tbr_stdev,"U238(n,g)","U238(n,g)_stdev","Th232(n,g)","Th232(n,g)_stdev",Pu239_kg/yr,Pu239_kg/yr_stdev,U233_kg/yr,U233_kg/yr_stdev,"Li6(n,t)","Li6(n,t)_stdev","Li7(n,t)","Li7(n,t)_stdev","Be9(n,2n)","Be9(n,2n)_stdev","Pb(n,2n)","Pb(n,2n)_stdev","tot(n,fis)","tot(n,fis)_stdev",heating [MW],heating_stdev,fisq [MW],fisq_stdev
11,2.34276855516635,0.0,0.0,0.0,0.0,0.0,0.0,0.0,0.0,0.0,0.0,0.0,0.0,0.0,0.0,0.0,0.0,0.0,0.0,0.0,0.0,48.38953062124644,0.009881610214260919,0.0,0.0
41,11.838929006111233,0.0,0.0,0.0,0.0,0.0,0.0,0.0,0.0,0.0,0.0,0.0,0.0,0.0,0.0,0.12049969850176101,1.4927428674319782e-05,0.0,0.0,0.0,0.0,45.246801359228066,0.004196859155886597,0.0,0.0
21,11.319121081907724,0.0,0.0,0.0,0.0,0.0,0.0,0.0,0.0,0.0,0.0,0.0,0.0,0.0,0.0,0.0,0.0,0.0,0.0,0.0,0.0,66.28790845277146,0.006753003751773745,0.0,0.0
31,21.473449650911054,0.13317623385251495,3.262258325297082e-05,0.0,0.0,6.150247478308142e-05,4.292019608519848e-08,0.0,0.0,0.26619683380223014,0.00018576846451053133,0.11422383992612246,3.052130410799306e-05,0.018952393926392485,2.1012791449777596e-06,0.019035352655966453,2.109069490388373e-06,0.0,0.0,0.0,0.0,94.41023880036282,0.010256484144469198,0.014331806834643463,1.2086410886510544e-06
22,28.781821316907028,0.0,0.0,0.0,0.0,0.0,0.0,0.0,0.0,0.0,0.0,0.0,0.0,0.0,0.0,0.0,0.0,0.0,0.0,1.4092257824189911e-06,1.1763579176543215e-10,141.91045382765756,0.012471104528996847,0.0,0.0
32,160.07398546864442,1.060552766605558,9.647156171955869e-05,0.0,0.0,0.0005648526391614457,1.4393154708492193e-07,0.0,0.0,2.4448119305757303,0.0006229687870837122,0.979160391557113,7.991648476566192e-05,0.08139237504844521,1.6555076953896763e-05,0.08709620460582614,1.477455235071347e-05,0.0,0.0,6.0677630742717394e-06,9.631679488342817e-10,543.486300060957,0.052878049802419475,0.06216884642835768,9.772972732848093e-06
23,0.012206227454611385,0.0,0.0,0.0,0.0,0.0,0.0,0.0,0.0,0.0,0.0,0.0,0.0,0.0,0.0,0.0,0.0,0.0,0.0,0.0,0.0,0.037561091821431754,0.0002084303816029669,0.0,0.0
total,235.84228130710244,1.193729000458073,0.0001290941449725295,0.0,0.0,0.0006263551139445271,1.868517431701204e-07,0.0,0.0,2.7110087643779606,0.0008087372515942436,1.0933842314832354,0.00011043778887365498,0.1003447689748377,1.865635609887452e-05,0.22663125576355359,3.181105051542162e-05,0.0,0.0,7.476988856690731e-06,1.080803740599714e-09,939.7687942140448,0.09664554197940975,0.07650065326300115,1.0981613821499146e-05
