fertile_kgm3,void_cell,cellfrom,leakage,leakage_stdev
0.5,99,[23],0.00100726,3.6286613693387827e-06
0.5,total,,0.00100726,3.6286613693387827e-06
