fertile_kgm3,void_cell,cellfrom,leakage,leakage_stdev
100,99,[23],0.0009893600000000003,3.878334049559484e-06
100,total,,0.0009893600000000003,3.878334049559484e-06
