cell,flux,"Li6(n,t)","Li6(n,t)_stdev","Li7(n,t)","Li7(n,t)_stdev",tbr,tbr_stdev,"U238(n,fis)","U238(n,fis)_stdev","U238(n,g)","U238(n,g)_stdev",Pu239_kg/yr
11,3.10805912354031,0.0,0.0,0.0,0.0,0.0,0.0,0.0,0.0,0.0,0.0,0.0
21,10.44557135166249,0.0,0.0,0.0,0.0,0.0,0.0,0.0,0.0,0.0,0.0,0.0
31,20.53983924559181,0.07933546792186483,0.00023599137477556845,0.019224977561560507,2.1783675589307172e-05,0.09856044548342534,0.0002577750503648756,0.019224977561560507,2.939772962036156e-05,0.0002208954976460929,2.272660751868135e-06,0.9805595086101918
22,28.260068931607076,0.0,0.0,0.0,0.0,0.0,0.0,0.0,0.0,0.0,0.0,0.0
32,164.66670833099872,0.9900837186499961,0.0010617726971119065,0.08480231068307353,9.724772363278442e-05,1.0748860293330695,0.001159020420744691,0.08480231068307353,0.00013132552806227233,0.0032885643979997186,1.6555097736574317e-05,14.598002786375991
23,0.01418375323301429,0.0,0.0,0.0,0.0,0.0,0.0,0.0,0.0,0.0,0.0,0.0
total,227.03443073663342,1.069419186571861,0.001297764071887475,0.10402728824463404,0.00011903139922209159,1.1734464748164948,0.0014167954711095665,0.10402728824463404,0.0001607232576826339,0.0035094598956458114,1.882775848844245e-05,15.578562294986183
