cell,flux,"Li6(n,t)","Li6(n,t)_stdev","Li7(n,t)","Li7(n,t)_stdev",tbr,tbr_stdev,"U238(n,fis)","U238(n,fis)_stdev","U238(n,g)","U238(n,g)_stdev",Pu239_kg/yr
11,3.134677994867368,0.0,0.0,0.0,0.0,0.0,0.0,0.0,0.0,0.0,0.0,0.0
21,10.53275648292733,0.0,0.0,0.0,0.0,0.0,0.0,0.0,0.0,0.0,0.0,0.0
31,20.69643943536106,0.07727660567951392,0.0002112276271077351,0.018885636168075183,2.2179717049885e-05,0.09616224184758909,0.0002334073441576201,0.018885636168075183,0.0008672546520321168,0.004770302287758448,3.60735364556051e-05,21.175466757138913
22,28.487967169098674,0.0,0.0,0.0,0.0,0.0,0.0,0.0,0.0,0.0,0.0,0.0
32,166.00168368802028,0.9490961742095628,0.0012714566259120228,0.08280898272859058,0.00010251646673822724,1.0319051569381534,0.00137397309265025,0.08280898272859058,0.0038602179649812607,0.060254164043963554,0.0001618924717501701,267.4694329049935
23,0.013490423687849206,0.0,0.0,0.0,0.0,0.0,0.0,0.0,0.0,0.0,0.0,0.0
total,228.86701519396254,1.0263727798890767,0.0014826842530197579,0.10169461889666576,0.00012469618378811224,1.1280673987857426,0.00160738043680787,0.10169461889666576,0.004727472617013378,0.065024466331722,0.00019796600820577522,288.6448996621324
