cell,flux,tbr,tbr_stdev,"U238(n,g)","U238(n,g)_stdev","Th232(n,g)","Th232(n,g)_stdev","U235(n,inel)","U235(n,inel)_stdev","U238(n,inel)","U238(n,inel)_stdev","Th232(n,inel)","Th232(n,inel)_stdev","U235(n,el)","U235(n,el)_stdev","U238(n,el)","U238(n,el)_stdev","Th232(n,el)","Th232(n,el)_stdev","Li6(n,el)","Li6(n,el)_stdev","Li7(n,el)","Li7(n,el)_stdev","Be9(n,el)","Be9(n,el)_stdev","Pb(n,el)","Pb(n,el)_stdev",Pu239_kg/yr,Pu239_kg/yr_stdev,U233_kg/yr,U233_kg/yr_stdev,"Li6(n,t)","Li6(n,t)_stdev","Li7(n,t)","Li7(n,t)_stdev","Be9(n,2n)","Be9(n,2n)_stdev","Pb(n,2n)","Pb(n,2n)_stdev","tot(n,fis)","tot(n,fis)_stdev","tot(n,nufis)","tot(n,nufis)_stdev",heating [MW],heating_stdev,fisq [MW],fisq_stdev
31,21.479645471320815,0.13316351764519718,7.134181804732517e-05,0.0,0.0,1.2309106463430079e-05,2.1468979588769808e-08,0.0,0.0,0.0,0.0,7.317518471587702e-05,3.4558718639784e-08,0.0,0.0,0.0,0.0,0.0,0.0,0.0,0.0,0.0,0.0,0.0,0.0,0.0,0.0,0.0,0.0,0.05327663933941434,9.292267362657979e-05,0.11421999532796427,6.444240269216914e-05,0.01894352231723291,6.899415355156039e-06,0.019027391133145766,7.167116787398482e-06,0.0,0.0,2.816953993655658e-07,8.618716220599367e-11,9.805647428426656e-07,2.704930219691412e-10,94.35899617931183,0.02912174932871603,0.0028648178586677775,8.910253908733689e-07
32,160.07488633897228,1.0612265469191964,0.00035261496742752807,0.0,0.0,0.0001132919228144272,1.1383089510726456e-07,0.0,0.0,0.0,0.0,0.0006235777140774186,2.047690983802253e-07,0.0,0.0,0.0,0.0,0.0,0.0,0.0,0.0,0.0,0.0,0.0,0.0,0.0,0.0,0.0,0.0,0.490353457400437,0.0004926862532491644,0.9798376566602879,0.00030844573137055447,0.0813888902589085,4.416923605697359e-05,0.08710314565094475,4.358017470551664e-05,0.0,0.0,1.2134160078957423e-06,5.853139082047985e-10,3.9923816105018925e-06,1.9967375426173724e-09,543.4541072213195,0.13561802761319233,0.012432503837422362,5.972404604931799e-06
total,181.5545318102931,1.1943900645643937,0.00042395678547485326,0.0,0.0,0.0001256010292778573,1.3529987469603436e-07,0.0,0.0,0.0,0.0,0.0006967528987932956,2.393278170200093e-07,0.0,0.0,0.0,0.0,0.0,0.0,0.0,0.0,0.0,0.0,0.0,0.0,0.0,0.0,0.0,0.0,0.5436300967398513,0.0005856089268757442,1.0940576519882521,0.00037288813406272363,0.10033241257614141,5.1068651412129634e-05,0.10613053678409051,5.0747291492915126e-05,0.0,0.0,1.495111407261308e-06,6.715010704107922e-10,4.972946353344558e-06,2.2672305645865137e-09,637.8131034006313,0.16473977694190836,0.01529732169609014,6.863429995805167e-06
