fertile_kgm3,void_cell,cellfrom,leakage,leakage_stdev
0.1,99,[23],0.001027,1.0521802760618263e-05
0.1,total,,0.001027,1.0521802760618263e-05
