cell,flux,"Li6(n,t)","Li6(n,t)_stdev","Li7(n,t)","Li7(n,t)_stdev",tbr,tbr_stdev,"U238(n,fis)","U238(n,fis)_stdev","U238(n,g)","U238(n,g)_stdev",Pu239_kg/yr
11,2.135549503265783,0.0,0.0,0.0,0.0,0.0,0.0,0.0,0.0,0.0,0.0,0.0
21,10.73306000011212,0.0,0.0,0.0,0.0,0.0,0.0,0.0,0.0,0.0,0.0,0.0
31,21.09918743472844,0.07957959823448478,0.0001287560483733347,0.01959912824733028,1.991609093615765e-05,0.09917872648181505,0.00014867213930949233,0.01959912824733028,7.410593258290387e-05,0.0006527171284735433,6.8543527167909e-06,2.897424318638183
22,29.109117037563898,0.0,0.0,0.0,0.0,0.0,0.0,0.0,0.0,0.0,0.0,0.0
32,170.68391384817568,0.9753099921728264,0.0012071477554594487,0.08867053624989853,0.00012833788511356235,1.063980528422725,0.001335485640573011,0.08867053624989853,0.00033803658818744325,0.009034821520503502,5.298967328268649e-05,40.10575247087837
23,0.0140303186674683,0.0,0.0,0.0,0.0,0.0,0.0,0.0,0.0,0.0,0.0,0.0
total,233.77485814251338,1.0548895904073112,0.0013359038038327834,0.1082696644972288,0.00014825397604972,1.1631592549045402,0.0014841577798825035,0.1082696644972288,0.0004121425207703471,0.009687538648977045,5.984402599947739e-05,43.00317678951655
