cell,flux,"Li6(n,t)","Li6(n,t)_stdev","Li7(n,t)","Li7(n,t)_stdev",tbr,tbr_stdev,"U238(n,fis)","U238(n,fis)_stdev","U238(n,g)","U238(n,g)_stdev",Pu239_kg/yr
11,3.1954047401073264,0.0,0.0,0.0,0.0,0.0,0.0,0.0,0.0,0.0,0.0,0.0
21,10.745958591482973,0.0,0.0,0.0,0.0,0.0,0.0,0.0,0.0,0.0,0.0,0.0
31,21.13508295307568,0.0742045004748478,0.00015291237988984663,0.019119472117995206,2.24014796304567e-05,0.09332397259284302,0.00017531385952030334,0.019119472117995206,0.000867466228485091,0.005040757211544809,3.285421495611363e-05,22.376021544335373
22,29.126159396478585,0.0,0.0,0.0,0.0,0.0,0.0,0.0,0.0,0.0,0.0,0.0
32,172.57828263342597,0.9443086063587061,0.0010893462652622993,0.083915365561516,0.0001045036484424403,1.028223971920222,0.0011938499137047396,0.083915365561516,0.003865440244323394,0.06279640498101631,0.000162039709724901,278.7544910006502
23,0.014945052794102881,0.0,0.0,0.0,0.0,0.0,0.0,0.0,0.0,0.0,0.0,0.0
total,236.79583336736462,1.0185131068335538,0.0012422586451521459,0.10303483767951122,0.000126905128072897,1.121547944513065,0.0013691637732250429,0.10303483767951122,0.004732906472808485,0.06783716219256111,0.00019489392468101464,301.13051254498555
