cell,flux,"Li6(n,t)","Li6(n,t)_stdev","Li7(n,t)","Li7(n,t)_stdev",tbr,tbr_stdev,"U238(n,fis)","U238(n,fis)_stdev","U238(n,g)","U238(n,g)_stdev",Pu239_kg/yr
11,3.10651981187584,0.0,0.0,0.0,0.0,0.0,0.0,0.0,0.0,0.0,0.0,0.0
21,10.44733818694306,0.0,0.0,0.0,0.0,0.0,0.0,0.0,0.0,0.0,0.0,0.0
31,20.534690290454588,0.07949338483825742,0.0002592228307575368,0.019238799994390383,2.104801563117194e-05,0.09873218483264781,0.00028027084638870874,0.019238799994390383,0.0,0.0,0.0,0.0
22,28.240694156155065,0.0,0.0,0.0,0.0,0.0,0.0,0.0,0.0,0.0,0.0,0.0
32,164.65232462925152,0.9926393260328613,0.0010570852536407284,0.08485349365864484,9.111841256103474e-05,1.0774928196915061,0.001148203666201763,0.08485349365864484,0.0,0.0,0.0,0.0
23,0.014241700006041594,0.0,0.0,0.0,0.0,0.0,0.0,0.0,0.0,0.0,0.0,0.0
total,226.9958087746861,1.0721327108711187,0.0013163080843982653,0.10409229365303521,0.00011216642819220668,1.176225004524154,0.0014284745125904717,0.10409229365303521,0.0,0.0,0.0,0.0
