fertile_kgm3,void_cell,cellfrom,leakage,leakage_stdev
150,99,[23],0.001001,3.1174241503737435e-05
150,total,,0.001001,3.1174241503737435e-05
