fertile_kgm3,void_cell,cellfrom,leakage,leakage_stdev
100,99,[23],0.0009869999999999998,2.9760152329359667e-05
100,total,,0.0009869999999999998,2.9760152329359667e-05
