cell,flux,"Li6(n,t)","Li6(n,t)_stdev","Li7(n,t)","Li7(n,t)_stdev",tbr,tbr_stdev,"U238(n,fis)","U238(n,fis)_stdev","U238(n,g)","U238(n,g)_stdev",Pu239_kg/yr
11,2.1389087531336033,0.0,0.0,0.0,0.0,0.0,0.0,0.0,0.0,0.0,0.0,0.0
21,10.758393242283356,0.0,0.0,0.0,0.0,0.0,0.0,0.0,0.0,0.0,0.0,0.0
31,21.156574734348425,0.07791866403248993,0.00023987598358282184,0.019389129941401777,1.9048058513149852e-05,0.0973077939738917,0.0002589240420959717,0.019389129941401777,0.0005869485176084792,0.003902302666004166,4.1984695488377104e-05,17.322399167935085
22,29.222893187723987,0.0,0.0,0.0,0.0,0.0,0.0,0.0,0.0,0.0,0.0,0.0
32,171.41873797949063,0.9471351880828405,0.00047607342751589994,0.0873469830206032,0.0001176321149260626,1.0344821711034438,0.0005937055424419626,0.0873469830206032,0.0026709067943729526,0.04670454022603321,0.00020608138344056215,207.32238321704918
23,0.014351527507781726,0.0,0.0,0.0,0.0,0.0,0.0,0.0,0.0,0.0,0.0,0.0
total,234.7098594244878,1.0250538521153305,0.0007159494110987218,0.10673611296200498,0.00013668017343921245,1.1317899650773355,0.0008526295845379343,0.10673611296200498,0.0032578553119814316,0.050606842892037374,0.00024806607892893925,224.64478238498427
