cell,flux,tbr,tbr_stdev,"U238(n,g)","U238(n,g)_stdev","Th232(n,g)","Th232(n,g)_stdev","U235(n,inel)","U235(n,inel)_stdev","U238(n,inel)","U238(n,inel)_stdev","Th232(n,inel)","Th232(n,inel)_stdev","U235(n,el)","U235(n,el)_stdev","U238(n,el)","U238(n,el)_stdev","Th232(n,el)","Th232(n,el)_stdev","Li6(n,el)","Li6(n,el)_stdev","Li7(n,el)","Li7(n,el)_stdev","Be9(n,el)","Be9(n,el)_stdev","Pb(n,el)","Pb(n,el)_stdev",Pu239_kg/yr,Pu239_kg/yr_stdev,U233_kg/yr,U233_kg/yr_stdev,"Li6(n,t)","Li6(n,t)_stdev","Li7(n,t)","Li7(n,t)_stdev","Be9(n,2n)","Be9(n,2n)_stdev","Pb(n,2n)","Pb(n,2n)_stdev","tot(n,fis)","tot(n,fis)_stdev","tot(n,nufis)","tot(n,nufis)_stdev",heating [MW],heating_stdev,fisq [MW],fisq_stdev
31,21.47555062038161,0.12489156108927435,7.51206619559826e-05,0.0,0.0,0.013653028855533671,2.4423281830930395e-05,0.0,0.0,0.0,0.0,0.10393350294575365,4.5986687040620125e-05,0.0,0.0,0.0,0.0,0.0,0.0,0.0,0.0,0.0,0.0,0.0,0.0,0.0,0.0,0.0,0.0,59.093444060129535,0.10570957213321214,0.10656261250261531,6.866600686156566e-05,0.01832894858665903,6.454655094416935e-06,0.01840768126991354,6.652285305360224e-06,0.0,0.0,0.00042163284250647416,1.2168761949950628e-07,0.0014680123217593152,3.9762243405169175e-07,100.22368301984989,0.030021749524467404,4.287838861830056,0.0012522755557817591
32,158.4129067744346,0.9591890510935217,0.00032333529544485164,0.0,0.0,0.10897835444594586,5.260103610778539e-05,0.0,0.0,0.0,0.0,0.8490164391760998,0.0001757613661512212,0.0,0.0,0.0,0.0,0.0,0.0,0.0,0.0,0.0,0.0,0.0,0.0,0.0,0.0,0.0,0.0,471.683342967984,0.2276693631596935,0.8813839022714509,0.0002852759099509425,0.07780514882207085,3.8059385493909156e-05,0.08323392928756865,3.757731026786345e-05,0.0,0.0,0.001795079406223405,8.019994694603745e-07,0.0059104285384174084,2.7222611837733145e-06,561.0730963319603,0.11925018861343303,18.39048383321055,0.008191547400169903
total,179.88845739481621,1.0840806121827962,0.0003984559574008342,0.0,0.0,0.12263138330147953,7.702431793871579e-05,0.0,0.0,0.0,0.0,0.9529499421218535,0.00022174805319184133,0.0,0.0,0.0,0.0,0.0,0.0,0.0,0.0,0.0,0.0,0.0,0.0,0.0,0.0,0.0,0.0,530.7767870281135,0.33337893529290563,0.9879465147740663,0.00035394191681250816,0.09613409740872988,4.451404058832609e-05,0.10164161055748219,4.422959557322367e-05,0.0,0.0,0.002216712248729879,9.236870889598807e-07,0.007378440860176723,3.1198836178250064e-06,661.2967793518102,0.14927193813790043,22.678322695040606,0.009443822955951663
