fertile_kgm3,void_cell,cellfrom,leakage,leakage_stdev
150.0,99,[23],0.0009256000000000002,1.1666619047520996e-05
150.0,total,,0.0009256000000000002,1.1666619047520996e-05
