fertile_kgm3,void_cell,cellfrom,leakage,leakage_stdev
0.0,99,"[22, 23]",0.05025991229459811,3.0267132666781407e-05
0.0,98,[23],0.0075437914202674695,8.727537955063782e-06
0.0,total,,0.057803703714865574,3.150030537352971e-05
