cell,flux,tbr,tbr_stdev,"U238(n,g)","U238(n,g)_stdev",Pu239_kg/yr,Pu239_kg/yr_stdev,"Li6(n,t)","Li6(n,t)_stdev","Li7(n,t)","Li7(n,t)_stdev","U238(n,fis)","U238(n,fis)_stdev",heating [MW],heating_stdev,fisq [MW],fisq_stdev
11,1.9427405222032288,0.0,0.0,0.0,0.0,0.0,0.0,0.0,0.0,0.0,0.0,0.0,0.0,27.506914544012776,0.004516148005935462,0.0,0.0
21,23.705779448018816,0.0,0.0,0.0,0.0,0.0,0.0,0.0,0.0,0.0,0.0,0.0,0.0,181.3216345126325,0.01367691633828025,0.0,0.0
31,61.42748412821925,0.4875520506976938,0.00010255542722856338,0.0,0.0,0.0,0.0,0.48270642566867394,0.00010073703441594681,0.0048456250290198595,1.8183928126165705e-06,0.0,0.0,270.97973056771855,0.05369541653717688,0.0,0.0
22,0.5407758604292179,0.0,0.0,0.0,0.0,0.0,0.0,0.0,0.0,0.0,0.0,0.0,0.0,2.715011531592728,0.0028550124607074376,0.0,0.0
32,118.38510181008158,0.9169277212073217,0.000161835930763368,0.0,0.0,0.0,0.0,0.906380077089816,0.00015999010714278663,0.010547644117505623,1.8458236205813734e-06,0.0,0.0,541.6584464827977,0.07285692828610338,0.0,0.0
23,0.07330411786264138,0.0,0.0,0.0,0.0,0.0,0.0,0.0,0.0,0.0,0.0,0.0,0.0,0.3733064821575119,0.0007837402707210428,0.0,0.0
total,206.07518588681475,1.4044797719050155,0.0002643913579919314,0.0,0.0,0.0,0.0,1.38908650275849,0.00026072714155873347,0.015393269146525484,3.664216433197944e-06,0.0,0.0,1024.5550441209116,0.14838416189892445,0.0,0.0
