fertile_kgm3,void_cell,cellfrom,leakage,leakage_stdev
0.0,99,"[22, 23]",0.0502516707817223,3.249993557171953e-05
0.0,98,[23],0.007542114518664881,8.835886579858083e-06
0.0,total,,0.05779378530038719,3.3679648213988766e-05
