fertile_kgm3,void_cell,cellfrom,leakage,leakage_stdev
5000.0,99,[23],0.0007928000000000002,1.3601715578068172e-05
5000.0,total,,0.0007928000000000002,1.3601715578068172e-05
