fertile_kgm3,void_cell,cellfrom,leakage,leakage_stdev
999.99,99,"[22, 23]",0.052110482097693624,2.8544747184856176e-05
999.99,98,[23],0.007602491151247288,8.473104219406429e-06
999.99,total,,0.05971297324894091,2.977576341523887e-05
