fertile_kgm3,void_cell,cellfrom,leakage,leakage_stdev
999.99,99,"[22, 23]",0.05207870674377303,0.00010264058430902126
999.99,98,[23],0.0076113362425316525,1.832066806880273e-05
999.99,total,,0.05969004298630468,0.00010426282379537084
