cell,flux,tbr,tbr_stdev,"Th232(n,g)","Th232(n,g)_stdev",U233_kg/yr,U233_kg/yr_stdev,"Li6(n,t)","Li6(n,t)_stdev","Li7(n,t)","Li7(n,t)_stdev","Be9(n,2n)","Be9(n,2n)_stdev","tot(n,fis)","tot(n,fis)_stdev",heating [MW],heating_stdev,fisq [MW],fisq_stdev
11,1.9935406312999104,0.0,0.0,0.0,0.0,0.0,0.0,0.0,0.0,0.0,0.0,0.0,0.0,0.0,0.0,27.485925400768323,0.005861145244629344,0.0,0.0
21,24.34137810118222,0.0,0.0,0.0,0.0,0.0,0.0,0.0,0.0,0.0,0.0,0.0,0.0,0.0,0.0,180.57263051160535,0.014329129309610647,0.0,0.0
31,64.40722113151256,0.4037976113639626,8.662141376899182e-05,0.06243767623164795,2.0932926476520887e-05,270.2446004238776,0.09060251266177666,0.40001955485300816,8.546115905931361e-05,0.003778056510954431,1.1602547096782045e-06,0.12933392969848745,3.4999716132291917e-05,0.0,0.0,288.0773380445004,0.057402706489303165,25.405732041149083,0.006809285670137499
22,0.5660632181108683,0.0,0.0,0.0,0.0,0.0,0.0,0.0,0.0,0.0,0.0,0.0,0.0,0.0,0.0,2.55306031743822,0.002575863783351971,0.0,0.0
32,123.0300480062074,0.7545350005036265,9.965002386417403e-05,0.11622089970003872,2.2467946479901568e-05,503.03074194841076,0.09724643172624058,0.7463379176568892,9.80324080694402e-05,0.00819708284673732,1.617615794733836e-06,0.2790027755434758,5.432488058166014e-05,0.0024849134003507595,6.678052822781058e-07,577.4237693133218,0.0777872501711794,54.3973706906447,0.009213473495866768
23,0.07494760719139267,0.0,0.0,0.0,0.0,0.0,0.0,0.0,0.0,0.0,0.0,0.0,0.0,0.005323265833235753,9.03475853891944e-07,0.34511560342835024,0.000884974063116638,0.0,0.0
total,214.41319869550435,1.1583326118675892,0.00018627143763316585,0.17865857593168666,4.340087295642245e-05,773.2753423722884,0.18784894438801725,1.1463574725098973,0.0001834935671287538,0.01197513935769175,2.7778705044120407e-06,0.40833670524196325,8.932459671395205e-05,0.007808179233586512,1.5712811361700498e-06,1076.4578391910625,0.15884106906119116,79.80310273179379,0.016022759166004267
