cell,flux,tbr,tbr_stdev,"U238(n,g)","U238(n,g)_stdev","Th232(n,g)","Th232(n,g)_stdev",Pu239_kg/yr,Pu239_kg/yr_stdev,U233_kg/yr,U233_kg/yr_stdev,"Li6(n,t)","Li6(n,t)_stdev","Li7(n,t)","Li7(n,t)_stdev","Be9(n,2n)","Be9(n,2n)_stdev","Pb(n,2n)","Pb(n,2n)_stdev","tot(n,fis)","tot(n,fis)_stdev",heating [MW],heating_stdev,fisq [MW],fisq_stdev
11,1.9933837556466247,0.0,0.0,0.0,0.0,0.0,0.0,0.0,0.0,0.0,0.0,0.0,0.0,0.0,0.0,0.0,0.0,0.0,0.0,0.0,0.0,27.477058822042977,0.005656446044481077,0.0,0.0
21,24.340667437847316,0.0,0.0,0.0,0.0,0.0,0.0,0.0,0.0,0.0,0.0,0.0,0.0,0.0,0.0,0.0,0.0,0.0,0.0,0.0,0.0,180.57637085513397,0.014046813576245935,0.0,0.0
31,64.4106816193022,0.40380462297026515,8.748754999734389e-05,0.0,0.0,0.06244650744845282,1.515771172722813e-05,0.0,0.0,270.2828239581397,0.06560605705227691,0.40002630111934784,8.627965564433747e-05,0.0037783218509172883,1.2078943530064282e-06,0.1293413575513447,3.733661417882806e-05,0.0,0.0,0.0,0.0,288.08870073281753,0.05906075316787042,25.40591732907682,0.007025047064322921
22,0.566162699067219,0.0,0.0,0.0,0.0,0.0,0.0,0.0,0.0,0.0,0.0,0.0,0.0,0.0,0.0,0.0,0.0,0.0,0.0,0.0,0.0,2.553103501672907,0.0027811060003292186,0.0,0.0
32,123.01866953827111,0.7543939334849018,0.00010426743018294184,0.0,0.0,0.1161743505512382,1.7921754429761223e-05,0.0,0.0,502.8292665432244,0.07756946858170813,0.74619728383623,0.00010268139264077444,0.008196649648671872,1.5860375421673972e-06,0.2789906160624206,5.352285473771725e-05,0.0,0.0,0.002484933745010609,6.888312003068379e-07,577.3598407552852,0.0733042597393472,54.39536456865513,0.009250111322824429
23,0.07491889252478551,0.0,0.0,0.0,0.0,0.0,0.0,0.0,0.0,0.0,0.0,0.0,0.0,0.0,0.0,0.0,0.0,0.0,0.0,0.00532307118265159,9.070041564638479e-07,0.3444479226744258,0.0008966970422857918,0.0,0.0
total,214.40448394265925,1.158198556455167,0.0001917549801802857,0.0,0.0,0.17862085799969102,3.307946615698935e-05,0.0,0.0,773.112090501364,0.14317552563398506,1.1462235849555777,0.0001889610482851119,0.01197497149958916,2.7939318951738254e-06,0.4083319736137653,9.085946891654531e-05,0.0,0.0,0.007808004927662199,1.5958353567706858e-06,1076.399522589627,0.15574607557055964,79.80128189773195,0.01627515838714735
