cell,flux,"Li6(n,t)","Li6(n,t)_stdev","Li7(n,t)","Li7(n,t)_stdev",tbr,tbr_stdev,"U238(n,fis)","U238(n,fis)_stdev","U238(n,g)","U238(n,g)_stdev",Pu239_kg/yr
11,3.105023283738177,0.0,0.0,0.0,0.0,0.0,0.0,0.0,0.0,0.0,0.0,0.0
21,10.437943889736847,0.0,0.0,0.0,0.0,0.0,0.0,0.0,0.0,0.0,0.0,0.0
31,20.499932771777708,0.07924816407053034,4.737331489320706e-05,0.018949586329756123,4.713756586780981e-06,0.09819775040028647,5.208707147998804e-05,0.018949586329756123,0.0001450568489104055,0.0010106767832248754,2.907598635570645e-06,4.486414347432681
22,28.237662422796824,0.0,0.0,0.0,0.0,0.0,0.0,0.0,0.0,0.0,0.0,0.0
32,164.7246307663441,0.9776227947045626,0.0004500732816400222,0.08538657703284804,4.878657654318819e-05,1.0630093717374107,0.0004988598581832104,0.08538657703284804,0.0006603222761799318,0.014354052343404842,1.564356818556209e-05,63.71792391606029
23,0.013796240258643299,0.0,0.0,0.0,0.0,0.0,0.0,0.0,0.0,0.0,0.0,0.0
total,227.01898937465228,1.0568709587750929,0.0004974465965332292,0.10433616336260415,5.3500333129969166e-05,1.1612071221376972,0.0005509469296631985,0.10433616336260415,0.0008053791250903372,0.015364729126629718,1.8551166821132733e-05,68.20433826349297
