cell,flux,"Li6(n,t)","Li6(n,t)_stdev","Li7(n,t)","Li7(n,t)_stdev",tbr,tbr_stdev,"U238(n,fis)","U238(n,fis)_stdev","U238(n,g)","U238(n,g)_stdev",Pu239_kg/yr
11,1.9431201933029687,0.0,0.0,0.0,0.0,0.0,0.0,0.0,0.0,0.0,0.0,0.0
21,23.631967915964474,0.0,0.0,0.0,0.0,0.0,0.0,0.0,0.0,0.0,0.0,0.0
31,62.08969158646512,0.48834136674676626,0.0007584619853670054,0.005152025640553156,1.9983725524131944e-05,0.49349339238731943,0.0007784457108911374,0.005152025640553156,2.1568396829501753e-06,2.3143027575555834e-05,1.6810295016171573e-07,0.10273235982200443
22,0.5329537196424011,0.0,0.0,0.0,0.0,0.0,0.0,0.0,0.0,0.0,0.0,0.0
32,116.111055103791,0.8941761613004584,0.0018501324430317515,0.010684612095201173,1.8343661393420172e-05,0.9048607733956596,0.0018684761044251716,0.010684612095201173,4.4195091380578664e-06,4.23339429636385e-05,2.1602801689946835e-07,0.18792121501934778
23,0.07019850967343372,0.0,0.0,0.0,0.0,0.0,0.0,0.0,0.0,0.0,0.0,0.0
total,204.37898702883942,1.3825175280472246,0.002608594428398757,0.01583663773575433,3.8327386917552116e-05,1.398354165782979,0.0026469218153163093,0.01583663773575433,6.576348821008042e-06,6.547697053919433e-05,3.841309670611841e-07,0.29065357484135224
