fertile_kgm3,void_cell,cellfrom,leakage,leakage_stdev
0.0,99,[23],0.04219272999999999,2.364436120275687e-05
0.0,total,,0.04219272999999999,2.364436120275687e-05
