fertile_kgm3,leakage,leakage_stdev
500.0,0.026339999999999995,0.0037755639755317817
