cell,flux,tbr,tbr_stdev,"Th232(n,g)","Th232(n,g)_stdev",U233_kg/yr,U233_kg/yr_stdev,"Li6(n,t)","Li6(n,t)_stdev","Li7(n,t)","Li7(n,t)_stdev","Th232(n,fis)","Th232(n,fis)_stdev",heating [MW],heating_stdev,fisq [MW],fisq_stdev
11,2.3763784685050044,0.0,0.0,0.0,0.0,0.0,0.0,0.0,0.0,0.0,0.0,0.0,0.0,47.23012376464963,0.35475189287055864,0.0,0.0
41,11.969060472762626,0.0,0.0,0.0,0.0,0.0,0.0,0.0,0.0,0.0,0.0,0.0,0.0,45.20344974645792,0.11939500991322363,0.0,0.0
21,11.423006220028988,0.0,0.0,0.0,0.0,0.0,0.0,0.0,0.0,0.0,0.0,0.0,0.0,65.895129687082,0.17298681266328964,0.0,0.0
31,21.55972490983688,0.1125153831447428,0.0007995160152918083,0.03432296223561083,0.0003584938083933514,148.55766220884664,1.5516435244044051,0.0955862868806581,0.0007465160504917648,0.016929096264084696,5.299996480004355e-05,0.0013998387320784983,3.7037270609089474e-06,112.90239455125005,0.3062810864170842,14.235441541555026,0.038130967193592574
22,28.97857717564348,0.0,0.0,0.0,0.0,0.0,0.0,0.0,0.0,0.0,0.0,0.0,0.0,139.8314763184907,0.37693989636413744,0.0,0.0
32,155.84258371055117,0.8170881563276685,0.00357664295747463,0.2532237420210313,0.0014232626876416311,1096.0105037609678,6.1602077388807235,0.7475603604545887,0.003168494921446776,0.06952779587307974,0.00040814803602785393,0.005778280896674368,2.827973315934601e-05,597.5533904458593,1.871585078603382,59.18356379129211,0.28809294837304555
23,0.009410136327422002,0.0,0.0,0.0,0.0,0.0,0.0,0.0,0.0,0.0,0.0,0.0,0.0,0.03872909914776874,0.006786783232316428,0.0,0.0
total,232.15874109365558,0.9296035394724114,0.004376158972766438,0.28754670425664214,0.0017817564960349824,1244.5681659698143,7.711851263285128,0.8431466473352468,0.003915010971938541,0.08645689213716443,0.00046114800082789747,0.007178119628752866,3.198346022025496e-05,1008.6546936129374,3.208726560063992,73.41900533284714,0.3262239155666381
