cell,flux,"Li6(n,t)","Li6(n,t)_stdev","Li7(n,t)","Li7(n,t)_stdev",tbr,tbr_stdev,"U238(n,fis)","U238(n,fis)_stdev","U238(n,g)","U238(n,g)_stdev",Pu239_kg/yr
11,3.106913053333952,0.0,0.0,0.0,0.0,0.0,0.0,0.0,0.0,0.0,0.0,0.0
21,10.447301332657355,0.0,0.0,0.0,0.0,0.0,0.0,0.0,0.0,0.0,0.0,0.0
31,20.53475492463098,0.0794667650234306,0.0002706591372737555,0.019237462146128693,2.0992978678736825e-05,0.09870422716955929,0.0002916521159524923,0.019237462146128693,0.0,0.0,0.0,0.0
22,28.239843415455475,0.0,0.0,0.0,0.0,0.0,0.0,0.0,0.0,0.0,0.0,0.0
32,164.66021244047977,0.9926066296704199,0.0010211655083042065,0.08485056416449219,9.162955115036877e-05,1.077457193834912,0.0011127950594545754,0.08485056416449219,0.0,0.0,0.0,0.0
23,0.014256771276693309,0.0,0.0,0.0,0.0,0.0,0.0,0.0,0.0,0.0,0.0,0.0
total,227.00328193783423,1.0720733946938505,0.001291824645577962,0.10408802631062088,0.00011262252982910559,1.1761614210044713,0.0014044471754070676,0.10408802631062088,0.0,0.0,0.0,0.0
