fertile_kgm3,void_cell,cellfrom,leakage,leakage_stdev
0.1,99,[23],0.0010267000000000002,1.0652386274132872e-05
0.1,total,,0.0010267000000000002,1.0652386274132872e-05
