cell,flux,"Li6(n,t)","Li6(n,t)_stdev","Li7(n,t)","Li7(n,t)_stdev",tbr,tbr_stdev,"U238(n,fis)","U238(n,fis)_stdev","U238(n,g)","U238(n,g)_stdev",Pu239_kg/yr
11,1.9595163689196244,0.0,0.0,0.0,0.0,0.0,0.0,0.0,0.0,0.0,0.0,0.0
21,23.847397833417872,0.0,0.0,0.0,0.0,0.0,0.0,0.0,0.0,0.0,0.0,0.0
31,62.386846112808804,0.4757548288329342,0.000911575727691903,0.004976051314042827,1.911511407538111e-05,0.480730880146977,0.0009306908417672841,0.004976051314042827,0.0018927365468123778,0.014773026158691357,6.403798129813502e-05,65.5777570173039
22,0.5259255729300665,0.0,0.0,0.0,0.0,0.0,0.0,0.0,0.0,0.0,0.0,0.0
32,116.4034747005197,0.8685315659658137,0.001147798913328783,0.010317161577854256,2.0282155734472163e-05,0.8788487275436679,0.0011680810690632552,0.010317161577854256,0.0038724508155984273,0.026822833176519345,6.336228254764872e-05,119.06709009180283
23,0.06660491006809124,0.0,0.0,0.0,0.0,0.0,0.0,0.0,0.0,0.0,0.0,0.0
total,205.18976549866417,1.3442863947987478,0.0020593746410206863,0.015293212891897083,3.939726980985327e-05,1.359579607690645,0.002098771910830539,0.015293212891897083,0.005765187362410805,0.041595859335210705,0.00012740026384578374,184.6448471091067
