cell,flux,"Li6(n,t)","Li6(n,t)_stdev","Li7(n,t)","Li7(n,t)_stdev",tbr,tbr_stdev,"Th232(n,fis)","Th232(n,fis)_stdev","Th232(n,g)","Th232(n,g)_stdev",U233_kg/yr
11,1.953914613371604,0.0,0.0,0.0,0.0,0.0,0.0,0.0,0.0,0.0,0.0,0.0
21,23.75669138583652,0.0,0.0,0.0,0.0,0.0,0.0,0.0,0.0,0.0,0.0,0.0
31,61.88574890968763,0.4681475920287803,0.0010110201593160194,0.004942449221913522,2.2092402849107694e-05,0.4730900412506938,0.001033112562165127,0.004942449221913522,0.0006449192557511572,0.01828995422277028,5.5890670113208835e-05,79.14743107228176
22,0.5169962512767309,0.0,0.0,0.0,0.0,0.0,0.0,0.0,0.0,0.0,0.0,0.0
32,115.18465008842497,0.8537829445553257,0.000577829474079323,0.01021837178364192,1.9398619146002784e-05,0.8640013163389676,0.0005972280932253258,0.01021837178364192,0.0013208667204723634,0.033364388724387004,8.130761487788315e-05,144.38011296631132
23,0.0645116364971566,0.0,0.0,0.0,0.0,0.0,0.0,0.0,0.0,0.0,0.0,0.0
total,203.36251288509462,1.321930536584106,0.0015888496333953425,0.015160821005555443,4.149102199511048e-05,1.3370913575896615,0.001630340655390453,0.015160821005555443,0.0019657859762235207,0.05165434294715728,0.00013719828499109197,223.52754403859308
