cell,flux,"Li6(n,t)","Li6(n,t)_stdev","Li7(n,t)","Li7(n,t)_stdev",tbr,tbr_stdev,"Th232(n,fis)","Th232(n,fis)_stdev","Th232(n,g)","Th232(n,g)_stdev",U233_kg/yr
11,1.9433859067782364,0.0,0.0,0.0,0.0,0.0,0.0,0.0,0.0,0.0,0.0,0.0
21,23.685530210652363,0.0,0.0,0.0,0.0,0.0,0.0,0.0,0.0,0.0,0.0,0.0
31,60.7950600435466,0.46193194860946685,0.00025045297820639167,0.004783650578297044,4.802523116273389e-06,0.4667155991877639,0.00025525550132266504,0.004783650578297044,0.0006254557014061898,0.018045560150336128,1.6855606720909902e-05,78.08984706923519
22,0.5229264079370437,0.0,0.0,0.0,0.0,0.0,0.0,0.0,0.0,0.0,0.0,0.0
32,116.6467738134899,0.8629107704860568,0.00029531248168208305,0.010384345837897047,4.545041825452207e-06,0.8732951163239538,0.0002998575235075353,0.010384345837897047,0.0013409881257094108,0.03365295767509211,2.4424169015936448e-05,145.62885808930886
23,0.06813258485024151,0.0,0.0,0.0,0.0,0.0,0.0,0.0,0.0,0.0,0.0,0.0
total,203.6618089672544,1.3248427190955236,0.0005457654598884747,0.015167996416194091,9.347564941725596e-06,1.3400107155117178,0.0005551130248302003,0.015167996416194091,0.0019664438271156004,0.05169851782542824,4.127977573684635e-05,223.71870515854405
