cell,flux,"Li6(n,t)","Li6(n,t)_stdev","Li7(n,t)","Li7(n,t)_stdev",tbr,tbr_stdev,"Th232(n,fis)","Th232(n,fis)_stdev","Th232(n,g)","Th232(n,g)_stdev",U233_kg/yr
11,1.9487733574176977,0.0,0.0,0.0,0.0,0.0,0.0,0.0,0.0,0.0,0.0,0.0
21,23.70831824307669,0.0,0.0,0.0,0.0,0.0,0.0,0.0,0.0,0.0,0.0,0.0
31,62.014925836146844,0.47972806312499944,0.0008651893368324233,0.005064335244102352,2.0107768331798133e-05,0.48479239836910176,0.0008852971051642215,0.005064335244102352,0.00028274923180206945,0.008674341253520474,2.5057039902846615e-05,37.537099223886074
22,0.5279873801547365,0.0,0.0,0.0,0.0,0.0,0.0,0.0,0.0,0.0,0.0,0.0
32,115.66513818447063,0.8739081976357163,0.0012096821268675665,0.010484755425289902,2.0831914675671004e-05,0.8843929530610062,0.0012305140415432374,0.010484755425289902,0.0005802355225307,0.015745284246327772,4.142987214667717e-05,68.13569812264716
23,0.06800765804889447,0.0,0.0,0.0,0.0,0.0,0.0,0.0,0.0,0.0,0.0,0.0
total,203.9331506593155,1.3536362607607157,0.0020748714636999897,0.015549090669392255,4.093968300746914e-05,1.369185351430108,0.002115811146707459,0.015549090669392255,0.0008629847543327694,0.024419625499848246,6.648691204952378e-05,105.67279734653323
