fertile_kgm3,void_cell,cellfrom,leakage,leakage_stdev
1.0,99,[23],0.0010070899999999998,3.495857071832689e-06
1.0,total,,0.0010070899999999998,3.495857071832689e-06
