cell,flux,tbr,tbr_stdev,"Th232(n,g)","Th232(n,g)_stdev",U233_kg/yr,U233_kg/yr_stdev,"Li6(n,t)","Li6(n,t)_stdev","Li7(n,t)","Li7(n,t)_stdev","Th232(n,fis)","Th232(n,fis)_stdev",heating [MW],heating_stdev,fisq [MW],fisq_stdev
11,2.342992240232418,0.0,0.0,0.0,0.0,0.0,0.0,0.0,0.0,0.0,0.0,0.0,0.0,48.39379588336159,0.010701311375882094,0.0,0.0
41,11.839112677718196,0.0,0.0,0.0,0.0,0.0,0.0,0.0,0.0,0.0,0.0,0.0,0.0,45.24631135345295,0.004347091826513803,0.0,0.0
21,11.319173555934372,0.0,0.0,0.0,0.0,0.0,0.0,0.0,0.0,0.0,0.0,0.0,0.0,66.28896387019913,0.007227474772811848,0.0,0.0
31,21.473660605764934,0.13317268035624066,3.122347991258251e-05,0.00012279961147473151,7.571730005709139e-08,0.531504917192533,0.0003277218617680038,0.11422232679498913,2.9056633939659716e-05,0.018950353561251524,2.166845972922791e-06,2.8184398928856956e-06,2.37816604037505e-10,94.43971008291395,0.009386201155275966,0.02866348959438719,2.440981686813923e-06
22,28.78137933219937,0.0,0.0,0.0,0.0,0.0,0.0,0.0,0.0,0.0,0.0,0.0,0.0,141.90912328503467,0.012856993643298379,0.0,0.0
32,160.06731568740233,1.0600669384812893,0.00012390065508699678,0.0011261797456786848,2.853807639962019e-07,4.8743645462919485,0.0012351934791532673,0.978685140347891,0.00010709515165537721,0.08138179813339837,1.6805503431619555e-05,1.2135099644087223e-05,1.9470173612505333e-09,543.559082843243,0.0542409589319937,0.12433328257327703,1.9752984189306942e-05
23,0.012208482287129778,0.0,0.0,0.0,0.0,0.0,0.0,0.0,0.0,0.0,0.0,0.0,0.0,0.03755959605995828,0.00019994664407686828,0.0,0.0
total,235.83584258153874,1.19323961883753,0.00015512413499957928,0.0012489793571534163,3.610980640532933e-07,5.405869463484482,0.001562915340921271,1.0929074671428802,0.00013615178559503693,0.10033215169464989,1.8972349404542348e-05,1.4953539536972918e-05,2.1848339652880383e-09,939.8745469142652,0.09895997834985266,0.15299677216766422,2.2193965876120867e-05
