cell,flux,tbr,tbr_stdev,"Th232(n,g)","Th232(n,g)_stdev",U233_kg/yr,U233_kg/yr_stdev,"Li6(n,t)","Li6(n,t)_stdev","Li7(n,t)","Li7(n,t)_stdev","Be9(n,2n)","Be9(n,2n)_stdev","tot(n,fis)","tot(n,fis)_stdev",heating [MW],heating_stdev,fisq [MW],fisq_stdev
11,2.3427815605591316,0.0,0.0,0.0,0.0,0.0,0.0,0.0,0.0,0.0,0.0,0.0,0.0,0.0,0.0,48.38710625301992,0.010219799272547602,0.0,0.0
41,11.838975141392376,0.0,0.0,0.0,0.0,0.0,0.0,0.0,0.0,0.0,0.0,0.12049899838207487,1.4846688199842508e-05,0.0,0.0,45.24671493427543,0.004159286852805498,0.0,0.0
21,11.319103276428983,0.0,0.0,0.0,0.0,0.0,0.0,0.0,0.0,0.0,0.0,0.0,0.0,0.0,0.0,66.28761559564389,0.006685016270244617,0.0,0.0
31,21.473155049003022,0.133137670307188,3.143954342481886e-05,0.00012277022827006308,8.054891719026232e-08,0.5313777399354017,0.0003486342102146474,0.11418721133909113,2.9318743999647185e-05,0.018950458968096877,2.1207994251716754e-06,0.019033365082325372,2.1118628947431684e-06,0.0,0.0,94.43110133578905,0.010060225397600136,0.028663596650546203,2.408967187819234e-06
22,28.78122761900105,0.0,0.0,0.0,0.0,0.0,0.0,0.0,0.0,0.0,0.0,0.0,0.0,2.8184498478858076e-06,2.345501135937529e-10,141.90601062994887,0.01273581415343051,0.0,0.0
32,160.065019195115,1.0600210255217828,0.00010055024090202201,0.0011260582627359082,3.0497420667431485e-07,4.873838740219231,0.001319998398347087,0.9786404271208126,8.389562511366426e-05,0.08138059840097014,1.6654615788357748e-05,0.08708351174000406,1.4845635550769589e-05,1.2134991899293783e-05,1.934785548440521e-09,543.5456323447968,0.05348819557475569,0.1243321869432029,1.963022319363523e-05
23,0.012206901030354775,0.0,0.0,0.0,0.0,0.0,0.0,0.0,0.0,0.0,0.0,0.0,0.0,0.0,0.0,0.03753891711878493,0.00020010192631911614,0.0,0.0
total,235.83246874252995,1.1931586958289708,0.00013198978432684086,0.0012488284910059713,3.855231238645772e-07,5.405216480154633,0.0016686326085617344,1.0928276384599036,0.00011321436911331145,0.10033105736906703,1.8775415213529424e-05,0.2266158752044043,3.180418664535527e-05,1.4953441747179591e-05,2.1693356620342737e-09,939.8417200105928,0.09754843944770317,0.1529957835937491,2.203919038145446e-05
