cell,flux,tbr,tbr_stdev,"U238(n,g)","U238(n,g)_stdev","Th232(n,g)","Th232(n,g)_stdev",Pu239_kg/yr,Pu239_kg/yr_stdev,U233_kg/yr,U233_kg/yr_stdev,"Li6(n,t)","Li6(n,t)_stdev","Li7(n,t)","Li7(n,t)_stdev","Be9(n,2n)","Be9(n,2n)_stdev","Pb(n,2n)","Pb(n,2n)_stdev","tot(n,fis)","tot(n,fis)_stdev",heating [MW],heating_stdev,fisq [MW],fisq_stdev
11,2.342781560559119,0.0,0.0,0.0,0.0,0.0,0.0,0.0,0.0,0.0,0.0,0.0,0.0,0.0,0.0,0.0,0.0,0.0,0.0,0.0,0.0,48.38710625302004,0.010219799270940915,0.0,0.0
41,11.83897514139232,0.0,0.0,0.0,0.0,0.0,0.0,0.0,0.0,0.0,0.0,0.0,0.0,0.0,0.0,0.12049899838207433,1.484668820714516e-05,0.0,0.0,0.0,0.0,45.24671493427515,0.004159286850831601,0.0,0.0
21,11.319103276428793,0.0,0.0,0.0,0.0,0.0,0.0,0.0,0.0,0.0,0.0,0.0,0.0,0.0,0.0,0.0,0.0,0.0,0.0,0.0,0.0,66.28761559564458,0.006685016280069582,0.0,0.0
31,21.47315504900339,0.1331376703071862,3.143954342815193e-05,0.0,0.0,0.00012277022827006614,8.054891718940655e-08,0.0,0.0,0.531377739935415,0.00034863421021094344,0.11418721133908942,2.931874400457783e-05,0.0189504589680968,2.1207994235741026e-06,0.01903336508232542,2.1118628984866127e-06,0.0,0.0,0.0,0.0,94.43110133578963,0.01006022539107145,0.02866359665054603,2.4089671886317893e-06
22,28.781227619001392,0.0,0.0,0.0,0.0,0.0,0.0,0.0,0.0,0.0,0.0,0.0,0.0,0.0,0.0,0.0,0.0,0.0,0.0,2.8184498478857954e-06,2.3455011373725345e-10,141.90601062994358,0.012735814158587624,0.0,0.0
32,160.06501919511703,1.06002102552177,0.00010055024101230021,0.0,0.0,0.0011260582627359227,3.049742066598493e-07,0.0,0.0,4.873838740219294,0.0013199983982844768,0.9786404271207998,8.389562522394247e-05,0.0813805984009702,1.6654615788357748e-05,0.08708351174000413,1.4845635551986784e-05,0.0,0.0,1.2134991899294162e-05,1.9347855489972014e-09,543.5456323448152,0.05348819567299053,0.12433218694319768,1.9630223215971277e-05
23,0.012206901030354773,0.0,0.0,0.0,0.0,0.0,0.0,0.0,0.0,0.0,0.0,0.0,0.0,0.0,0.0,0.0,0.0,0.0,0.0,0.0,0.0,0.037538917118784966,0.0002001019263191357,0.0,0.0
total,235.8324687425324,1.1931586958289562,0.00013198978444045216,0.0,0.0,0.001248828491005989,3.8552312384925585e-07,0.0,0.0,5.405216480154709,0.0016686326084954203,1.0928276384598892,0.0001132143692285203,0.100331057369067,1.877541521193185e-05,0.22661587520440385,3.1804186657618557e-05,0.0,0.0,1.4953441747179957e-05,2.1693356627344548e-09,939.841720010607,0.09754843955081084,0.15299578359374372,2.2039190404603065e-05
