cell,flux,"Li6(n,t)","Li6(n,t)_stdev","Li7(n,t)","Li7(n,t)_stdev",tbr,tbr_stdev,"U238(n,fis)","U238(n,fis)_stdev","U238(n,g)","U238(n,g)_stdev",Pu239_kg/yr
11,1.978550081756851,0.0,0.0,0.0,0.0,0.0,0.0,0.0,0.0,0.0,0.0,0.0
21,24.17691761482721,0.0,0.0,0.0,0.0,0.0,0.0,0.0,0.0,0.0,0.0,0.0
31,65.42994622533953,0.4617796261902424,0.0011900863599557407,0.004315535237795134,1.7418718501198037e-05,0.46609516142803753,0.0012075050784569386,0.004315535237795134,0.0016527997529374983,0.015366845534145768,7.083107516701724e-05,68.21373303856116
22,0.6184227604141865,0.0,0.0,0.0,0.0,0.0,0.0,0.0,0.0,0.0,0.0,0.0
32,126.458594584715,0.8727951451012597,0.0009608751159185054,0.009379013601431401,1.659291038839745e-05,0.8821741587026911,0.0009774680263069028,0.009379013601431401,0.0035412381057546927,0.029005669111093174,7.825469337093529e-05,128.75674223134808
23,0.09062976831515394,0.0,0.0,0.0,0.0,0.0,0.0,0.0,0.0,0.0,0.0,0.0
total,218.75306103536795,1.3345747712915021,0.002150961475874246,0.013694548839226536,3.401162888959549e-05,1.3482693201307288,0.0021849731047638415,0.013694548839226536,0.005194037858692191,0.04437251464523894,0.00014908576853795254,196.97047526990923
