fertile_kgm3,void_cell,cellfrom,leakage,leakage_stdev
75.0,99,"[42, 44]",0.11437581835712146,4.0418897328703744e-05
75.0,98,[44],0.058298071888308683,2.3704268118760218e-05
75.0,total,,0.17267389024543014,4.685701215735343e-05
