fertile_kgm3,void_cell,cellfrom,leakage,leakage_stdev
75,99,"[42, 44]",0.11437581835712145,4.041889733138638e-05
75,98,[44],0.05829807188830866,2.370426812142831e-05
75,total,,0.17267389024543012,4.685701216101722e-05
