fertile_kgm3,void_cell,cellfrom,leakage,leakage_stdev
75,99,"[42, 44]",0.11437581835712149,4.0418897327809827e-05
75,98,[44],0.05829807188830867,2.3704268119903685e-05
75,total,,0.17267389024543017,4.685701215716079e-05
