fertile_kgm3,void_cell,cellfrom,leakage,leakage_stdev
999.99,99,[23],0.00090212,2.9386122007957387e-06
999.99,total,,0.00090212,2.9386122007957387e-06
