fertile_kgm3,void_cell,cellfrom,leakage,leakage_stdev
999.99,99,[23],0.007403875000000002,2.272108204821583e-05
999.99,total,,0.007403875000000002,2.272108204821583e-05
