fertile_kgm3,void_cell,cellfrom,leakage,leakage_stdev
999.99,99,[23],0.007422719696453771,1.263687353027728e-05
999.99,total,,0.007422719696453771,1.263687353027728e-05
