cell,flux,tbr,tbr_stdev,"U238(n,g)","U238(n,g)_stdev",Pu239_kg/yr,Pu239_kg/yr_stdev,"Li6(n,t)","Li6(n,t)_stdev","Li7(n,t)","Li7(n,t)_stdev","U238(n,fis)","U238(n,fis)_stdev",heating [MW],heating_stdev,fisq [MW],fisq_stdev
11,2.820852792002132,0.0,0.0,0.0,0.0,0.0,0.0,0.0,0.0,0.0,0.0,0.0,0.0,69.07425062196093,0.013359489607379168,0.0,0.0
41,14.43668895987722,0.0,0.0,0.0,0.0,0.0,0.0,0.0,0.0,0.0,0.0,0.0,0.0,46.28102526119091,0.005660232593743154,0.0,0.0
21,13.988225113104722,0.0,0.0,0.0,0.0,0.0,0.0,0.0,0.0,0.0,0.0,0.0,0.0,75.92847520682894,0.011075018692340052,0.0,0.0
31,27.0436877114933,0.01637198124261246,2.979001959944071e-06,0.0916573200101676,3.511762435796132e-05,406.9493275948024,0.1559187375063322,0.0,0.0,0.01637198124261246,2.979001959944071e-06,0.00943320631698753,1.5054481673030569e-06,231.83212607551542,0.036011832815184136,143.7556298850755,0.025321153357098527
22,37.44037723873757,0.0,0.0,0.0,0.0,0.0,0.0,0.0,0.0,0.0,0.0,0.0,0.0,172.05090437141976,0.03566480540136761,0.0,0.0
32,286.39951400105554,0.06663769480826058,1.4821452507365994e-05,1.0887816605432044,0.00020361168682285575,4834.081605336687,0.9040155116232175,0.0,0.0,0.06663769480826058,1.4821452507365994e-05,0.04214135252126528,7.373387835081712e-06,2032.07371001602,0.46827686119269013,1473.1826879277974,0.4461898814905688
23,0.09187809769994623,0.0,0.0,0.0,0.0,0.0,0.0,0.0,0.0,0.0,0.0,0.0,0.0,0.6472387117507666,0.0027828631887974464,0.0,0.0
total,382.2212239139704,0.08300967605087303,1.7800454467310063e-05,1.180438980553372,0.00023872931118081706,5241.03093293149,1.0599342491295496,0.0,0.0,0.08300967605087303,1.7800454467310063e-05,0.05157455883825281,8.87883600238477e-06,2627.8877302646865,0.5728311034915017,1616.9383178128728,0.4715110348476673
