fertile_kgm3,void_cell,cellfrom,leakage,leakage_stdev
10,99,[23],0.00100633,3.90666417804216e-06
10,total,,0.00100633,3.90666417804216e-06
