cell,flux,tbr,tbr_stdev,"U238(n,g)","U238(n,g)_stdev",Pu239_kg/yr,Pu239_kg/yr_stdev,"Li6(n,t)","Li6(n,t)_stdev","Li7(n,t)","Li7(n,t)_stdev","U238(n,fis)","U238(n,fis)_stdev",heating [MW],heating_stdev,fisq [MW],fisq_stdev
11,2.3444490400759053,0.0,0.0,0.0,0.0,0.0,0.0,0.0,0.0,0.0,0.0,0.0,0.0,48.33626008321283,0.008912282390186363,0.0,0.0
41,11.844724523670218,0.0,0.0,0.0,0.0,0.0,0.0,0.0,0.0,0.0,0.0,0.0,0.0,45.25410503600997,0.004460043490138706,0.0,0.0
21,11.323901364678015,0.0,0.0,0.0,0.0,0.0,0.0,0.0,0.0,0.0,0.0,0.0,0.0,66.26989234404593,0.007238457181616566,0.0,0.0
31,21.481058915697577,0.1323464319475322,3.4247633376098205e-05,0.0015929489255480207,1.2135831669715138e-06,7.072533803876431,0.0053881878034906915,0.11343096282288209,3.212757206914327e-05,0.018915469124650107,2.120061306954934e-06,9.340910244975641e-05,7.503424186126589e-09,95.8151335075983,0.011140546517411119,1.2319192267723975,0.00010891584929945799
22,28.791225585951807,0.0,0.0,0.0,0.0,0.0,0.0,0.0,0.0,0.0,0.0,0.0,0.0,141.83314519630508,0.012764117416235642,0.0,0.0
32,160.0733597709546,1.0497497407969991,0.0001394001751729555,0.012666469564050882,5.391648357649158e-06,56.23785717844174,0.02393837910086777,0.968571207086687,0.00012251586948569442,0.08117853371031204,1.688430568726105e-05,0.0004094391867626905,6.107607806171625e-08,550.0239698073964,0.061760904973437857,6.447622719520164,0.0007412656898421299
23,0.012179710637295331,0.0,0.0,0.0,0.0,0.0,0.0,0.0,0.0,0.0,0.0,0.0,0.0,0.037228201002045526,0.000227457714245911,0.0,0.0
total,235.87089891166542,1.1820961727445314,0.0001736478085490537,0.014259418489598902,6.605231524620671e-06,63.310390982318175,0.02932656690435846,1.082002169909569,0.00015464344155483769,0.10009400283496214,1.9004366994215985e-05,0.0005028482892124469,6.857950224784284e-08,947.5697341755705,0.10650380968327217,7.679541946292562,0.0008501815391415879
