fertile_kgm3,void_cell,cellfrom,leakage,leakage_stdev
10,99,[23],0.0010052199999999998,3.894689760860811e-06
10,total,,0.0010052199999999998,3.894689760860811e-06
