cell,flux,"Li6(n,t)","Li6(n,t)_stdev","Li7(n,t)","Li7(n,t)_stdev",tbr,tbr_stdev,"U238(n,fis)","U238(n,fis)_stdev","U238(n,g)","U238(n,g)_stdev",Pu239_kg/yr
11,1.9643327569330584,0.0,0.0,0.0,0.0,0.0,0.0,0.0,0.0,0.0,0.0,0.0
21,23.997291455448,0.0,0.0,0.0,0.0,0.0,0.0,0.0,0.0,0.0,0.0,0.0
31,64.58445279007323,0.4778079971146386,0.0010065820133060908,0.0045020200684877925,1.5841690860937197e-05,0.4823100171831264,0.001022423704167028,0.0045020200684877925,0.0,0.0,0.0,0.0
22,0.6221060355139951,0.0,0.0,0.0,0.0,0.0,0.0,0.0,0.0,0.0,0.0,0.0
32,125.0041914249199,0.9042824291867729,0.0010819200594912458,0.009788338587468654,1.6415563754212313e-05,0.9140707677742416,0.001098335623245458,0.009788338587468654,0.0,0.0,0.0,0.0
23,0.09107924467085064,0.0,0.0,0.0,0.0,0.0,0.0,0.0,0.0,0.0,0.0,0.0
total,216.26345370755902,1.3820904263014115,0.0020885020727973366,0.014290358655956447,3.225725461514951e-05,1.396380784957368,0.002120759327412486,0.014290358655956447,0.0,0.0,0.0,0.0
