cell,flux,"Li6(n,t)","Li6(n,t)_stdev","Li7(n,t)","Li7(n,t)_stdev",tbr,tbr_stdev,"Th232(n,fis)","Th232(n,fis)_stdev","Th232(n,g)","Th232(n,g)_stdev",U233_kg/yr
11,2.0906474836414346,0.0,0.0,0.0,0.0,0.0,0.0,0.0,0.0,0.0,0.0,0.0
21,10.511906701877429,0.0,0.0,0.0,0.0,0.0,0.0,0.0,0.0,0.0,0.0,0.0
31,20.646290219335032,0.08276961759337972,6.600030937683439e-05,0.019354762002119153,5.78180858216577e-06,0.10212437959549887,7.178211795900016e-05,0.019354762002119153,4.445728126046825e-05,0.0010608878297885464,2.36481795260839e-06,4.590856016417826
22,28.457311372524885,0.0,0.0,0.0,0.0,0.0,0.0,0.0,0.0,0.0,0.0,0.0
32,164.0538425430953,0.9732628297754076,0.00040512958664583895,0.08728421753004013,2.7897346212141916e-05,1.0605470473054477,0.00043302693285798084,0.08728421753004013,0.00019858109237310908,0.013434691823882086,7.198738396177393e-06,58.136905765694124
23,0.012960434182965257,0.0,0.0,0.0,0.0,0.0,0.0,0.0,0.0,0.0,0.0,0.0
total,225.77295875465705,1.0560324473687872,0.00047112989602267336,0.10663897953215928,3.367915479430769e-05,1.1626714269009466,0.000504809050816981,0.10663897953215928,0.00024303837363357734,0.014495579653670633,9.563556348785783e-06,62.72776178211195
