cell,flux,"Li6(n,t)","Li6(n,t)_stdev","Li7(n,t)","Li7(n,t)_stdev",tbr,tbr_stdev,"Th232(n,fis)","Th232(n,fis)_stdev","Th232(n,g)","Th232(n,g)_stdev",U233_kg/yr
11,2.0917951895360525,0.0,0.0,0.0,0.0,0.0,0.0,0.0,0.0,0.0,0.0,0.0
21,10.513996384660409,0.0,0.0,0.0,0.0,0.0,0.0,0.0,0.0,0.0,0.0,0.0
31,20.655729067999623,0.08296958160894576,0.00010705742482900902,0.01932833772229149,1.919270417376568e-05,0.10229791933123725,0.0001262501290027747,0.01932833772229149,4.438007776387896e-05,0.0010727868493412424,7.842966706597585e-06,4.642347497391697
22,28.480674662736817,0.0,0.0,0.0,0.0,0.0,0.0,0.0,0.0,0.0,0.0,0.0
32,163.99074959553502,0.9728901528481325,0.001083684963771068,0.08728948057771033,0.00013489143881674379,1.0601796334258429,0.001218576402587812,0.08728948057771033,0.00019843303074061153,0.013437210753360981,2.314728508591161e-05,58.147806109942024
23,0.012867560481883658,0.0,0.0,0.0,0.0,0.0,0.0,0.0,0.0,0.0,0.0,0.0
total,225.7458124609498,1.0558597344570784,0.001190742388600077,0.10661781830000182,0.00015408414299050946,1.16247755275708,0.0013448265315905866,0.10661781830000182,0.00024281310850449048,0.014509997602702223,3.099025179250919e-05,62.79015360733372
