fertile_kgm3,void_cell,cellfrom,leakage,leakage_stdev
75.0,99,[23],0.0009741,1.2432216214336583e-05
75.0,total,,0.0009741,1.2432216214336583e-05
