fertile_kgm3,void_cell,cellfrom,leakage,leakage_stdev
150,99,[23],0.0011800000000000005,0.00012543258481484496
150,total,,0.0011800000000000005,0.00012543258481484496
