cell,flux,"Li6(n,t)","Li6(n,t)_stdev","Li7(n,t)","Li7(n,t)_stdev",tbr,tbr_stdev,"U238(n,fis)","U238(n,fis)_stdev","U238(n,g)","U238(n,g)_stdev",Pu239_kg/yr
11,2.1286618484412734,0.0,0.0,0.0,0.0,0.0,0.0,0.0,0.0,0.0,0.0,0.0
21,10.71372639846462,0.0,0.0,0.0,0.0,0.0,0.0,0.0,0.0,0.0,0.0,0.0
31,21.077923167469933,0.07715531801613534,9.286362379934055e-05,0.019465727070541873,1.385237451496138e-05,0.09662104508667721,0.00010671599831430192,0.019465727070541873,0.00044380029895776257,0.0032929419415527335,2.056602868232053e-05,14.617434789295949
22,29.113171107814917,0.0,0.0,0.0,0.0,0.0,0.0,0.0,0.0,0.0,0.0,0.0
32,171.03489252580428,0.9466625937741251,0.0006694127771625569,0.08776880414092393,8.960725390998737e-05,1.034431397915049,0.0007590200310725443,0.08776880414092393,0.0020197282297142794,0.04213200515222467,8.197138922898676e-05,187.0248090570723
23,0.014195438027481105,0.0,0.0,0.0,0.0,0.0,0.0,0.0,0.0,0.0,0.0,0.0
total,234.08257048602252,1.0238179117902604,0.0007622764009618975,0.10723453121146581,0.00010345962842494874,1.1310524430017261,0.0008657360293868462,0.10723453121146581,0.002463528528672042,0.0454249470937774,0.0001025374179113073,201.64224384636825
