fertile_kgm3,leakage,leakage_stdev
50,0.03838800000000001,0.00023879960217716947
