cell,flux,"Li6(n,t)","Li6(n,t)_stdev","Li7(n,t)","Li7(n,t)_stdev",tbr,tbr_stdev,"Th232(n,fis)","Th232(n,fis)_stdev","Th232(n,g)","Th232(n,g)_stdev",U233_kg/yr
11,1.9591844711011017,0.0,0.0,0.0,0.0,0.0,0.0,0.0,0.0,0.0,0.0,0.0
21,23.838118448591676,0.0,0.0,0.0,0.0,0.0,0.0,0.0,0.0,0.0,0.0,0.0
31,61.856278082695745,0.46298509130621585,0.0007901336534724479,0.0048559924904787,2.008046348755337e-05,0.46784108379669453,0.0008102141169600012,0.0048559924904787,0.0009057074527390824,0.02473566637653763,9.017308242924494e-05,107.04042370574275
22,0.5119697640091628,0.0,0.0,0.0,0.0,0.0,0.0,0.0,0.0,0.0,0.0,0.0
32,115.00735621972187,0.8414005673199887,0.0011291693586850725,0.010044753973055485,1.808338377823693e-05,0.8514453212930442,0.0011472527424633094,0.010044753973055485,0.0018560430043031457,0.044961601913216305,0.0001098893866729065,194.5655656095272
23,0.06340238517741308,0.0,0.0,0.0,0.0,0.0,0.0,0.0,0.0,0.0,0.0,0.0
total,203.23630937129698,1.3043856586262046,0.0019193030121575205,0.014900746463534186,3.81638472657903e-05,1.3192864050897386,0.001957466859423311,0.014900746463534186,0.002761750457042228,0.06969726828975394,0.00020006246910215142,301.60598931526994
