cell,flux,"Li6(n,t)","Li6(n,t)_stdev","Li7(n,t)","Li7(n,t)_stdev",tbr,tbr_stdev,"U238(n,fis)","U238(n,fis)_stdev","U238(n,g)","U238(n,g)_stdev",Pu239_kg/yr
11,3.116296064692275,0.0,0.0,0.0,0.0,0.0,0.0,0.0,0.0,0.0,0.0,0.0
21,10.471463759363134,0.0,0.0,0.0,0.0,0.0,0.0,0.0,0.0,0.0,0.0,0.0
31,20.571743672188234,0.07750261705404604,0.00020932431132255637,0.01898008394751648,2.1772261321066326e-05,0.09648270100156252,0.0002310965726436227,0.01898008394751648,0.0,0.0,0.0,0.0
22,28.2825296775833,0.0,0.0,0.0,0.0,0.0,0.0,0.0,0.0,0.0,0.0,0.0
32,164.13281974335428,0.9497767399681539,0.0008902498026499433,0.0834204907733459,9.087120708497703e-05,1.0331972307414998,0.0009811210097349203,0.0834204907733459,0.0,0.0,0.0,0.0
23,0.01358441090979226,0.0,0.0,0.0,0.0,0.0,0.0,0.0,0.0,0.0,0.0,0.0
total,226.588437328091,1.0272793570221999,0.0010995741139724997,0.10240057472086238,0.00011264346840604336,1.1296799317430624,0.001212217582378543,0.10240057472086238,0.0,0.0,0.0,0.0
