cell,flux,"Li6(n,t)","Li6(n,t)_stdev","Li7(n,t)","Li7(n,t)_stdev",tbr,tbr_stdev,"Th232(n,fis)","Th232(n,fis)_stdev","Th232(n,g)","Th232(n,g)_stdev",U233_kg/yr
11,3.1150588162181156,0.0,0.0,0.0,0.0,0.0,0.0,0.0,0.0,0.0,0.0,0.0
21,10.474193781963342,0.0,0.0,0.0,0.0,0.0,0.0,0.0,0.0,0.0,0.0,0.0
31,20.571478816256253,0.07768764244528617,0.00024245369600569446,0.018983224478075315,2.3068762942753624e-05,0.09667086692336149,0.00026552245894844806,0.018983224478075315,0.00017417574159821902,0.003684866332865451,2.4140638548601635e-05,15.945786443136635
22,28.28325163440989,0.0,0.0,0.0,0.0,0.0,0.0,0.0,0.0,0.0,0.0,0.0
32,164.19504458590148,0.9511601882483548,0.0007649251481759821,0.08341552630609353,9.358843315552207e-05,1.0345757145544483,0.0008585135813315042,0.08341552630609353,0.0007603786998868078,0.046360771908841594,0.00012738564718070124,200.62029431132402
23,0.013251831177551927,0.0,0.0,0.0,0.0,0.0,0.0,0.0,0.0,0.0,0.0,0.0
total,226.65227946592663,1.028847830693641,0.0010073788441816766,0.10239875078416885,0.0001166571960982757,1.1312465814778099,0.0011240360402799522,0.10239875078416885,0.0009345544414850269,0.05004563824170705,0.00015152628572930287,216.56608075446064
