cell,flux,"Li6(n,t)","Li6(n,t)_stdev","Li7(n,t)","Li7(n,t)_stdev",tbr,tbr_stdev,"Th232(n,fis)","Th232(n,fis)_stdev","Th232(n,g)","Th232(n,g)_stdev",U233_kg/yr
11,2.0960719117114643,0.0,0.0,0.0,0.0,0.0,0.0,0.0,0.0,0.0,0.0,0.0
21,10.529796832239311,0.0,0.0,0.0,0.0,0.0,0.0,0.0,0.0,0.0,0.0,0.0
31,20.685811276968884,0.08242096381937705,0.00012486162953257725,0.019275163454898922,1.9853500533418994e-05,0.10169612727427597,0.00014471513006599623,0.019275163454898922,8.854229925683523e-05,0.0020611149987652413,1.4418529512786349e-05,8.919210803366862
22,28.524947250644864,0.0,0.0,0.0,0.0,0.0,0.0,0.0,0.0,0.0,0.0,0.0
32,163.93523349734122,0.963040137418506,0.0010439457141757113,0.08696104551083246,0.00013525530026105732,1.0500011829293385,0.0011792010144367686,0.08696104551083246,0.00039546476418040645,0.0253340515195151,5.7030385320301885e-05,109.62985866449868
23,0.013002649216904258,0.0,0.0,0.0,0.0,0.0,0.0,0.0,0.0,0.0,0.0,0.0
total,225.78486341812265,1.0454611012378832,0.0011688073437082886,0.10623620896573138,0.0001551088007944763,1.1516973102036145,0.0013239161445027649,0.10623620896573138,0.0004840070634372417,0.02739516651828034,7.144891483308823e-05,118.54906946786555
