cell,flux,tbr,tbr_stdev,"U238(n,g)","U238(n,g)_stdev","Th232(n,g)","Th232(n,g)_stdev",Pu239_kg/yr,Pu239_kg/yr_stdev,U233_kg/yr,U233_kg/yr_stdev,"Li6(n,t)","Li6(n,t)_stdev","Li7(n,t)","Li7(n,t)_stdev","Be9(n,2n)","Be9(n,2n)_stdev","Pb(n,2n)","Pb(n,2n)_stdev","tot(n,fis)","tot(n,fis)_stdev",heating [MW],heating_stdev,fisq [MW],fisq_stdev
11,1.9430735486642572,0.0,0.0,0.0,0.0,0.0,0.0,0.0,0.0,0.0,0.0,0.0,0.0,0.0,0.0,0.0,0.0,0.0,0.0,0.0,0.0,27.501599679871994,0.005063093930961195,0.0,0.0
21,23.710843442453733,0.0,0.0,0.0,0.0,0.0,0.0,0.0,0.0,0.0,0.0,0.0,0.0,0.0,0.0,0.0,0.0,0.0,0.0,0.0,0.0,181.32708629722262,0.012655612138208544,0.0,0.0
31,61.4333497489039,0.48754033541481245,8.900757575152185e-05,0.00012211143704994704,7.306170392743762e-08,0.0,0.0,0.5421625593416707,0.0003243866532744252,0.0,0.0,0.48269584918165165,8.717934744058605e-05,0.004844486233160822,1.8282283109358057e-06,0.16565231648586176,5.4727990516499164e-05,0.0,0.0,0.0,0.0,271.1458905892723,0.04556298748014578,0.13859586736060034,3.405464964594464e-05
22,0.5405662262542479,0.0,0.0,0.0,0.0,0.0,0.0,0.0,0.0,0.0,0.0,0.0,0.0,0.0,0.0,0.0,0.0,0.0,0.0,0.0,0.0,2.7142115741962636,0.0028794757763684854,0.0,0.0
32,118.40133183620317,0.9168032634350202,0.00014368273956711484,0.0002288256577018658,8.892781381439804e-08,0.0,0.0,1.0159630188607174,0.0003948305932600973,0.0,0.0,0.9062585592953788,0.0001418807564062806,0.010544704139641347,1.8019831608342412e-06,0.3587485681183484,6.58895312524068e-05,0.0,0.0,1.2858152017093467e-05,3.1771339352590196e-09,541.9729639069457,0.06888908078679863,0.2906841819378208,4.194680740550944e-05
23,0.07331239403357145,0.0,0.0,0.0,0.0,0.0,0.0,0.0,0.0,0.0,0.0,0.0,0.0,0.0,0.0,0.0,0.0,0.0,0.0,2.699206692264356e-05,3.617881047672962e-09,0.37281764421176566,0.0007886391554636471,0.0,0.0
total,206.10247719651287,1.4043435988498327,0.00023269031531863668,0.00035093709475181285,1.6198951774183567e-07,0.0,0.0,1.5581255782023882,0.0007192172465345225,0.0,0.0,1.3889544084770304,0.00022906010384686666,0.015389190372802168,3.630211471770047e-06,0.5244008846042101,0.00012061752176890597,0.0,0.0,3.9850218939737026e-05,6.795014982931982e-09,1025.0345696917207,0.13583888926794627,0.4292800492984211,7.600145705145408e-05
