cell,flux,tbr,tbr_stdev,"U238(n,g)","U238(n,g)_stdev","Th232(n,g)","Th232(n,g)_stdev",Pu239_kg/yr,Pu239_kg/yr_stdev,U233_kg/yr,U233_kg/yr_stdev,"Li6(n,t)","Li6(n,t)_stdev","Li7(n,t)","Li7(n,t)_stdev","Be9(n,2n)","Be9(n,2n)_stdev","Pb(n,2n)","Pb(n,2n)_stdev","tot(n,fis)","tot(n,fis)_stdev","tot(n,nufis)","tot(n,nufis)_stdev",heating [MW],heating_stdev,fisq [MW],fisq_stdev
11,1.9430735486642576,0.0,0.0,0.0,0.0,0.0,0.0,0.0,0.0,0.0,0.0,0.0,0.0,0.0,0.0,0.0,0.0,0.0,0.0,0.0,0.0,0.0,0.0,27.501599679872065,0.005063093930150425,0.0,0.0
21,23.710843442452873,0.0,0.0,0.0,0.0,0.0,0.0,0.0,0.0,0.0,0.0,0.0,0.0,0.0,0.0,0.0,0.0,0.0,0.0,0.0,0.0,0.0,0.0,181.32708629721924,0.012655612127828952,0.0,0.0
31,61.43334974890223,0.48754033541481545,8.900757573814048e-05,0.00012211143704995043,7.306170392743762e-08,0.0,0.0,0.5421625593416857,0.0003243866532744252,0.0,0.0,0.4826958491816547,8.71793474273205e-05,0.0048444862331607445,1.8282283108199786e-06,0.1656523164858611,5.472799050989558e-05,0.0,0.0,0.0,0.0,0.0,0.0,271.14589058926714,0.04556298747437969,0.1385958673605995,3.4054649647783955e-05
22,0.5405662262542438,0.0,0.0,0.0,0.0,0.0,0.0,0.0,0.0,0.0,0.0,0.0,0.0,0.0,0.0,0.0,0.0,0.0,0.0,0.0,0.0,0.0,0.0,2.714211574196268,0.0028794757763462102,0.0,0.0
32,118.40133183620323,0.9168032634350441,0.00014368273966555462,0.00022882565770187014,8.892781381594832e-08,0.0,0.0,1.0159630188607365,0.0003948305932669804,0.0,0.0,0.9062585592954029,0.00014188075650409363,0.010544704139641214,1.8019831614609825e-06,0.35874856811834704,6.588953128751046e-05,0.0,0.0,1.2858152017093274e-05,3.177133935084221e-09,4.5116380347970926e-05,1.237293197347619e-08,541.9729639069498,0.06888908080205332,0.290684181937815,4.1946807411482475e-05
23,0.07331239403357138,0.0,0.0,0.0,0.0,0.0,0.0,0.0,0.0,0.0,0.0,0.0,0.0,0.0,0.0,0.0,0.0,0.0,0.0,2.6992066922643176e-05,3.6178810465193587e-09,9.564898173758755e-05,1.3575845835485673e-08,0.3728176442117655,0.0007886391554642824,0.0,0.0
total,206.1024771965104,1.4043435988498596,0.0002326903154036951,0.0003509370947518206,1.6198951774338595e-07,0.0,0.0,1.5581255782024221,0.0007192172465414056,0.0,0.0,1.3889544084770575,0.00022906010393141413,0.015389190372801958,3.6302114722809614e-06,0.5244008846042081,0.00012061752179740604,0.0,0.0,3.985021893973645e-05,6.79501498160358e-09,0.00014076536208555847,2.594877780896186e-08,1025.0345696917163,0.1358388892662229,0.42928004929841446,7.600145705926643e-05
