fertile_kgm3,void_cell,cellfrom,leakage,leakage_stdev
750,99,[23],0.0009159300000000002,3.5952086170323543e-06
750,total,,0.0009159300000000002,3.5952086170323543e-06
