cell,flux,tbr,tbr_stdev,"U238(n,g)","U238(n,g)_stdev",Pu239_kg/yr,Pu239_kg/yr_stdev,"Li6(n,t)","Li6(n,t)_stdev","Li7(n,t)","Li7(n,t)_stdev","Be9(n,2n)","Be9(n,2n)_stdev","U238(n,fis)","U238(n,fis)_stdev",heating [MW],heating_stdev,fisq [MW],fisq_stdev
11,2.4791931853539135,0.0,0.0,0.0,0.0,0.0,0.0,0.0,0.0,0.0,0.0,0.0,0.0,0.0,0.0,49.21067095208088,0.007454242383744417,0.0,0.0
41,12.52552283243229,0.0,0.0,0.0,0.0,0.0,0.0,0.0,0.0,0.0,0.0,0.12048581034650224,1.7292222110502377e-05,0.0,0.0,45.765181741756535,0.005331052616954512,0.0,0.0
21,11.976054151399499,0.0,0.0,0.0,0.0,0.0,0.0,0.0,0.0,0.0,0.0,0.0,0.0,0.0,0.0,66.73762499445208,0.006431691943162443,0.0,0.0
31,22.721603775210735,0.11127342149977384,1.7781813864355976e-05,0.04312812393945072,1.425107101872888e-05,191.48455394111275,0.06327332904708707,0.09518590511864032,1.6008933484177374e-05,0.016087516381133527,1.7728803801786026e-06,0.016247057799149065,1.7252138534633382e-06,0.007026197180350968,6.256461507811766e-07,193.96947360582215,0.012496932953918231,92.57421628383868,0.006570549753959398
22,30.619681622077405,0.0,0.0,0.0,0.0,0.0,0.0,0.0,0.0,0.0,0.0,0.0,0.0,0.0,0.0,141.86698396858546,0.014829841782654056,0.0,0.0
32,171.28833973963174,0.8344296511079754,0.00010667540068380693,0.31477750555855366,4.021769118960151e-05,1397.5806211092856,0.17856252381379023,0.7689279324369526,9.628407610132898e-05,0.06550171867102283,1.0391324582477955e-05,0.07114931737604115,9.775908345102615e-06,0.02978633662202994,3.6510011054311228e-06,1028.6486687297488,0.09013881177892623,465.45092291060456,0.044200775480204964
23,0.011321686716127663,0.0,0.0,0.0,0.0,0.0,0.0,0.0,0.0,0.0,0.0,0.0,0.0,0.0,0.0,0.03069765046961389,0.00016115144467510569,0.0,0.0
total,251.62171699282172,0.9457030726077492,0.0001244572145481629,0.35790562949800436,5.446876220833039e-05,1589.0651750503985,0.2418358528608773,0.8641138375555929,0.00011229300958550634,0.08158923505215636,1.2164204962656557e-05,0.20788218552169246,2.879334430906833e-05,0.036812533802380906,4.2766472562123e-06,1526.2293016429155,0.13684372490403499,558.0251391944432,0.05077132523416436
