fertile_kgm3,void_cell,cellfrom,leakage,leakage_stdev
750,99,[23],0.0009206300000000002,4.259526577761064e-06
750,total,,0.0009206300000000002,4.259526577761064e-06
