cell,flux,tbr,tbr_stdev,"U238(n,g)","U238(n,g)_stdev","Th232(n,g)","Th232(n,g)_stdev",Pu239_kg/yr,Pu239_kg/yr_stdev,U233_kg/yr,U233_kg/yr_stdev,"Li6(n,t)","Li6(n,t)_stdev","Li7(n,t)","Li7(n,t)_stdev","Be9(n,2n)","Be9(n,2n)_stdev","Pb(n,2n)","Pb(n,2n)_stdev","tot(n,fis)","tot(n,fis)_stdev",heating [MW],heating_stdev,fisq [MW],fisq_stdev
11,2.4793136043595783,0.0,0.0,0.0,0.0,0.0,0.0,0.0,0.0,0.0,0.0,0.0,0.0,0.0,0.0,0.0,0.0,0.0,0.0,0.0,0.0,49.21289126097629,0.007789376836576286,0.0,0.0
41,12.524889050612133,0.0,0.0,0.0,0.0,0.0,0.0,0.0,0.0,0.0,0.0,0.0,0.0,0.0,0.0,0.12048317478175803,1.6580475291403068e-05,0.0,0.0,0.0,0.0,45.762599424180564,0.005160357724845678,0.0,0.0
21,11.976554003926218,0.0,0.0,0.0,0.0,0.0,0.0,0.0,0.0,0.0,0.0,0.0,0.0,0.0,0.0,0.0,0.0,0.0,0.0,0.0,0.0,66.74154692868171,0.006371982474043925,0.0,0.0
31,22.72178683008659,0.11128835842590651,1.7818623571659004e-05,0.04312859164379599,1.440749862700261e-05,0.0,0.0,191.48663050159695,0.06396785197223039,0.0,0.0,0.09520100433000309,1.6042096087381087e-05,0.016087354095903426,1.776527484277917e-06,0.01624676813562161,1.6886191230070118e-06,0.0,0.0,0.0,0.0,193.976454137814,0.012034257938119741,92.57754524846551,0.006473246569830516
22,30.619821635867037,0.0,0.0,0.0,0.0,0.0,0.0,0.0,0.0,0.0,0.0,0.0,0.0,0.0,0.0,0.0,0.0,0.0,0.0,0.00862506722953742,6.498217302820898e-07,141.8704726754293,0.014823597151641959,0.0,0.0
32,171.28755848617288,0.8345408892241357,9.90363689800518e-05,0.3147729318200794,3.8201484018224056e-05,0.0,0.0,1397.560314168209,0.16961076575897413,0.0,0.0,0.7690365955319993,8.86973853437673e-05,0.06550429369213641,1.0338983636284488e-05,0.07115473294286356,1.0048274563561e-05,0.0,0.0,0.04296453621661843,4.1378224371398735e-06,1028.7121697014152,0.09003484036994706,465.4785508688458,0.04359802210094489
23,0.011336737818722194,0.0,0.0,0.0,0.0,0.0,0.0,0.0,0.0,0.0,0.0,0.0,0.0,0.0,0.0,0.0,0.0,0.0,0.0,0.0,0.0,0.030904008191105135,0.00016833934132205955,0.0,0.0
total,251.62126034884315,0.9458292476500423,0.0001168549925517108,0.35790152346387544,5.2608982645226665e-05,0.0,0.0,1589.046944669806,0.23357861773120453,0.0,0.0,0.8642375998620024,0.0001047394814311484,0.08159164778803983,1.2115511120562405e-05,0.2078846758602432,2.8317368977971078e-05,0.0,0.0,0.051589603446155846,4.787644167421963e-06,1526.307038136688,0.13638275183649673,558.0560961173113,0.05007126867077541
