fertile_kgm3,void_cell,cellfrom,leakage,leakage_stdev
750,99,[23],0.00091409,4.373758871573049e-06
750,total,,0.00091409,4.373758871573049e-06
