cell,flux,"Li6(n,t)","Li6(n,t)_stdev","Li7(n,t)","Li7(n,t)_stdev",tbr,tbr_stdev,"U238(n,fis)","U238(n,fis)_stdev","U238(n,g)","U238(n,g)_stdev",Pu239_kg/yr,Pu239_kg/yr_stdev,heat_eV_src,heat_eV_src_stdev
11,1.9492220318498632,0.0,0.0,0.0,0.0,0.0,0.0,0.0,0.0,0.0,0.0,0.0,0.0,484314.6512017336,84.58103472850259
21,23.787144135418874,0.0,0.0,0.0,0.0,0.0,0.0,0.0,0.0,0.0,0.0,0.0,0.0,3191358.9639564143,251.57680495277424
31,61.77491207525707,0.476554558125924,8.965256385078647e-05,0.00477126984422632,1.3281129745332167e-06,0.48132582797015033,9.09806768253197e-05,0.0006367707440338179,1.6236778483588226e-07,0.006222767106597278,2.843618537343696e-06,27.62298698372143,0.012622879259041727,4914004.579676844,891.8110321703217
22,0.5440112884606475,0.0,0.0,0.0,0.0,0.0,0.0,0.0,0.0,0.0,0.0,0.0,0.0,47425.099105433816,45.386047420238604
32,118.95810893756082,0.8941365892831981,0.0001409769656555794,0.01037955668547491,1.6804316719153492e-06,0.9045161459686729,0.00014265739732749477,0.0013632855733599258,1.9959482634586013e-07,0.011645068318219076,4.583715294668614e-06,51.692689934945705,0.020347203382797312,9830712.844147602,1230.2557841155422
23,0.07342879685740436,0.0,0.0,0.0,0.0,0.0,0.0,0.0,0.0,0.0,0.0,0.0,0.0,6546.3800319158,15.884946181644372
total,207.08682726540468,1.3706911474091221,0.00023062952950636588,0.01515082652970123,3.008544646448566e-06,1.3858419739388232,0.00023363807415281446,0.0020000563173937437,3.619626111817424e-07,0.017867835424816354,7.42733383201231e-06,79.31567691866714,0.03297008264183904,18474362.518119946,2519.495649569024
