cell,flux,"Li6(n,t)","Li6(n,t)_stdev","Li7(n,t)","Li7(n,t)_stdev",tbr,tbr_stdev,"U238(n,fis)","U238(n,fis)_stdev","U238(n,g)","U238(n,g)_stdev",Pu239_kg/yr
11,1.9465597695255927,0.0,0.0,0.0,0.0,0.0,0.0,0.0,0.0,0.0,0.0,0.0
21,23.757318434034453,0.0,0.0,0.0,0.0,0.0,0.0,0.0,0.0,0.0,0.0,0.0
31,61.83074337836363,0.4772634933473416,0.000943504851079769,0.004787788511246122,1.7250939701483123e-05,0.4820512818585877,0.0009607557907812521,0.004787788511246122,0.0006385061182552945,0.006218965031166364,4.1365775756286026e-05,27.606109495244006
22,0.5416810204983054,0.0,0.0,0.0,0.0,0.0,0.0,0.0,0.0,0.0,0.0,0.0
32,118.78241324610636,0.8932612568400744,0.0014985684147313916,0.010358043631628877,1.775775342480451e-05,0.9036193004717032,0.0015163261681561961,0.010358043631628877,0.0013616485848704006,0.011737237872972896,4.505722411720161e-05,52.10183242214581
23,0.07385797296122315,0.0,0.0,0.0,0.0,0.0,0.0,0.0,0.0,0.0,0.0,0.0
total,206.93257382148957,1.370524750187416,0.0024420732658111607,0.015145832142874998,3.5008693126287635e-05,1.3856705823302908,0.0024770819589374484,0.015145832142874998,0.0020001547031256953,0.01795620290413926,8.642299987348764e-05,79.70794191738982
