fertile_kgm3,void_cell,cellfrom,leakage,leakage_stdev
10,99,"[22, 23]",0.05028884729454257,2.954594060162133e-05
10,98,[23],0.007552134677839615,9.196077279993206e-06
10,total,,0.05784098197238218,3.0943988808396096e-05
