cell,flux,tbr,tbr_stdev,"U238(n,g)","U238(n,g)_stdev",Pu239_kg/yr,Pu239_kg/yr_stdev,"Li6(n,t)","Li6(n,t)_stdev","Li7(n,t)","Li7(n,t)_stdev","Be9(n,2n)","Be9(n,2n)_stdev","tot(n,fis)","tot(n,fis)_stdev",heating [MW],heating_stdev,fisq [MW],fisq_stdev
11,1.9439682723639413,0.0,0.0,0.0,0.0,0.0,0.0,0.0,0.0,0.0,0.0,0.0,0.0,0.0,0.0,27.50475704304643,0.004737669297552442,0.0,0.0
21,23.721597865986805,0.0,0.0,0.0,0.0,0.0,0.0,0.0,0.0,0.0,0.0,0.0,0.0,0.0,0.0,181.32637890827738,0.013500071694400019,0.0,0.0
31,61.48410568157522,0.48643126146991905,9.678964990211156e-05,0.0011798048922186833,9.282891946587474e-07,5.238215644186317,0.004121511119220942,0.4815981155447426,9.49665648304368e-05,0.004833145925176501,1.823085071674758e-06,0.16527375390599527,5.559425957610791e-05,0.0,0.0,272.35375868079547,0.04726113884277089,1.3830691542107447,0.00034695805110619476
22,0.5412071261631695,0.0,0.0,0.0,0.0,0.0,0.0,0.0,0.0,0.0,0.0,0.0,0.0,0.0,0.0,2.7129828216221763,0.0028950484064338617,0.0,0.0
32,118.47748357348982,0.9146727684886011,0.0001350082338814046,0.002209758652870196,9.386198704530971e-07,9.811107261619336,0.0041673782858328845,0.904153442092585,0.0001332063176170444,0.010519326396016207,1.8019162643602029e-06,0.3579227941820403,6.509645212020052e-05,0.00012831310469949413,3.2172977419635205e-08,544.483157141055,0.06767407024959711,2.9006098281459445,0.0004123975384387011
23,0.07333092282881888,0.0,0.0,0.0,0.0,0.0,0.0,0.0,0.0,0.0,0.0,0.0,0.0,0.0002693415684703515,3.5868179014099844e-08,0.37264441778034135,0.0007431671619009198,0.0,0.0
total,206.2416934424078,1.4011040299585202,0.00023179788378351615,0.0033895635450888794,1.8669090651118444e-06,15.049322905805653,0.008288889405053826,1.3857515576373276,0.0002281728824474812,0.015352472321192707,3.625001336034961e-06,0.5231965480880356,0.00012069071169630842,0.0003976546731698456,6.804115643373506e-08,1028.7536790125766,0.13681116565265525,4.283678982356689,0.0007593555895448959
