cell,flux,tbr,tbr_stdev,"U238(n,g)","U238(n,g)_stdev",Pu239_kg/yr,Pu239_kg/yr_stdev,"Li6(n,t)","Li6(n,t)_stdev","Li7(n,t)","Li7(n,t)_stdev","U238(n,fis)","U238(n,fis)_stdev",heating [MW],heating_stdev,fisq [MW],fisq_stdev
11,1.9438543263007702,0.0,0.0,0.0,0.0,0.0,0.0,0.0,0.0,0.0,0.0,0.0,0.0,27.504630079105215,0.00420963210270808,0.0,0.0
21,23.7185778198086,0.0,0.0,0.0,0.0,0.0,0.0,0.0,0.0,0.0,0.0,0.0,0.0,181.31979952219888,0.012716845270158478,0.0,0.0
31,61.48310783545617,0.48638322335906214,0.00010266038621674047,0.00117985823615197,7.761296191240497e-07,5.238452485911341,0.0034459378322855743,0.48155009688492184,0.00010083708372669585,0.004833126474140307,1.823302490044628e-06,0.00010597049246402704,3.159687653400114e-08,272.3405141217016,0.05410884633593197,1.383052652390351,0.000353308569322426
22,0.5412399929113118,0.0,0.0,0.0,0.0,0.0,0.0,0.0,0.0,0.0,0.0,0.0,0.0,2.7133197240780964,0.00293437643315744,0.0,0.0
32,118.47299669561203,0.9145280534771953,0.00014386583290574686,0.0022098366820524147,9.735913163781034e-07,9.811453703379069,0.00432264800572673,0.9040085151026136,0.00014202866131103392,0.01051953837458171,1.8371715947129517e-06,0.00022702990680891665,3.628292879736616e-08,544.4432396058371,0.07122128465184106,2.9005843076620565,0.00042213968810516907
23,0.07335564844735247,0.0,0.0,0.0,0.0,0.0,0.0,0.0,0.0,0.0,0.0,0.0,0.0,0.3728737541135407,0.000744001877267208,0.0,0.0
total,206.23313231853624,1.4009112768362575,0.00024652621912248736,0.0033896949182043844,1.749720935502153e-06,15.049906189290411,0.007768585838012304,1.3855586119875354,0.00024286574503772977,0.015352664848722017,3.66047408475758e-06,0.00033300039927294366,6.78798053313673e-08,1028.6943768070344,0.14593498667106425,4.283636960052408,0.0007754482574275951
