cell,flux,"Li6(n,t)","Li6(n,t)_stdev","Li7(n,t)","Li7(n,t)_stdev",tbr,tbr_stdev,"U238(n,fis)","U238(n,fis)_stdev","U238(n,g)","U238(n,g)_stdev",Pu239_kg/yr
11,3.106962483236212,0.0,0.0,0.0,0.0,0.0,0.0,0.0,0.0,0.0,0.0,0.0
21,10.444738863523042,0.0,0.0,0.0,0.0,0.0,0.0,0.0,0.0,0.0,0.0,0.0
31,20.531868586661925,0.07944689488508758,0.00022697067823269885,0.019236240100377534,2.1733743235753402e-05,0.0986831349854651,0.00024870442146845224,0.019236240100377534,2.941073959056082e-06,2.245986425047944e-05,3.8213858003641415e-07,0.09969978423094071
22,28.258816094988163,0.0,0.0,0.0,0.0,0.0,0.0,0.0,0.0,0.0,0.0,0.0
32,164.63262472669044,0.99212129669811,0.0011425471579057716,0.0848455017502165,9.496741564120737e-05,1.0769667984483264,0.001237514573546979,0.0848455017502165,1.3138780955603845e-05,0.0003424192665691692,1.599496309740345e-06,1.5200059364888807
23,0.014230405758573886,0.0,0.0,0.0,0.0,0.0,0.0,0.0,0.0,0.0,0.0,0.0
total,226.98924116085837,1.0715681915831976,0.0013695178361384705,0.10408174185059405,0.00011670115887696077,1.1756499334337915,0.0014862189950154312,0.10408174185059405,1.6079854914659928e-05,0.00036487913081964865,1.9816348897767593e-06,1.6197057207198213
