fertile_kgm3,void_cell,cellfrom,leakage,leakage_stdev
150,99,[23],0.00098079,3.992849859435091e-06
150,total,,0.00098079,3.992849859435091e-06
