fertile_kgm3,void_cell,cellfrom,leakage,leakage_stdev
10.0,99,[23],0.0010254,9.84534577012578e-06
10.0,total,,0.0010254,9.84534577012578e-06
