fertile_kgm3,void_cell,cellfrom,leakage,leakage_stdev
10,99,[23],0.0010254,9.84534577012578e-06
10,total,,0.0010254,9.84534577012578e-06
