cell,flux,tbr,tbr_stdev,"Th232(n,g)","Th232(n,g)_stdev",U233_kg/yr,U233_kg/yr_stdev,"Li6(n,t)","Li6(n,t)_stdev","Li7(n,t)","Li7(n,t)_stdev","Th232(n,fis)","Th232(n,fis)_stdev",heat_eV_src,heat_eV_src_stdev
11,2.3445896455171815,0.0,0.0,0.0,0.0,0.0,0.0,0.0,0.0,0.0,0.0,0.0,0.0,850861.6728887426,447.563034471387
41,11.846318370739727,0.0,0.0,0.0,0.0,0.0,0.0,0.0,0.0,0.0,0.0,0.0,0.0,796631.1926015718,233.1983104153862
21,11.321774533414576,0.0,0.0,0.0,0.0,0.0,0.0,0.0,0.0,0.0,0.0,0.0,0.0,1166532.7201194493,355.8157781506563
31,21.473766490921562,0.1325340878065771,8.801789170831054e-05,0.0011908938917843514,2.3109816435430934e-06,5.153440575431187,0.010000476661331486,0.11363046013059716,8.200980478810062e-05,0.018903627675979938,6.008086920209923e-06,2.8170668752424158e-05,6.872928030225493e-09,1668557.0669284917,485.20007635515896
22,28.788311366696377,0.0,0.0,0.0,0.0,0.0,0.0,0.0,0.0,0.0,0.0,0.0,0.0,2496631.7341233063,600.4853401014531
32,159.8694420343203,1.0508130480978193,0.00045921961640099375,0.010675079774994507,9.200346458668656e-06,46.19503856552101,0.039813319284967306,0.9696957191418906,0.00041977230031872833,0.08111732895592881,3.9447316082265434e-05,0.00012118178810472318,4.7654917791962705e-08,9582285.85713627,2795.471114141586
23,0.012272418386369435,0.0,0.0,0.0,0.0,0.0,0.0,0.0,0.0,0.0,0.0,0.0,0.0,644.8870432404436,10.640322376305814
total,235.65647485999608,1.1833471359043963,0.0005472375081093043,0.011865973666778858,1.151132810221175e-05,51.34847914095219,0.04981379594629879,1.0833261792724878,0.0005017821051068289,0.10002095663190874,4.5455403002475356e-05,0.00014935245685714733,5.45278458221882e-08,16562145.13084107,4928.373976011932
