fertile_kgm3,void_cell,cellfrom,leakage,leakage_stdev
150,99,[23],0.03278320955900057,2.4691008227386276e-05
150,total,,0.03278320955900057,2.4691008227386276e-05
