cell,flux,tbr,tbr_stdev,"U238(n,g)","U238(n,g)_stdev",Pu239_kg/yr,Pu239_kg/yr_stdev,"Li6(n,t)","Li6(n,t)_stdev","Li7(n,t)","Li7(n,t)_stdev","U238(n,fis)","U238(n,fis)_stdev",heating [MW],heating_stdev,fisq [MW],fisq_stdev
11,2.746873751271931,0.0,0.0,0.0,0.0,0.0,0.0,0.0,0.0,0.0,0.0,0.0,0.0,79.28845248235143,0.01339861817429556,0.0,0.0
41,14.171804586167617,0.0,0.0,0.0,0.0,0.0,0.0,0.0,0.0,0.0,0.0,0.0,0.0,45.64642865705122,0.0043039368517778604,0.0,0.0
21,13.826528005215163,0.0,0.0,0.0,0.0,0.0,0.0,0.0,0.0,0.0,0.0,0.0,0.0,87.88517549887464,0.00975193404144081,0.0,0.0
31,27.011744414730746,0.019864160371703056,2.4407526062796634e-06,0.03770846781529319,1.705699011939138e-05,167.42182316002183,0.07573132903195844,0.0,0.0,0.019864160371703056,2.4407526062796634e-06,0.0014076789304531428,1.3681567685160572e-07,97.71329839867424,0.009475970629198997,24.79078984122305,0.002623940705572396
22,37.892601802129974,0.0,0.0,0.0,0.0,0.0,0.0,0.0,0.0,0.0,0.0,0.0,0.0,233.7797432454732,0.02471822650054288,0.0,0.0
32,454.5504692062211,0.08621132456825581,1.652738415347278e-05,0.6755095979803697,7.306270748363967e-05,2999.19500866327,0.32439110896352435,0.0,0.0,0.08621132456825581,1.652738415347278e-05,0.006672864223935826,9.888600252593792e-07,1658.6797270144077,0.3055552999007368,1183.3062381950892,0.2645379902657469
23,0.41479724044926597,0.0,0.0,0.0,0.0,0.0,0.0,0.0,0.0,0.0,0.0,0.0,0.0,11.665542919068951,0.007864518677387758,0.0,0.0
total,550.6148190061858,0.10607548493995886,1.8968136759752444e-05,0.7132180657956628,9.011969760303104e-05,3166.6168318232917,0.4001224379954828,0.0,0.0,0.10607548493995886,1.8968136759752444e-05,0.00808054315438897,1.1256757021109849e-06,2214.6583682159016,0.3750685047753807,1208.0970280363124,0.2671619309713193
