cell,flux,"Li6(n,t)","Li6(n,t)_stdev","Li7(n,t)","Li7(n,t)_stdev",tbr,tbr_stdev,"Th232(n,fis)","Th232(n,fis)_stdev","Th232(n,g)","Th232(n,g)_stdev",U233_kg/yr
11,2.104523810188655,0.0,0.0,0.0,0.0,0.0,0.0,0.0,0.0,0.0,0.0,0.0
21,10.575959253461011,0.0,0.0,0.0,0.0,0.0,0.0,0.0,0.0,0.0,0.0,0.0
31,20.765427688738015,0.07590984352269918,5.19132436879133e-05,0.01837330796882358,5.64091128546031e-06,0.09428315149152276,5.755415497337361e-05,0.01837330796882358,0.000703892387812142,0.012834070685065849,1.5303589804831408e-05,55.53779482172953
22,28.639510004927523,0.0,0.0,0.0,0.0,0.0,0.0,0.0,0.0,0.0,0.0,0.0
32,163.50464849878296,0.8652081909547824,0.000312450878530837,0.08155240622688223,2.305080163963291e-05,0.9467605971816646,0.0003355016801704699,0.08155240622688223,0.0030957867325530205,0.1395894695174536,6.322543243493915e-05,604.0555259178572
23,0.012062382071966044,0.0,0.0,0.0,0.0,0.0,0.0,0.0,0.0,0.0,0.0,0.0
total,225.60213163817014,0.9411180344774815,0.00036436412221875025,0.09992571419570581,2.869171292509322e-05,1.0410437486731874,0.0003930558351438435,0.09992571419570581,0.0037996791203651625,0.15242354020251944,7.852902223977057e-05,659.5933207395867
