fertile_kgm3,leakage,leakage_stdev
25.0,0.040048,0.00023052440217902754
