fertile_kgm3,void_cell,cellfrom,leakage,leakage_stdev
75.0,99,"[42, 44]",0.11369196999722818,4.8296418978583435e-05
75.0,98,[44],0.057858108802430766,1.8177518996153483e-05
75.0,total,,0.17155007879965894,5.1603936700705255e-05
