fertile_kgm3,leakage,leakage_stdev
75,0.0010078000000000003,1.3679607694179336e-05
