cell,flux,tbr,tbr_stdev,"U238(n,g)","U238(n,g)_stdev",Pu239_kg/yr,Pu239_kg/yr_stdev,"Li6(n,t)","Li6(n,t)_stdev","Li7(n,t)","Li7(n,t)_stdev","U238(n,fis)","U238(n,fis)_stdev",heat_eV_src,heat_eV_src_stdev
11,2.356429495132007,0.0,0.0,0.0,0.0,0.0,0.0,0.0,0.0,0.0,0.0,0.0,0.0,847494.192882614,388.4467571862821
41,11.904246318354074,0.0,0.0,0.0,0.0,0.0,0.0,0.0,0.0,0.0,0.0,0.0,0.0,797446.1407294823,214.45109288654692
21,11.37572507887759,0.0,0.0,0.0,0.0,0.0,0.0,0.0,0.0,0.0,0.0,0.0,0.0,1165758.0972079323,346.36128123077435
31,21.573343818194157,0.1287441854994587,9.638810385331202e-05,0.008564621279058042,1.4325334490388827e-05,38.01852424480182,0.0635904447952009,0.11008766710028997,9.083188802969652e-05,0.018656518399168744,5.556215823615507e-06,0.0007005628656632156,1.622018617199857e-07,1843793.1511421176,500.428091904151
22,28.91990951998088,0.0,0.0,0.0,0.0,0.0,0.0,0.0,0.0,0.0,0.0,0.0,0.0,2492532.7788479268,530.7776283791173
32,160.52041021175674,1.008191985078659,0.00042458907673837906,0.06255548532240246,5.807515402137796e-05,277.6850438431377,0.2577967640648778,0.9285063412408658,0.0003826535271277549,0.07968564383779303,4.1935549610624126e-05,0.003060846585354528,1.2974219578444397e-06,10434416.397348313,3580.9883672246015
23,0.012312099905176501,0.0,0.0,0.0,0.0,0.0,0.0,0.0,0.0,0.0,0.0,0.0,0.0,626.6424560218052,9.15256828428685
total,236.66237654220063,1.1369361705781176,0.0005209771805916911,0.07112010660146051,7.240048851176679e-05,315.7035680879395,0.32138720886007865,1.0385940083411558,0.00047348541515745144,0.09834216223696177,4.7491765434239635e-05,0.003761409451017744,1.4596238195644254e-06,17582067.400614407,5570.60578709576
