fertile_kgm3,void_cell,cellfrom,leakage,leakage_stdev
750,99,[23],0.0007499700000000001,3.6877985754821194e-06
750,total,,0.0007499700000000001,3.6877985754821194e-06
