cell,flux,"Li6(n,t)","Li6(n,t)_stdev","Li7(n,t)","Li7(n,t)_stdev",tbr,tbr_stdev,"U238(n,fis)","U238(n,fis)_stdev","U238(n,g)","U238(n,g)_stdev",Pu239_kg/yr
11,2.0905899685788225,0.0,0.0,0.0,0.0,0.0,0.0,0.0,0.0,0.0,0.0,0.0
21,10.514616081987858,0.0,0.0,0.0,0.0,0.0,0.0,0.0,0.0,0.0,0.0,0.0
31,20.648829047293045,0.08331567768189097,0.00019928229426089875,0.019377625460926994,2.005787659938143e-05,0.10269330314281797,0.00021934017086028019,0.019377625460926994,0.0,0.0,0.0,0.0
22,28.47080294355039,0.0,0.0,0.0,0.0,0.0,0.0,0.0,0.0,0.0,0.0,0.0
32,164.0558453559013,0.9826884047138824,0.0009257353457084226,0.08760576198346938,0.00012799268293116486,1.0702941666973518,0.0010537280286395875,0.08760576198346938,0.0,0.0,0.0,0.0
23,0.012767719723370879,0.0,0.0,0.0,0.0,0.0,0.0,0.0,0.0,0.0,0.0,0.0
total,225.7934511170348,1.0660040823957733,0.0011250176399693213,0.10698338744439637,0.0001480505595305463,1.1729874698401697,0.0012730681994998676,0.10698338744439637,0.0,0.0,0.0,0.0
