cell,flux,"Li6(n,t)","Li6(n,t)_stdev","Li7(n,t)","Li7(n,t)_stdev",tbr,tbr_stdev,"Th232(n,fis)","Th232(n,fis)_stdev","Th232(n,g)","Th232(n,g)_stdev",U233_kg/yr
11,2.0897313992816704,0.0,0.0,0.0,0.0,0.0,0.0,0.0,0.0,0.0,0.0,0.0
21,10.508093460006432,0.0,0.0,0.0,0.0,0.0,0.0,0.0,0.0,0.0,0.0,0.0
31,20.640694167764345,0.0833102898032684,5.514613424638825e-05,0.019407698052183293,6.280820188789638e-06,0.10271798785545169,6.142695443517788e-05,0.019407698052183293,8.915515910421882e-06,0.00021979872491849432,3.962313223212418e-07,0.9511507912143368
22,28.449779850000215,0.0,0.0,0.0,0.0,0.0,0.0,0.0,0.0,0.0,0.0,0.0
32,164.1708424896968,0.9827488002903909,0.000268745830410563,0.08760142416255726,2.7642901180159197e-05,1.0703502244529481,0.00029638873159072216,0.08760142416255726,3.9856881956722504e-05,0.0028533944278538855,1.864869172554594e-06,12.347698416841181
23,0.013018748985753939,0.0,0.0,0.0,0.0,0.0,0.0,0.0,0.0,0.0,0.0,0.0
total,225.87216011573523,1.0660590900936593,0.00032389196465695125,0.10700912221474054,3.3923721368948835e-05,1.1730682123083997,0.00035781568602590003,0.10700912221474054,4.877239786714438e-05,0.00307319315277238,2.261100494875836e-06,13.298849208055518
