cell,flux,"Li6(n,t)","Li6(n,t)_stdev","Li7(n,t)","Li7(n,t)_stdev",tbr,tbr_stdev,"Th232(n,fis)","Th232(n,fis)_stdev","Th232(n,g)","Th232(n,g)_stdev",U233_kg/yr
11,2.0906806660491735,0.0,0.0,0.0,0.0,0.0,0.0,0.0,0.0,0.0,0.0,0.0
21,10.50841814344154,0.0,0.0,0.0,0.0,0.0,0.0,0.0,0.0,0.0,0.0,0.0
31,20.64732235515481,0.08335645578108385,0.00016078974417435606,0.01937775167712268,1.993680532464279e-05,0.10273420745820652,0.00018072654949899885,0.01937775167712268,8.90012633998504e-06,0.00022205150171247166,1.7222757005338132e-06,0.9608993938543904
22,28.467787896909375,0.0,0.0,0.0,0.0,0.0,0.0,0.0,0.0,0.0,0.0,0.0
32,164.08205137535964,0.9829802940214964,0.0011217225716769555,0.08759935391808057,0.0001255793761206906,1.070579647939577,0.001247301947797646,0.08759935391808057,3.982123641999195e-05,0.002862174141150288,7.70546768400872e-06,12.385691500065867
23,0.012790313436133438,0.0,0.0,0.0,0.0,0.0,0.0,0.0,0.0,0.0,0.0,0.0
total,225.80905075035068,1.0663367498025802,0.0012825123158513114,0.10697710559520325,0.0001455161814453334,1.1733138553977835,0.0014280284972966449,0.10697710559520325,4.872136275997699e-05,0.0030842256428627595,9.427743384542533e-06,13.346590893920258
