cell,flux,"Li6(n,t)","Li6(n,t)_stdev","Li7(n,t)","Li7(n,t)_stdev",tbr,tbr_stdev,"U238(n,fis)","U238(n,fis)_stdev","U238(n,g)","U238(n,g)_stdev",Pu239_kg/yr
11,1.967038386116324,0.0,0.0,0.0,0.0,0.0,0.0,0.0,0.0,0.0,0.0,0.0
21,24.039206812245972,0.0,0.0,0.0,0.0,0.0,0.0,0.0,0.0,0.0,0.0,0.0
31,64.74663751843539,0.47414640821812315,0.0013074998465515064,0.004465069473508032,1.6266752997698177e-05,0.4786114776916312,0.0013237665995492044,0.004465069473508032,0.0003317411652383079,0.0038701247623675362,2.4045772395723282e-05,17.179560813535527
22,0.6245483410665201,0.0,0.0,0.0,0.0,0.0,0.0,0.0,0.0,0.0,0.0,0.0
32,125.30737319407368,0.8964320055952919,0.0012891415625512998,0.009704487307490881,1.7382648585389593e-05,0.9061364929027828,0.0013065242111366894,0.009704487307490881,0.0007112973714276446,0.0073321828018808755,2.3901237768913676e-05,32.54770532612336
23,0.09241850296145834,0.0,0.0,0.0,0.0,0.0,0.0,0.0,0.0,0.0,0.0,0.0
total,216.77722275489933,1.3705784138134152,0.002596641409102806,0.014169556780998913,3.364940158308777e-05,1.384747970594414,0.002630290810685894,0.014169556780998913,0.0010430385366659524,0.011202307564248412,4.794701016463696e-05,49.727266139658894
