cell,flux,"Li6(n,t)","Li6(n,t)_stdev","Li7(n,t)","Li7(n,t)_stdev",tbr,tbr_stdev,"U238(n,fis)","U238(n,fis)_stdev","U238(n,g)","U238(n,g)_stdev",Pu239_kg/yr
11,1.967038386116423,0.0,0.0,0.0,0.0,0.0,0.0,0.0,0.0,0.0,0.0,0.0
21,24.039206812245872,0.0,0.0,0.0,0.0,0.0,0.0,0.0,0.0,0.0,0.0,0.0
31,64.74663751843576,0.4741464082181179,0.0013074998465562237,0.004465069473508036,1.6266752997744463e-05,0.47861147769162593,0.0013237665995539682,0.004465069473508036,0.0003317411652383138,0.0038701247623676,2.404577239569197e-05,17.179560813535808
22,0.6245483410665199,0.0,0.0,0.0,0.0,0.0,0.0,0.0,0.0,0.0,0.0,0.0
32,125.30737319407528,0.8964320055952868,0.0012891415625465152,0.009704487307490878,1.738264858525965e-05,0.9061364929027776,0.001306524211131775,0.009704487307490878,0.0007112973714276389,0.007332182801881015,2.390123776894518e-05,32.54770532612399
23,0.09241850296145816,0.0,0.0,0.0,0.0,0.0,0.0,0.0,0.0,0.0,0.0,0.0
total,216.77722275490132,1.3705784138134047,0.002596641409102739,0.014169556780998915,3.364940158300412e-05,1.3847479705944035,0.002630290810685743,0.014169556780998915,0.0010430385366659526,0.011202307564248615,4.794701016463715e-05,49.7272661396598
