fertile_kgm3,void_cell,cellfrom,leakage,leakage_stdev
0.5,99,"[42, 44]",0.11455198027636143,3.7996437489115254e-05
0.5,98,[44],0.05826319775542677,2.3736476593376107e-05
0.5,total,,0.1728151780317882,4.480122300710255e-05
