fertile_kgm3,void_cell,cellfrom,leakage,leakage_stdev
0.5,99,"[42, 44]",0.1145519802763614,3.799643749196868e-05
0.5,98,[44],0.05826319775542677,2.373647659223419e-05
0.5,total,,0.17281517803178817,4.4801223008917566e-05
