fertile_kgm3,void_cell,cellfrom,leakage,leakage_stdev
50,99,[23],0.026672400000000006,1.536621022402414e-05
50,total,,0.026672400000000006,1.536621022402414e-05
