fertile_kgm3,void_cell,cellfrom,leakage,leakage_stdev
10,99,[23],0.001032,3.483652297996096e-05
10,total,,0.001032,3.483652297996096e-05
