cell,flux,"Li6(n,t)","Li6(n,t)_stdev","Li7(n,t)","Li7(n,t)_stdev",tbr,tbr_stdev,"U238(n,fis)","U238(n,fis)_stdev","U238(n,g)","U238(n,g)_stdev",Pu239_kg/yr
11,1.9671320345618384,0.0,0.0,0.0,0.0,0.0,0.0,0.0,0.0,0.0,0.0,0.0
21,24.02246016153415,0.0,0.0,0.0,0.0,0.0,0.0,0.0,0.0,0.0,0.0,0.0
31,62.93906503014148,0.46168083126132,0.00094171277006032,0.0045532080930645105,1.67026873311893e-05,0.4662340393543845,0.0009584154573915093,0.0045532080930645105,0.002648599532185005,0.020627546754881997,7.93871443403504e-05,91.56609041532724
22,0.5526842900305998,0.0,0.0,0.0,0.0,0.0,0.0,0.0,0.0,0.0,0.0,0.0
32,120.82487042474266,0.8643493403253478,0.001388552552158337,0.009829973479839453,1.6524040648503104e-05,0.8741793138051873,0.0014050765928068402,0.009829973479839453,0.0056427853526129865,0.03835577711602039,0.00012405575122483598,170.26205767898423
23,0.07418488049594779,0.0,0.0,0.0,0.0,0.0,0.0,0.0,0.0,0.0,0.0,0.0
total,210.38039682150665,1.3260301715866678,0.002330265322218657,0.014383181572903964,3.322672797969241e-05,1.3404133531595719,0.0023634920501983494,0.014383181572903964,0.00829138488479799,0.05898332387090238,0.00020344289556518638,261.8281480943115
