fertile_kgm3,void_cell,cellfrom,leakage,leakage_stdev
25,99,[23],0.00100463,3.5073767500305675e-06
25,total,,0.00100463,3.5073767500305675e-06
