cell,flux,"Li6(n,t)","Li6(n,t)_stdev","Li7(n,t)","Li7(n,t)_stdev",tbr,tbr_stdev,"Th232(n,fis)","Th232(n,fis)_stdev","Th232(n,g)","Th232(n,g)_stdev",U233_kg/yr
11,1.9428414296721965,0.0,0.0,0.0,0.0,0.0,0.0,0.0,0.0,0.0,0.0,0.0
21,23.716974593696577,0.0,0.0,0.0,0.0,0.0,0.0,0.0,0.0,0.0,0.0,0.0
31,61.36272523229189,0.4826749267123086,0.0008329367044544219,0.004838696699034177,1.2445405517152171e-05,0.4875136234113428,0.000845382109971574,0.004838696699034177,3.1505345360946407e-07,1.1299017409621953e-05,2.9031031994682937e-08,0.04889504865458937
22,0.5365916280092798,0.0,0.0,0.0,0.0,0.0,0.0,0.0,0.0,0.0,0.0,0.0
32,118.37695250051051,0.9063260862777145,0.0008205708741570821,0.010549497965159808,1.3321064698520035e-05,0.9168755842428743,0.0008338919388556021,0.010549497965159808,6.787217267574656e-07,2.1065499400421172e-05,5.3557506952367394e-08,0.09115824684363229
23,0.07411821093719331,0.0,0.0,0.0,0.0,0.0,0.0,0.0,0.0,0.0,0.0,0.0
total,206.01020359511764,1.3890010129900232,0.001653507578611504,0.015388194664193985,2.5766470215672206e-05,1.404389207654217,0.0016792740488271762,0.015388194664193985,9.937751803669297e-07,3.236451681004313e-05,8.258853894705032e-08,0.14005329549822165
