cell,flux,"Li6(n,t)","Li6(n,t)_stdev","Li7(n,t)","Li7(n,t)_stdev",tbr,tbr_stdev,"Th232(n,fis)","Th232(n,fis)_stdev","Th232(n,g)","Th232(n,g)_stdev",U233_kg/yr
11,1.9629395665293305,0.0,0.0,0.0,0.0,0.0,0.0,0.0,0.0,0.0,0.0,0.0
21,23.98606928143755,0.0,0.0,0.0,0.0,0.0,0.0,0.0,0.0,0.0,0.0,0.0
31,64.56834415171062,0.47771277682578744,0.0011771646868342994,0.004503596993557557,1.6206934670329625e-05,0.482216373819345,0.001193371621504629,0.004503596993557557,3.2677958037945046e-07,1.2655812184496969e-05,5.7778195742931416e-08,0.05476640402353611
22,0.6214342948349567,0.0,0.0,0.0,0.0,0.0,0.0,0.0,0.0,0.0,0.0,0.0
32,124.9558180498608,0.9038795013612388,0.0012709697059653015,0.009786657847568608,1.6515798589970106e-05,0.9136661592088074,0.0012874855045552716,0.009786657847568608,7.026330682774677e-07,2.3884833137182335e-05,5.242673532549133e-08,0.10335855198831427
23,0.09124474279165462,0.0,0.0,0.0,0.0,0.0,0.0,0.0,0.0,0.0,0.0,0.0
total,216.18585008716488,1.3815922781870262,0.002448134392799601,0.014290254841126164,3.272273326029973e-05,1.3958825330281526,0.0024808571260599007,0.014290254841126164,1.029412648656918e-06,3.6540645321679305e-05,1.1020493106842275e-07,0.1581249560118504
