cell,flux,"Li6(n,t)","Li6(n,t)_stdev","Li7(n,t)","Li7(n,t)_stdev",tbr,tbr_stdev,"U238(n,fis)","U238(n,fis)_stdev","U238(n,g)","U238(n,g)_stdev",Pu239_kg/yr
11,1.9724039082481113,0.0,0.0,0.0,0.0,0.0,0.0,0.0,0.0,0.0,0.0,0.0
21,24.10336524624396,0.0,0.0,0.0,0.0,0.0,0.0,0.0,0.0,0.0,0.0,0.0
31,65.10966622739402,0.46575653024328406,0.0009718104556153812,0.004367720051024461,1.7603426497259958e-05,0.47012425029430854,0.0009894138821126411,0.004367720051024461,0.0011569918329584002,0.011434197226320903,5.108000149137943e-05,50.75662896287898
22,0.6222103452035632,0.0,0.0,0.0,0.0,0.0,0.0,0.0,0.0,0.0,0.0,0.0
32,126.02102720505306,0.8807648528572344,0.0009420929682924491,0.009507095640490293,1.535364020055001e-05,0.8902719484977246,0.0009574466084929991,0.009507095640490293,0.002484645413622447,0.021640989913608525,8.528987661797408e-05,96.06478475864684
23,0.09084623279513693,0.0,0.0,0.0,0.0,0.0,0.0,0.0,0.0,0.0,0.0,0.0
total,217.91951916493787,1.3465213831005185,0.0019139034239078303,0.013874815691514754,3.295706669780997e-05,1.3603961987920332,0.0019468604906056402,0.013874815691514754,0.003641637246580847,0.03307518713992943,0.00013636987810935352,146.8214137215258
