cell,flux,"Li6(n,t)","Li6(n,t)_stdev","Li7(n,t)","Li7(n,t)_stdev",tbr,tbr_stdev,"U238(n,fis)","U238(n,fis)_stdev","U238(n,g)","U238(n,g)_stdev",Pu239_kg/yr
11,1.97240390824802,0.0,0.0,0.0,0.0,0.0,0.0,0.0,0.0,0.0,0.0,0.0
21,24.103365246243282,0.0,0.0,0.0,0.0,0.0,0.0,0.0,0.0,0.0,0.0,0.0
31,65.10966622739522,0.465756530243293,0.0009718104556106211,0.00436772005102447,1.7603426497259958e-05,0.4701242502943175,0.000989413882107881,0.00436772005102447,0.0011569918329583967,0.011434197226321084,5.108000149152683e-05,50.75662896287977
22,0.6222103452028224,0.0,0.0,0.0,0.0,0.0,0.0,0.0,0.0,0.0,0.0,0.0
32,126.02102720505573,0.8807648528572504,0.0009420929682924491,0.00950709564049031,1.5353640200451934e-05,0.8902719484977407,0.0009574466084929011,0.00950709564049031,0.0024846454136224225,0.02164098991360875,8.528987661818595e-05,96.06478475864783
23,0.09084623279513679,0.0,0.0,0.0,0.0,0.0,0.0,0.0,0.0,0.0,0.0,0.0
total,217.91951916494023,1.3465213831005434,0.0019139034239030702,0.01387481569151478,3.295706669771189e-05,1.360396198792058,0.0019468604906007821,0.01387481569151478,0.0036416372465808192,0.03307518713992984,0.00013636987810971277,146.82141372152762
