cell,flux,tbr,tbr_stdev,"Th232(n,g)","Th232(n,g)_stdev",U233_kg/yr,U233_kg/yr_stdev,"Li6(n,t)","Li6(n,t)_stdev","Li7(n,t)","Li7(n,t)_stdev","Be9(n,2n)","Be9(n,2n)_stdev","Th232(n,fis)","Th232(n,fis)_stdev",heating [MW],heating_stdev,fisq [MW],fisq_stdev
11,1.9431748548716874,0.0,0.0,0.0,0.0,0.0,0.0,0.0,0.0,0.0,0.0,0.0,0.0,0.0,0.0,27.50461671408843,0.006126079553218586,0.0,0.0
21,23.710778840386553,0.0,0.0,0.0,0.0,0.0,0.0,0.0,0.0,0.0,0.0,0.0,0.0,0.0,0.0,181.32690967667267,0.012596997860705667,0.0,0.0
31,61.43095267180157,0.4876432001284229,0.00010227059170843139,1.127147349812454e-05,5.670187308635354e-09,0.04878552559175849,2.454187272866512e-05,0.48279750887227385,0.00010048386493538627,0.00484569125614902,1.7867267730451236e-06,0.16569145445931763,5.375648723439031e-05,3.156613043391215e-07,9.747626931786017e-11,271.012094477326,0.0494813098825487,0.00322853510222841,9.914462861150785e-07
22,0.5408223996116623,0.0,0.0,0.0,0.0,0.0,0.0,0.0,0.0,0.0,0.0,0.0,0.0,0.0,0.0,2.7148869957720776,0.002915965403150562,0.0,0.0
32,118.38657874834658,0.9169947517511118,0.0001502306511122037,2.1139990198886013e-05,6.661229284569684e-09,0.09149873200064566,2.883132997553669e-05,0.9064474265414639,0.00014846835468995792,0.010547325209647804,1.7622964222457893e-06,0.358830637123597,6.330874046905184e-05,6.78843372810571e-07,1.0658756980206233e-10,541.6872688241199,0.07004817342388259,0.006940155629717141,1.0882148153873334e-06
23,0.07333517357921174,0.0,0.0,0.0,0.0,0.0,0.0,0.0,0.0,0.0,0.0,0.0,0.0,0.0,0.0,0.3731607154055098,0.0007926072123525808,0.0,0.0
total,206.08564268859726,1.4046379518795347,0.0002525012428206351,3.2411463697010556e-05,1.2331416593205039e-08,0.14028425759240415,5.337320270420181e-05,1.3892449354137377,0.0002489522196253442,0.015393016465796824,3.549023195290913e-06,0.5245220915829146,0.00011706522770344214,9.945046771496926e-07,2.040638391199225e-10,1024.6189374033845,0.1419611333358587,0.01016869073194555,2.0796611015024117e-06
