cell,flux,tbr,tbr_stdev,"U238(n,g)","U238(n,g)_stdev",Pu239_kg/yr,Pu239_kg/yr_stdev,"Li6(n,t)","Li6(n,t)_stdev","Li7(n,t)","Li7(n,t)_stdev","U238(n,fis)","U238(n,fis)_stdev",heat_eV_src,heat_eV_src_stdev
11,1.9320657207049663,0.0,0.0,0.0,0.0,0.0,0.0,0.0,0.0,0.0,0.0,0.0,0.0,483499.67880664277,3719.2411022510196
21,23.67526050900387,0.0,0.0,0.0,0.0,0.0,0.0,0.0,0.0,0.0,0.0,0.0,0.0,3181214.931458577,9599.56492746153
31,61.67363653479792,0.4909748273102714,0.0033057331924221025,1.2519744867535681e-05,2.5181485789973546e-07,0.055575396538431424,0.0011178111638948441,0.48609717260161817,0.0032554042785758095,0.0048776547086532675,5.0328913846293014e-05,1.0648182628251913e-06,9.967005711229115e-09,4798825.747433955,32841.85536300298
22,0.5487699079696813,0.0,0.0,0.0,0.0,0.0,0.0,0.0,0.0,0.0,0.0,0.0,0.0,49172.055071781244,1497.1650964789997
32,118.40072758445868,0.9154114724964167,0.003341425901210117,2.285635194083904e-05,2.971215610359031e-07,0.10145980097628825,0.0013189285204610029,0.9048267556165541,0.003288080219066434,0.010584716879862588,5.334568214368278e-05,2.2791292635880165e-06,1.0738751056054057e-08,9535393.03678665,28017.988325861745
23,0.0698093088279893,0.0,0.0,0.0,0.0,0.0,0.0,0.0,0.0,0.0,0.0,0.0,0.0,6470.359218388809,448.9970302766154
total,206.3002695657631,1.4063862998066883,0.00664715909363222,3.537609680837472e-05,5.489364189356385e-07,0.15703519751471967,0.002436739684355847,1.3909239282181722,0.006543484497642244,0.015462371588515857,0.00010367459598997579,3.3439475264132078e-06,2.0705756767283173e-08,18054575.80877599,76124.8118453329
