cell,flux,tbr,tbr_stdev,"U238(n,g)","U238(n,g)_stdev","Th232(n,g)","Th232(n,g)_stdev",Pu239_kg/yr,Pu239_kg/yr_stdev,U233_kg/yr,U233_kg/yr_stdev,"Li6(n,t)","Li6(n,t)_stdev","Li7(n,t)","Li7(n,t)_stdev","Be9(n,2n)","Be9(n,2n)_stdev","Pb(n,2n)","Pb(n,2n)_stdev","tot(n,fis)","tot(n,fis)_stdev",heating [MW],heating_stdev,fisq [MW],fisq_stdev
11,1.9503614698332572,0.0,0.0,0.0,0.0,0.0,0.0,0.0,0.0,0.0,0.0,0.0,0.0,0.0,0.0,0.0,0.0,0.0,0.0,0.0,0.0,27.471184919144484,0.005638520311594032,0.0,0.0
21,23.803174134156716,0.0,0.0,0.0,0.0,0.0,0.0,0.0,0.0,0.0,0.0,0.0,0.0,0.0,0.0,0.0,0.0,0.0,0.0,0.0,0.0,181.1648079392826,0.014498229741952048,0.0,0.0
31,61.85134042045007,0.46984161757318466,0.00010807311981271011,0.0,0.0,0.014165274765923372,5.180179628939137e-06,0.0,0.0,61.31056198838874,0.02242100696945843,0.4651914349244318,0.00010649608011672305,0.004650182648752805,1.5770396959870534e-06,0.15903096875292116,4.6784555981063974e-05,0.0,0.0,0.0,0.0,274.15070652345076,0.052406238298112126,4.654450166042752,0.0013272762432509461
22,0.5434273118861914,0.0,0.0,0.0,0.0,0.0,0.0,0.0,0.0,0.0,0.0,0.0,0.0,0.0,0.0,0.0,0.0,0.0,0.0,0.0,0.0,2.6804807238070665,0.0034777985640984904,0.0,0.0
32,118.98722641256965,0.8820666032751163,0.0001308006923861219,0.0,0.0,0.026497023095805875,7.5132363276425224e-06,0.0,0.0,114.685200525108,0.03251901210610325,0.8719511703181817,0.0001289431152944975,0.010115432956934596,1.8575770916244073e-06,0.34415837800251553,6.817383580210466e-05,0.0,0.0,0.00045510818472066874,1.3045352898610662e-07,548.1379817599194,0.07287187436677085,9.997757299109853,0.0016762889511634856
23,0.07325680174620441,0.0,0.0,0.0,0.0,0.0,0.0,0.0,0.0,0.0,0.0,0.0,0.0,0.0,0.0,0.0,0.0,0.0,0.0,0.000978001389689375,1.6403921913492912e-07,0.3667608363109462,0.0008787363036645925,0.0,0.0
total,207.2087865506421,1.3519082208483009,0.000238873812198832,0.0,0.0,0.040662297861729244,1.269341595658166e-05,0.0,0.0,175.99576251349674,0.05494001907556168,1.3371426052426134,0.00023543919541122054,0.014765615605687402,3.4346167876114605e-06,0.5031893467554367,0.00011495839178316864,0.0,0.0,0.0014331095744100437,2.9449274812103577e-07,1033.9719227019152,0.14977139758619212,14.652207465152605,0.0030035651944144317
