cell,flux,tbr,tbr_stdev,"Th232(n,g)","Th232(n,g)_stdev",U233_kg/yr,U233_kg/yr_stdev,"Li6(n,t)","Li6(n,t)_stdev","Li7(n,t)","Li7(n,t)_stdev","Be9(n,2n)","Be9(n,2n)_stdev","tot(n,fis)","tot(n,fis)_stdev",heating [MW],heating_stdev,fisq [MW],fisq_stdev
11,1.9505143435217156,0.0,0.0,0.0,0.0,0.0,0.0,0.0,0.0,0.0,0.0,0.0,0.0,0.0,0.0,27.47016822243007,0.005298767763380642,0.0,0.0
21,23.803226292246727,0.0,0.0,0.0,0.0,0.0,0.0,0.0,0.0,0.0,0.0,0.0,0.0,0.0,0.0,181.16128291429038,0.013807171742024482,0.0,0.0
31,61.849409164764985,0.46981473153461195,0.00011553987473800502,0.01416032134069334,4.68221459095421e-06,61.28912242652783,0.020265699936313487,0.4651644827375934,0.00011390975501531256,0.004650248797018523,1.6301197226924594e-06,0.15902765910883038,5.031946461564897e-05,0.0,0.0,274.14040835456376,0.05764056718556355,4.654512561638921,0.001363234980921006
22,0.543482570350779,0.0,0.0,0.0,0.0,0.0,0.0,0.0,0.0,0.0,0.0,0.0,0.0,0.0,0.0,2.68051004651311,0.003518899734590237,0.0,0.0
32,118.98698189833866,0.8820573453338789,0.0001344628690493577,0.026502997700343447,5.564256552283992e-06,114.71105998550746,0.024083380090076774,0.8719417017735418,0.00013258439397605178,0.010115643560337135,1.8784750733059275e-06,0.3441583565214214,6.808300068971642e-05,0.00045511429240750517,1.3390446329615823e-07,548.1399988128466,0.07282054649147128,9.997735257142947,0.0017189305058676427
23,0.07327817749466382,0.0,0.0,0.0,0.0,0.0,0.0,0.0,0.0,0.0,0.0,0.0,0.0,0.0009779999529734055,1.679419449014316e-07,0.3669614039194245,0.0008539920759988216,0.0,0.0
total,207.20689244671752,1.3518720768684909,0.0002500027437873627,0.04066331904103679,1.0246471143238203e-05,176.0001824120353,0.044349080026390264,1.3371061845111352,0.0002464941489913643,0.014765892357355658,3.508594795998387e-06,0.5031860156302518,0.0001184024653053654,0.0014331142453809106,3.018464081975898e-07,1033.9593297545634,0.15393994499302902,14.652247818781868,0.003082165486788649
