cell,flux,"Li6(n,t)","Li6(n,t)_stdev","Li7(n,t)","Li7(n,t)_stdev",tbr,tbr_stdev,"Th232(n,fis)","Th232(n,fis)_stdev","Th232(n,g)","Th232(n,g)_stdev",U233_kg/yr
11,1.9662152448020322,0.0,0.0,0.0,0.0,0.0,0.0,0.0,0.0,0.0,0.0,0.0
21,24.0123056641408,0.0,0.0,0.0,0.0,0.0,0.0,0.0,0.0,0.0,0.0,0.0
31,64.71730637917709,0.46989516974508144,0.0010970337085961467,0.004424388328572686,1.7789654184472342e-05,0.4743195580736541,0.001114823362780619,0.004424388328572686,0.00019531166904365797,0.00704190066946057,2.0769009800162544e-05,30.472921969378596
22,0.6198827305549268,0.0,0.0,0.0,0.0,0.0,0.0,0.0,0.0,0.0,0.0,0.0
32,125.12952380049516,0.8859199768237005,0.0014901572750703048,0.009611827885457504,1.716174500055644e-05,0.895531804709158,0.0015073190200708612,0.009611827885457504,0.00042002423774083837,0.013223088492482485,2.5829806839232998e-05,57.221219488810775
23,0.08865766630902523,0.0,0.0,0.0,0.0,0.0,0.0,0.0,0.0,0.0,0.0,0.0
total,216.53389148547902,1.355815146568782,0.0025871909836664517,0.01403621621403019,3.495139918502878e-05,1.3698513627828122,0.00262214238285148,0.01403621621403019,0.0006153359067844963,0.020264989161943053,4.659881663939554e-05,87.69414145818936
