cell,flux,"Li6(n,t)","Li6(n,t)_stdev","Li7(n,t)","Li7(n,t)_stdev",tbr,tbr_stdev,"Th232(n,fis)","Th232(n,fis)_stdev","Th232(n,g)","Th232(n,g)_stdev",U233_kg/yr
11,1.9482973004247537,0.0,0.0,0.0,0.0,0.0,0.0,0.0,0.0,0.0,0.0,0.0
21,23.771048515543484,0.0,0.0,0.0,0.0,0.0,0.0,0.0,0.0,0.0,0.0,0.0
31,61.51651840452788,0.47425725829552023,0.0009311700911227393,0.004757515178286841,1.2182713210752224e-05,0.47901477347380705,0.0009433528043334915,0.004757515178286841,0.00018848703810484134,0.006285517991102498,1.7246111765441744e-05,27.199772940657525
22,0.5383015579722346,0.0,0.0,0.0,0.0,0.0,0.0,0.0,0.0,0.0,0.0,0.0
32,118.68103284654576,0.8917310870464286,0.0009448764670223113,0.010368851058464858,1.3647665538830201e-05,0.9020999381048934,0.0009585241325611415,0.010368851058464858,0.00040596349542224497,0.011808115585507194,2.4387398445899923e-05,51.09810571499128
23,0.07413331670328639,0.0,0.0,0.0,0.0,0.0,0.0,0.0,0.0,0.0,0.0,0.0
total,206.52933194171743,1.3659883453419488,0.0018760465581450507,0.0151263662367517,2.5830378749582426e-05,1.3811147115787006,0.0019018769368946329,0.0151263662367517,0.0005944505335270863,0.018093633576609692,4.163351021134167e-05,78.2978786556488
