cell,flux,"Li6(n,t)","Li6(n,t)_stdev","Li7(n,t)","Li7(n,t)_stdev",tbr,tbr_stdev,"U238(n,fis)","U238(n,fis)_stdev","U238(n,g)","U238(n,g)_stdev",Pu239_kg/yr
11,1.964308088257702,0.0,0.0,0.0,0.0,0.0,0.0,0.0,0.0,0.0,0.0,0.0
21,23.996952056551322,0.0,0.0,0.0,0.0,0.0,0.0,0.0,0.0,0.0,0.0,0.0
31,64.58745577894646,0.4778189558449889,0.0010278457387462977,0.004502132242725054,1.5814078939172823e-05,0.48232108808771396,0.0010436598176854705,0.004502132242725054,1.1071522314372712e-06,1.4386196340091469e-05,1.3168181106854532e-07,0.06386061175683425
22,0.622160600189266,0.0,0.0,0.0,0.0,0.0,0.0,0.0,0.0,0.0,0.0,0.0
32,125.00297710382056,0.9042697432351886,0.0010948322018652914,0.009787905016815254,1.6412242525296413e-05,0.9140576482520039,0.0011112444443905879,0.009787905016815254,2.3728036055698937e-06,2.7191670515971303e-05,1.5026850655113693e-07,0.12070436637938721
23,0.09110967358658062,0.0,0.0,0.0,0.0,0.0,0.0,0.0,0.0,0.0,0.0,0.0
total,216.26496330135188,1.3820886990801775,0.0021226779406115894,0.014290037259540308,3.2226321464469233e-05,1.3963787363397178,0.0021549042620760584,0.014290037259540308,3.479955837007165e-06,4.157786685606277e-05,2.8195031761968226e-07,0.18456497813622147
