cell,flux,"Li6(n,t)","Li6(n,t)_stdev","Li7(n,t)","Li7(n,t)_stdev",tbr,tbr_stdev,"U238(n,fis)","U238(n,fis)_stdev","U238(n,g)","U238(n,g)_stdev",Pu239_kg/yr
11,1.9334954688343324,0.0,0.0,0.0,0.0,0.0,0.0,0.0,0.0,0.0,0.0,0.0
21,23.573366891556773,0.0,0.0,0.0,0.0,0.0,0.0,0.0,0.0,0.0,0.0,0.0
31,60.98970823150048,0.4805477450120913,0.00019437632149731289,0.004980131639045724,3.95458183157192e-06,0.485527876651137,0.00019833090332888482,0.004980131639045724,3.2949732308378684e-05,0.00035357892406966986,8.446033692259242e-07,1.5695438781470707
22,0.5399561295208092,0.0,0.0,0.0,0.0,0.0,0.0,0.0,0.0,0.0,0.0,0.0
32,117.49476391520056,0.9021948534180207,0.000383386245897273,0.010838674459768199,5.285128620415942e-06,0.9130335278777889,0.000388671374517689,0.010838674459768199,7.056759537141378e-05,0.0006644397361985831,1.4507889084700708e-06,2.9494612075425977
23,0.0731720897868425,0.0,0.0,0.0,0.0,0.0,0.0,0.0,0.0,0.0,0.0,0.0
total,204.6044627263998,1.382742598430112,0.0005777625673945859,0.015818806098813924,9.239710451987863e-06,1.3985614045289259,0.0005870022778465738,0.015818806098813924,0.00010351732767979247,0.001018018660268253,2.295392277695995e-06,4.519005085689669
