cell,flux,"Li6(n,t)","Li6(n,t)_stdev","Li7(n,t)","Li7(n,t)_stdev",tbr,tbr_stdev,"U238(n,fis)","U238(n,fis)_stdev","U238(n,g)","U238(n,g)_stdev",Pu239_kg/yr
11,3.1006594706345014,0.0,0.0,0.0,0.0,0.0,0.0,0.0,0.0,0.0,0.0,0.0
21,10.420358109940835,0.0,0.0,0.0,0.0,0.0,0.0,0.0,0.0,0.0,0.0,0.0
31,20.470850022777153,0.07982530121679987,0.00019329007522128977,0.01901040552905899,2.7915876658695316e-05,0.09883570674585886,0.00022120595187998508,0.01901040552905899,0.0,0.0,0.0,0.0
22,28.221452344041865,0.0,0.0,0.0,0.0,0.0,0.0,0.0,0.0,0.0,0.0,0.0
32,164.60399492940445,0.9886898162705247,0.00103459098987352,0.08591785294061902,0.00018070238721764402,1.0746076692111437,0.001215293377091164,0.08591785294061902,0.0,0.0,0.0,0.0
23,0.014077478079091012,0.0,0.0,0.0,0.0,0.0,0.0,0.0,0.0,0.0,0.0,0.0
total,226.8313923548779,1.0685151174873244,0.0012278810650948096,0.104928258469678,0.00020861826387633933,1.1734433759570027,0.001436499328971149,0.104928258469678,0.0,0.0,0.0,0.0
