cell,flux,"Li6(n,t)","Li6(n,t)_stdev","Li7(n,t)","Li7(n,t)_stdev",tbr,tbr_stdev,"Th232(n,fis)","Th232(n,fis)_stdev","Th232(n,g)","Th232(n,g)_stdev",U233_kg/yr
11,3.102305186972175,0.0,0.0,0.0,0.0,0.0,0.0,0.0,0.0,0.0,0.0,0.0
21,10.417494372986395,0.0,0.0,0.0,0.0,0.0,0.0,0.0,0.0,0.0,0.0,0.0
31,20.460790735161638,0.07974673987596936,0.00016885893441407013,0.019011244832309624,2.842492125426298e-05,0.09875798470827898,0.00019728385566833312,0.019011244832309624,0.0,0.0,0.0,0.0
22,28.209131486646584,0.0,0.0,0.0,0.0,0.0,0.0,0.0,0.0,0.0,0.0,0.0
32,164.62248754492583,0.9895119440899128,0.001182648207274671,0.08591196080595698,0.00017982284982470648,1.0754239048958698,0.0013624710570993776,0.08591196080595698,0.0,0.0,0.0,0.0
23,0.014111545420968647,0.0,0.0,0.0,0.0,0.0,0.0,0.0,0.0,0.0,0.0,0.0
total,226.8263208721136,1.0692586839658822,0.001351507141688741,0.1049232056382666,0.00020824777107896947,1.1741818896041487,0.0015597549127677108,0.1049232056382666,0.0,0.0,0.0,0.0
