cell,flux,"Li6(n,t)","Li6(n,t)_stdev","Li7(n,t)","Li7(n,t)_stdev",tbr,tbr_stdev,"U238(n,fis)","U238(n,fis)_stdev","U238(n,g)","U238(n,g)_stdev",Pu239_kg/yr
11,2.063582782292909,0.0,0.0,0.0,0.0,0.0,0.0,0.0,0.0,0.0,0.0,0.0
21,25.269388275850257,0.0,0.0,0.0,0.0,0.0,0.0,0.0,0.0,0.0,0.0,0.0
31,68.11140562641496,0.41113259688001386,0.0005063456159009128,0.003623602625547881,8.94815145173275e-06,0.41475619950556175,0.0005152937673526455,0.003623602625547881,0.010388774316574319,0.0646781582803099,0.00012111964730027053,287.10763133236117
22,0.6024348400583861,0.0,0.0,0.0,0.0,0.0,0.0,0.0,0.0,0.0,0.0,0.0
32,130.60518802821838,0.771242788105343,0.0007788760331467624,0.007880416330946218,9.483793320943687e-06,0.7791232044362892,0.0007883598264677061,0.007880416330946218,0.022200208871088565,0.12107002171266934,0.00018959378499944736,537.4322349847139
23,0.08060260717628798,0.0,0.0,0.0,0.0,0.0,0.0,0.0,0.0,0.0,0.0,0.0
total,226.73260216001117,1.1823753849853569,0.0012852216490476752,0.011504018956494099,1.8431944772676437e-05,1.193879403941851,0.0013036535938203515,0.011504018956494099,0.03258898318766289,0.18574817999297924,0.0003107134322997179,824.539866317075
