cell,flux,"Li6(n,t)","Li6(n,t)_stdev","Li7(n,t)","Li7(n,t)_stdev",tbr,tbr_stdev,"U238(n,fis)","U238(n,fis)_stdev","U238(n,g)","U238(n,g)_stdev",Pu239_kg/yr
11,1.966889765743715,0.0,0.0,0.0,0.0,0.0,0.0,0.0,0.0,0.0,0.0,0.0
21,23.951345322827677,0.0,0.0,0.0,0.0,0.0,0.0,0.0,0.0,0.0,0.0,0.0
31,62.52899341330931,0.4724517703432243,0.0008722681251493795,0.004924011376771615,2.0205548477755022e-05,0.4773757817199959,0.0008924736736271345,0.004924011376771615,0.002500206647535248,0.018618316199417125,8.485685950584008e-05,82.64707600740246
22,0.5243877750163698,0.0,0.0,0.0,0.0,0.0,0.0,0.0,0.0,0.0,0.0,0.0
32,116.5214358017009,0.8621976120544744,0.0015252344646974271,0.010192795160219568,1.6704431036694193e-05,0.872390407214694,0.0015419388957341213,0.010192795160219568,0.0051108597383114854,0.033908178395482935,6.343873172452877e-05,150.51907847669779
23,0.06543063130308473,0.0,0.0,0.0,0.0,0.0,0.0,0.0,0.0,0.0,0.0,0.0
total,205.55848270990106,1.3346493823976986,0.0023975025898468065,0.015116806536991182,3.6909979514449214e-05,1.34976618893469,0.0024344125693612556,0.015116806536991182,0.007611066385846734,0.05252649459490006,0.00014829559123036886,233.16615448410025
