cell,flux,"Li6(n,t)","Li6(n,t)_stdev","Li7(n,t)","Li7(n,t)_stdev",tbr,tbr_stdev,"Th232(n,fis)","Th232(n,fis)_stdev","Th232(n,g)","Th232(n,g)_stdev",U233_kg/yr
11,2.122200928649352,0.0,0.0,0.0,0.0,0.0,0.0,0.0,0.0,0.0,0.0,0.0
21,10.686342693618458,0.0,0.0,0.0,0.0,0.0,0.0,0.0,0.0,0.0,0.0,0.0
31,21.02279531014054,0.07898183466614478,0.00010040676402318824,0.019651628639964204,1.4262425339879013e-05,0.09863346330610898,0.00011466918936306724,0.019651628639964204,1.120177672268214e-06,3.116293110815445e-05,1.5653757776681927e-07,0.13485358748587056
22,29.038439297316653,0.0,0.0,0.0,0.0,0.0,0.0,0.0,0.0,0.0,0.0,0.0
32,170.5765713429209,0.9793442285829048,0.00094214981217513,0.08884058706364562,8.659550578862746e-05,1.0681848156465503,0.0010287453179637575,0.08884058706364562,5.014256668546911e-06,0.0004252816937349308,8.61797967170379e-07,1.8403519840024176
23,0.014239816649295198,0.0,0.0,0.0,0.0,0.0,0.0,0.0,0.0,0.0,0.0,0.0
total,233.4605893892952,1.0583260632490497,0.0010425565761983183,0.10849221570360981,0.00010085793112850648,1.1668182789526593,0.0011434145073268248,0.10849221570360981,6.134434340815125e-06,0.00045644462484308523,1.0183355449371982e-06,1.9752055714882881
