cell,flux,"Li6(n,t)","Li6(n,t)_stdev","Li7(n,t)","Li7(n,t)_stdev",tbr,tbr_stdev,"Th232(n,fis)","Th232(n,fis)_stdev","Th232(n,g)","Th232(n,g)_stdev",U233_kg/yr,U233_kg/yr_stdev
11,2.3426555888232463,0.0,0.0,0.0,0.0,0.0,0.0,0.0,0.0,0.0,0.0,0.0,0.0
41,11.8371878312057,0.0,0.0,0.0,0.0,0.0,0.0,0.0,0.0,0.0,0.0,0.0,0.0
21,11.317479937829694,0.0,0.0,0.0,0.0,0.0,0.0,0.0,0.0,0.0,0.0,0.0,0.0
31,21.47458251950971,0.11411755166032127,1.6038195259374327e-05,0.018952264823619322,2.189324327535356e-06,0.1330698164839406,1.8227519586909685e-05,1.4093092539151672e-06,1.4039737829089897e-10,6.137147546800039e-05,2.8953851503174123e-08,0.2655771887258485,0.0001252940788267023
22,28.78672734370943,0.0,0.0,0.0,0.0,0.0,0.0,0.0,0.0,0.0,0.0,0.0,0.0
32,160.11045995593196,0.9792828460307045,0.00011567054649303501,0.08139964805381132,1.6278988446397542e-05,1.0606824940845159,0.00013194953493943256,6.0685832095777275e-06,1.0187669886773936e-09,0.0005650684346746186,1.5969505709520118e-07,2.4452611766984225,0.0006910598774649152
23,0.012285601158044395,0.0,0.0,0.0,0.0,0.0,0.0,0.0,0.0,0.0,0.0,0.0,0.0
total,235.8813787781678,1.0934003976910258,0.00013170874175240935,0.10035191287743064,1.84683127739329e-05,1.1937523105684564,0.00015017705452634224,7.477892463492895e-06,1.1591643669682927e-09,0.000626439910142619,1.886489085983753e-07,2.710838365424271,0.0008163539562916175
