fertile_kgm3,void_cell,cellfrom,leakage,leakage_stdev
3000,99,[23],0.0003416000000000001,6.95952584591784e-06
3000,total,,0.0003416000000000001,6.95952584591784e-06
