cell,flux,"Li6(n,t)","Li6(n,t)_stdev","Li7(n,t)","Li7(n,t)_stdev",tbr,tbr_stdev,"Th232(n,fis)","Th232(n,fis)_stdev","Th232(n,g)","Th232(n,g)_stdev",U233_kg/yr
11,2.0936331896161486,0.0,0.0,0.0,0.0,0.0,0.0,0.0,0.0,0.0,0.0,0.0
21,10.518398529192329,0.0,0.0,0.0,0.0,0.0,0.0,0.0,0.0,0.0,0.0,0.0
31,20.661856332570938,0.08059235719457997,0.00024154575013322162,0.01908263045282668,2.043472362847094e-05,0.09967498764740665,0.00026198047376169256,0.01908263045282668,0.00021907104144333172,0.004715739202906391,2.3333653440233128e-05,20.40675657089524
22,28.522319863901828,0.0,0.0,0.0,0.0,0.0,0.0,0.0,0.0,0.0,0.0,0.0
32,163.74446575343643,0.9376146832519392,0.0010864202017643167,0.08580054587028947,0.00012721529150971537,1.0234152291222287,0.001213635493274032,0.08580054587028947,0.0009757695578877809,0.055710411440744866,0.00011240668787581418,241.07966022273365
23,0.012530577434411286,0.0,0.0,0.0,0.0,0.0,0.0,0.0,0.0,0.0,0.0,0.0
total,225.55320424615206,1.018207040446519,0.0013279659518975382,0.10488317632311615,0.00014765001513818632,1.1230902167696353,0.0014756159670357247,0.10488317632311615,0.0011948405993311127,0.060426150643651255,0.0001357403413160473,261.4864167936289
