fertile_kgm3,void_cell,cellfrom,leakage,leakage_stdev
0.0,99,[23],0.04237,0.0006152777150740028
0.0,total,,0.04237,0.0006152777150740028
