fertile_kgm3,void_cell,cellfrom,leakage,leakage_stdev
250.0,99,[23],0.000962,1.0925886691707074e-05
250.0,total,,0.000962,1.0925886691707074e-05
