fertile_kgm3,void_cell,cellfrom,leakage,leakage_stdev
0.5,99,[23],0.0011400000000000004,0.00012168949557514523
0.5,total,,0.0011400000000000004,0.00012168949557514523
