fertile_kgm3,void_cell,cellfrom,leakage,leakage_stdev
50.0,99,[23],0.0009790299999999997,3.631124710980922e-06
50.0,total,,0.0009790299999999997,3.631124710980922e-06
