cell,flux,tbr,tbr_stdev,"U238(n,g)","U238(n,g)_stdev","Th232(n,g)","Th232(n,g)_stdev",Pu239_kg/yr,Pu239_kg/yr_stdev,U233_kg/yr,U233_kg/yr_stdev,"Li6(n,t)","Li6(n,t)_stdev","Li7(n,t)","Li7(n,t)_stdev","Be9(n,2n)","Be9(n,2n)_stdev","Pb(n,2n)","Pb(n,2n)_stdev","tot(n,fis)","tot(n,fis)_stdev",heating [MW],heating_stdev,fisq [MW],fisq_stdev
11,2.344217072295876,0.0,0.0,0.0,0.0,0.0,0.0,0.0,0.0,0.0,0.0,0.0,0.0,0.0,0.0,0.0,0.0,0.0,0.0,0.0,0.0,48.07679524870476,0.009796704496946359,0.0,0.0
41,11.842383410515827,0.0,0.0,0.0,0.0,0.0,0.0,0.0,0.0,0.0,0.0,0.0,0.0,0.0,0.0,0.12045204803828093,1.6734817303539394e-05,0.0,0.0,0.0,0.0,45.24818268491851,0.004491992503466611,0.0,0.0
21,11.319015950428627,0.0,0.0,0.0,0.0,0.0,0.0,0.0,0.0,0.0,0.0,0.0,0.0,0.0,0.0,0.0,0.0,0.0,0.0,0.0,0.0,66.18906352573546,0.0074119543846624504,0.0,0.0
31,21.463735441985975,0.12994709562162635,3.370738125084664e-05,0.0,0.0,0.005375967285682142,3.025178435949014e-06,0.0,0.0,23.268420906968515,0.013093666948796287,0.11119766077863441,3.1549971374445966e-05,0.01874943484299193,2.1574098764006764e-06,0.018830515842817676,2.1750307534219723e-06,0.0,0.0,0.0,0.0,96.42378380447515,0.012182272317828816,1.4322206427598747,0.00012531129972002567
22,28.765147736947878,0.0,0.0,0.0,0.0,0.0,0.0,0.0,0.0,0.0,0.0,0.0,0.0,0.0,0.0,0.0,0.0,0.0,0.0,0.00014082930478924265,1.2198234915523717e-08,141.52001601576137,0.013639832484108352,0.0,0.0
32,159.32568893973846,1.0182501862315547,0.0001247669776442746,0.0,0.0,0.045497897810243694,9.39611721791709e-06,0.0,0.0,196.92534949952923,0.04066855296906204,0.9380575210582321,0.00010828541932372418,0.08019266517332248,1.6481558320550417e-05,0.08580694870173648,1.4214535551456153e-05,0.0,0.0,0.0006039816555211943,9.593473744311648e-08,549.3157829708083,0.059891167044939915,6.188068865964886,0.000972117714701235
23,0.01189697659137403,0.0,0.0,0.0,0.0,0.0,0.0,0.0,0.0,0.0,0.0,0.0,0.0,0.0,0.0,0.0,0.0,0.0,0.0,0.0,0.0,0.03626967115272417,0.0002166877793558675,0.0,0.0
total,235.072085528504,1.1481972818531812,0.00015847435889512122,0.0,0.0,0.050873865095925834,1.2421295653866105e-05,0.0,0.0,220.19377040649775,0.05376221991785833,1.0492551818368665,0.00013983539069817015,0.0989421000163144,1.8638968196951093e-05,0.2250895125828351,3.312438360841752e-05,0.0,0.0,0.0007448109603104369,1.0813297235864019e-07,946.8098939215563,0.10763061101130837,7.620289508724761,0.0010974290144212607
