fertile_kgm3,void_cell,cellfrom,leakage,leakage_stdev
50.0,99,[23],0.00097927,3.6789072199970227e-06
50.0,total,,0.00097927,3.6789072199970227e-06
