fertile_kgm3,void_cell,cellfrom,leakage,leakage_stdev
50.0,99,[23],0.0009793800000000002,3.677695156840383e-06
50.0,total,,0.0009793800000000002,3.677695156840383e-06
