cell,flux,tbr,tbr_stdev,"U238(n,g)","U238(n,g)_stdev","Th232(n,g)","Th232(n,g)_stdev",Pu239_kg/yr,Pu239_kg/yr_stdev,U233_kg/yr,U233_kg/yr_stdev,"Li6(n,t)","Li6(n,t)_stdev","Li7(n,t)","Li7(n,t)_stdev","Be9(n,2n)","Be9(n,2n)_stdev","Pb(n,2n)","Pb(n,2n)_stdev","tot(n,fis)","tot(n,fis)_stdev",heating [MW],heating_stdev,fisq [MW],fisq_stdev
11,2.344217072295831,0.0,0.0,0.0,0.0,0.0,0.0,0.0,0.0,0.0,0.0,0.0,0.0,0.0,0.0,0.0,0.0,0.0,0.0,0.0,0.0,48.07679524870411,0.009796704494432247,0.0,0.0
41,11.842383410515572,0.0,0.0,0.0,0.0,0.0,0.0,0.0,0.0,0.0,0.0,0.0,0.0,0.0,0.0,0.12045204803828077,1.6734817310018115e-05,0.0,0.0,0.0,0.0,45.24818268491884,0.004491992503466611,0.0,0.0
21,11.319015950428541,0.0,0.0,0.0,0.0,0.0,0.0,0.0,0.0,0.0,0.0,0.0,0.0,0.0,0.0,0.0,0.0,0.0,0.0,0.0,0.0,66.18906352573472,0.007411954386877793,0.0,0.0
31,21.463735441986458,0.12994709562162723,3.3707381251893616e-05,0.0,0.0,0.005375967285682316,3.025178435809017e-06,0.0,0.0,23.26842090696927,0.013093666948190348,0.1111976607786352,3.1549971374445966e-05,0.018749434842992033,2.1574098774476514e-06,0.018830515842817724,2.175030752902726e-06,0.0,0.0,0.0,0.0,96.42378380447748,0.012182272336698873,1.4322206427598594,0.00012531129959206298
22,28.765147736947437,0.0,0.0,0.0,0.0,0.0,0.0,0.0,0.0,0.0,0.0,0.0,0.0,0.0,0.0,0.0,0.0,0.0,0.0,0.00014082930478924465,1.2198234932476591e-08,141.52001601576242,0.013639832488923663,0.0,0.0
32,159.3256889397378,1.0182501862315634,0.00012476697761852918,0.0,0.0,0.0454978978102454,9.39611721887866e-06,0.0,0.0,196.92534949953662,0.04066855297322393,0.9380575210582407,0.00010828541930236428,0.08019266517332259,1.64815583161649e-05,0.08580694870173451,1.4214535551456153e-05,0.0,0.0,0.0006039816555212061,9.593473747760578e-08,549.3157829708272,0.059891167150218964,6.188068865964804,0.0009721177148331959
23,0.01189697659137403,0.0,0.0,0.0,0.0,0.0,0.0,0.0,0.0,0.0,0.0,0.0,0.0,0.0,0.0,0.0,0.0,0.0,0.0,0.0,0.0,0.036269671152724135,0.00021668777935590365,0.0,0.0
total,235.072085528503,1.1481972818531907,0.0001584743588704228,0.0,0.0,0.050873865095927714,1.2421295654687676e-05,0.0,0.0,220.1937704065059,0.05376221992141428,1.0492551818368758,0.00013983539067681026,0.09894210001631462,1.8638968193612553e-05,0.225089512582833,3.3124383614376996e-05,0.0,0.0,0.0007448109603104508,1.0813297241008237e-07,946.8098939215774,0.10763061113997405,7.620289508724664,0.0010974290144252588
