fertile_kgm3,void_cell,cellfrom,leakage,leakage_stdev
150,99,"[42, 44]",0.11441866645911411,5.671547916682708e-05
150,98,[44],0.05836620197567595,2.16179190324529e-05
150,total,,0.17278486843479007,6.0695798869579816e-05
