fertile_kgm3,void_cell,cellfrom,leakage,leakage_stdev
150,99,"[42, 44]",0.1144186664591141,5.671547916810167e-05
150,98,[44],0.05836620197567596,2.1617919031199077e-05
150,total,,0.17278486843479007,6.069579887032424e-05
