fertile_kgm3,void_cell,cellfrom,leakage,leakage_stdev
500,99,[23],0.0009315299999999999,4.068228525211723e-06
500,total,,0.0009315299999999999,4.068228525211723e-06
