cell,flux,tbr,tbr_stdev,"U238(n,g)","U238(n,g)_stdev","Th232(n,g)","Th232(n,g)_stdev",Pu239_kg/yr,Pu239_kg/yr_stdev,U233_kg/yr,U233_kg/yr_stdev,"Li6(n,t)","Li6(n,t)_stdev","Li7(n,t)","Li7(n,t)_stdev","Be9(n,2n)","Be9(n,2n)_stdev","Pb(n,2n)","Pb(n,2n)_stdev","tot(n,fis)","tot(n,fis)_stdev",heating [MW],heating_stdev,fisq [MW],fisq_stdev
11,2.431759059611793,0.0,0.0,0.0,0.0,0.0,0.0,0.0,0.0,0.0,0.0,0.0,0.0,0.0,0.0,0.0,0.0,0.0,0.0,0.0,0.0,48.65376719236183,0.008269411181734066,0.0,0.0
41,12.281980249164876,0.0,0.0,0.0,0.0,0.0,0.0,0.0,0.0,0.0,0.0,0.0,0.0,0.0,0.0,0.12048093672342168,1.6713141380173916e-05,0.0,0.0,0.0,0.0,45.590806195425415,0.004943743907643075,0.0,0.0
21,11.740754706025957,0.0,0.0,0.0,0.0,0.0,0.0,0.0,0.0,0.0,0.0,0.0,0.0,0.0,0.0,0.0,0.0,0.0,0.0,0.0,0.0,66.49836969824135,0.007350981418445161,0.0,0.0
31,22.267879426415497,0.11672623304218968,1.9161148377585966e-05,0.03229412729877646,9.887566353654494e-06,0.0,0.0,143.3826931448593,0.043899805042546876,0.0,0.0,0.09968938798705809,1.7000567653319373e-05,0.017036845055131592,2.1605807242665923e-06,0.01717439634853998,1.876076205586433e-06,0.0,0.0,0.0,0.0,161.00123412931293,0.011398788344210634,61.54710808564208,0.004572454077718532
22,29.949878539699142,0.0,0.0,0.0,0.0,0.0,0.0,0.0,0.0,0.0,0.0,0.0,0.0,0.0,0.0,0.0,0.0,0.0,0.0,0.005734910752708313,4.1780130415602973e-07,141.61038993344786,0.013546928768917957,0.0,0.0
32,166.98564486470275,0.8859697087803899,6.203327743263557e-05,0.23490997455049784,2.7509325198711743e-05,0.0,0.0,1042.9767767378826,0.12213865069326313,0.0,0.0,0.8153748981520027,4.949159255323976e-05,0.07059481062838724,1.2541684879395813e-05,0.0762901198425795,1.0835676954275289e-05,0.0,0.0,0.028853302069304407,2.761926885271031e-06,868.9735917264467,0.06750394104598756,312.53259549521863,0.029141382002991004
23,0.011409043008159491,0.0,0.0,0.0,0.0,0.0,0.0,0.0,0.0,0.0,0.0,0.0,0.0,0.0,0.0,0.0,0.0,0.0,0.0,0.0,0.0,0.03247446357706076,0.00017434700954359876,0.0,0.0
total,245.6693058886282,1.0026959418225796,8.119442581022154e-05,0.2672041018492743,3.739689155236624e-05,0.0,0.0,1186.359469882742,0.16603845573581,0.0,0.0,0.9150642861390608,6.649216020655913e-05,0.08763165568351883,1.4702265603662405e-05,0.21394545291454115,2.942489454003564e-05,0.0,0.0,0.03458821282201272,3.1797281894270604e-06,1332.3606333388132,0.11318814167648204,374.0797035808607,0.03371383608070953
