cell,flux,tbr,tbr_stdev,"U238(n,g)","U238(n,g)_stdev",Pu239_kg/yr,Pu239_kg/yr_stdev,"Li6(n,t)","Li6(n,t)_stdev","Li7(n,t)","Li7(n,t)_stdev","Be9(n,2n)","Be9(n,2n)_stdev","U238(n,fis)","U238(n,fis)_stdev",heating [MW],heating_stdev,fisq [MW],fisq_stdev
11,2.4310063647280717,0.0,0.0,0.0,0.0,0.0,0.0,0.0,0.0,0.0,0.0,0.0,0.0,0.0,0.0,48.63875783263183,0.00921677790031791,0.0,0.0
41,12.279885410335776,0.0,0.0,0.0,0.0,0.0,0.0,0.0,0.0,0.0,0.0,0.12048406438442041,1.6720517353037298e-05,0.0,0.0,45.590595413705344,0.004826944471886236,0.0,0.0
21,11.739384042374438,0.0,0.0,0.0,0.0,0.0,0.0,0.0,0.0,0.0,0.0,0.0,0.0,0.0,0.0,66.49455765853908,0.007046705169466463,0.0,0.0
31,22.265050887788252,0.1167217253401843,2.0423970644318455e-05,0.0322710453332694,1.0728785054901987e-05,143.28021152809785,0.04763473188521329,0.09968481517939773,1.829688092664726e-05,0.017036910160786574,2.127089717671194e-06,0.017174009123330402,2.0353439640169043e-06,0.004679488263001622,4.2916214230488835e-07,160.99013794006135,0.01347594154369014,61.54464556757927,0.005132753658528032
22,29.94902653756587,0.0,0.0,0.0,0.0,0.0,0.0,0.0,0.0,0.0,0.0,0.0,0.0,0.0,0.0,141.61143000209083,0.01421762931041882,0.0,0.0
32,166.98113124152428,0.8859021884305988,0.00012134521174866312,0.2349000093867529,4.2306953537310916e-05,1042.932532408189,0.18783863954001007,0.8153074361090101,0.0001087044437824995,0.07059475232158864,1.2640767966163614e-05,0.0762893654711613,1.1162479082483516e-05,0.02005727563013969,2.7962877066396965e-06,868.9409700610843,0.08742209731237444,312.52231600608155,0.03444094187843626
23,0.011406251676870411,0.0,0.0,0.0,0.0,0.0,0.0,0.0,0.0,0.0,0.0,0.0,0.0,0.0,0.0,0.032630136982451256,0.0002011616064414297,0.0,0.0
total,245.65689073599356,1.002623913770783,0.00014176918239298158,0.2671710547200223,5.3035738592212906e-05,1186.2127439362869,0.23547337142522334,0.9149922512884079,0.00012700132470914676,0.08763166248237522,1.4767857683834808e-05,0.2139474389789121,2.9918340399537717e-05,0.024736763893141313,3.225449848944585e-06,1332.2990790450951,0.13640725731459544,374.0669615736608,0.03957369553696429
