fertile_kgm3,void_cell,cellfrom,leakage,leakage_stdev
500.0,99,[23],0.0009340100000000003,3.999335361445054e-06
500.0,total,,0.0009340100000000003,3.999335361445054e-06
