cell,flux,"Li6(n,t)","Li6(n,t)_stdev","Li7(n,t)","Li7(n,t)_stdev",tbr,tbr_stdev,"Th232(n,fis)","Th232(n,fis)_stdev","Th232(n,g)","Th232(n,g)_stdev",U233_kg/yr
11,2.090792316549334,0.0,0.0,0.0,0.0,0.0,0.0,0.0,0.0,0.0,0.0,0.0
21,10.51206223135392,0.0,0.0,0.0,0.0,0.0,0.0,0.0,0.0,0.0,0.0,0.0
31,20.647179506006932,0.08353068040555053,0.00016380398430919228,0.019406414611225865,2.074982097696545e-05,0.10293709501677639,0.00018455380528615772,0.019406414611225865,0.0,0.0,0.0,0.0
22,28.474715481689636,0.0,0.0,0.0,0.0,0.0,0.0,0.0,0.0,0.0,0.0,0.0
32,164.23111954630266,0.9857280657856726,0.0013937311891016053,0.08776610838029031,0.00012716100920898615,1.073494174165963,0.0015208921983105915,0.08776610838029031,0.0,0.0,0.0,0.0
23,0.012850018672291552,0.0,0.0,0.0,0.0,0.0,0.0,0.0,0.0,0.0,0.0,0.0
total,225.96871910057476,1.069258746191223,0.0015575351734107975,0.10717252299151617,0.0001479108301859516,1.1764312691827392,0.0017054460035967492,0.10717252299151617,0.0,0.0,0.0,0.0
