cell,flux,"Li6(n,t)","Li6(n,t)_stdev","Li7(n,t)","Li7(n,t)_stdev",tbr,tbr_stdev,"U238(n,fis)","U238(n,fis)_stdev","U238(n,g)","U238(n,g)_stdev",Pu239_kg/yr
11,3.1954972791366836,0.0,0.0,0.0,0.0,0.0,0.0,0.0,0.0,0.0,0.0,0.0
21,10.732130919251798,0.0,0.0,0.0,0.0,0.0,0.0,0.0,0.0,0.0,0.0,0.0
31,21.09407656290555,0.0735474905449465,0.0001883932198175313,0.018765390483271412,2.580850078142708e-05,0.09231288102821791,0.0002142017205989584,0.018765390483271412,0.0011371709867900898,0.0062891703152469615,2.436634081005986e-05,27.91775214796209
22,29.1283194900927,0.0,0.0,0.0,0.0,0.0,0.0,0.0,0.0,0.0,0.0,0.0
32,172.8541467780375,0.9305872427474483,0.0006512281609763794,0.0840868460239278,0.00017176148496471355,1.014674088771376,0.0008229896459410929,0.0840868460239278,0.005160926201595281,0.07661277012347223,0.0001133241218028622,340.0856107347929
23,0.015356098714654712,0.0,0.0,0.0,0.0,0.0,0.0,0.0,0.0,0.0,0.0,0.0
total,237.01952712813886,1.0041347332923949,0.0008396213807939106,0.10285223650719921,0.00019756998574614064,1.106986969799594,0.0010371913665400514,0.10285223650719921,0.006298097188385371,0.0829019404387192,0.00013769046261292205,368.003362882755
