fertile_kgm3,void_cell,cellfrom,leakage,leakage_stdev
100,99,[23],0.0010800000000000004,0.0001247664484814192
100,total,,0.0010800000000000004,0.0001247664484814192
