fertile_kgm3,void_cell,cellfrom,leakage,leakage_stdev
25.0,99,[23],0.00100436,3.511293683720545e-06
25.0,total,,0.00100436,3.511293683720545e-06
