cell,flux,tbr,tbr_stdev,"U238(n,g)","U238(n,g)_stdev","Th232(n,g)","Th232(n,g)_stdev",Pu239_kg/yr,Pu239_kg/yr_stdev,U233_kg/yr,U233_kg/yr_stdev,"Li6(n,t)","Li6(n,t)_stdev","Li7(n,t)","Li7(n,t)_stdev","Be9(n,2n)","Be9(n,2n)_stdev","Pb(n,2n)","Pb(n,2n)_stdev","tot(n,fis)","tot(n,fis)_stdev",heating [MW],heating_stdev,fisq [MW],fisq_stdev
11,2.3464677893096684,0.0,0.0,0.0,0.0,0.0,0.0,0.0,0.0,0.0,0.0,0.0,0.0,0.0,0.0,0.0,0.0,0.0,0.0,0.0,0.0,48.26023084385762,0.010936333288953335,0.0,0.0
41,11.854306984832856,0.0,0.0,0.0,0.0,0.0,0.0,0.0,0.0,0.0,0.0,0.0,0.0,0.0,0.0,0.12049775245980804,1.5518994195715448e-05,0.0,0.0,0.0,0.0,45.26414288573199,0.004259659630678829,0.0,0.0
21,11.331901304154957,0.0,0.0,0.0,0.0,0.0,0.0,0.0,0.0,0.0,0.0,0.0,0.0,0.0,0.0,0.0,0.0,0.0,0.0,0.0,0.0,66.24831906147162,0.007254841034848037,0.0,0.0
31,21.49360207205528,0.13125427165661702,3.600066864220433e-05,0.0035854856984193256,2.5514945582634887e-06,0.0,0.0,15.919197658306668,0.011328380479943573,0.0,0.0,0.11239664755957815,3.393317882117595e-05,0.018857624097038877,2.0674898210283815e-06,0.018943432794890653,2.1212699524652186e-06,0.0,0.0,0.0,0.0,97.90892606083207,0.011963693512843928,3.077529132100541,0.00027303954915235617
22,28.81149266727024,0.0,0.0,0.0,0.0,0.0,0.0,0.0,0.0,0.0,0.0,0.0,0.0,0.0,0.0,0.0,0.0,0.0,0.0,0.0002867997409094679,2.3138379488444418e-08,141.74347484580136,0.013387300662745833,0.0,0.0
32,160.12650436795573,1.0369992608346352,0.00013845623784709973,0.02731899662041553,1.0597573433035168e-05,0.0,0.0,121.29361085409778,0.047052165416049646,0.0,0.0,0.9561574789172619,0.00012139151066796373,0.08084178191737328,1.7064727179135986e-05,0.08655063541196617,1.4806031953145588e-05,0.0,0.0,0.0014840168571809227,1.6490080406653902e-07,559.9250875429119,0.06682236868488463,16.072186059921936,0.0020459637234933126
23,0.01213927977719925,0.0,0.0,0.0,0.0,0.0,0.0,0.0,0.0,0.0,0.0,0.0,0.0,0.0,0.0,0.0,0.0,0.0,0.0,0.0,0.0,0.03695336179626554,0.00024241468384989716,0.0,0.0
total,235.97641446535593,1.1682535324912522,0.00017445690648930406,0.030904482318834855,1.3149067991298658e-05,0.0,0.0,137.21280851240445,0.058380545895993216,0.0,0.0,1.0685541264768401,0.00015532468948913967,0.09969940601441216,1.9132217000164368e-05,0.22599182066666487,3.244629610132626e-05,0.0,0.0,0.0017708165980903907,1.8803918355498343e-07,959.3871346024029,0.11486661149880449,19.149715192022477,0.0023190032726456687
