fertile_kgm3,void_cell,cellfrom,leakage,leakage_stdev
25.0,99,[23],0.032873639572709994,2.5134348957880272e-05
25.0,total,,0.032873639572709994,2.5134348957880272e-05
