cell,flux,"Li6(n,t)","Li6(n,t)_stdev","Li7(n,t)","Li7(n,t)_stdev",tbr,tbr_stdev,"Th232(n,fis)","Th232(n,fis)_stdev","Th232(n,g)","Th232(n,g)_stdev",U233_kg/yr
11,2.0948647064085995,0.0,0.0,0.0,0.0,0.0,0.0,0.0,0.0,0.0,0.0,0.0
21,10.530336539210628,0.0,0.0,0.0,0.0,0.0,0.0,0.0,0.0,0.0,0.0,0.0
31,20.678666131974406,0.07960280910759153,5.796631834570551e-05,0.018967790974649627,5.88635560107252e-06,0.09857060008224115,6.385267394677803e-05,0.018967790974649627,0.0003050435715090115,0.006320472470339682,1.054919415772531e-05,27.35103396637668
22,28.509366202858093,0.0,0.0,0.0,0.0,0.0,0.0,0.0,0.0,0.0,0.0,0.0
32,163.64251256873524,0.9216274738148703,0.00046125701966171824,0.08500321230002056,2.461381007463488e-05,1.0066306861148908,0.0004858708297363531,0.08500321230002056,0.001354311954767555,0.07280360440857424,4.236808189140908e-05,315.0482604580585
23,0.01240839144648479,0.0,0.0,0.0,0.0,0.0,0.0,0.0,0.0,0.0,0.0,0.0
total,225.46815454063344,1.0012302829224617,0.0005192233380074238,0.10397100327467018,3.0500165675707402e-05,1.1052012861971319,0.0005497235036831311,0.10397100327467018,0.0016593555262765665,0.07912407687891392,5.2917276049134386e-05,342.3992944244352
