cell,flux,"Li6(n,t)","Li6(n,t)_stdev","Li7(n,t)","Li7(n,t)_stdev",tbr,tbr_stdev,"U238(n,fis)","U238(n,fis)_stdev","U238(n,g)","U238(n,g)_stdev",Pu239_kg/yr
11,3.1083563977640916,0.0,0.0,0.0,0.0,0.0,0.0,0.0,0.0,0.0,0.0,0.0
21,10.452863375804997,0.0,0.0,0.0,0.0,0.0,0.0,0.0,0.0,0.0,0.0,0.0
31,20.54168621499735,0.07887192163436484,0.00023113032533153755,0.019171438093838703,2.1511246810184514e-05,0.09804335972820354,0.0002526415721417221,0.019171438093838703,0.0,0.0,0.0,0.0
22,28.26214965139686,0.0,0.0,0.0,0.0,0.0,0.0,0.0,0.0,0.0,0.0,0.0
32,164.51519465951193,0.980177378464621,0.0009510363811551312,0.08450249550055466,9.97871112675229e-05,1.0646798739651757,0.001050823492422654,0.08450249550055466,0.0,0.0,0.0,0.0
23,0.013800048701191326,0.0,0.0,0.0,0.0,0.0,0.0,0.0,0.0,0.0,0.0,0.0
total,226.89405034817642,1.0590493000989858,0.0011821667064866688,0.10367393359439336,0.00012129835807770742,1.1627232336933793,0.0013034650645643762,0.10367393359439336,0.0,0.0,0.0,0.0
