cell,flux,"Li6(n,t)","Li6(n,t)_stdev","Li7(n,t)","Li7(n,t)_stdev",tbr,tbr_stdev,"Th232(n,fis)","Th232(n,fis)_stdev","Th232(n,g)","Th232(n,g)_stdev",U233_kg/yr
11,3.1124063513644864,0.0,0.0,0.0,0.0,0.0,0.0,0.0,0.0,0.0,0.0,0.0
21,10.460527251611483,0.0,0.0,0.0,0.0,0.0,0.0,0.0,0.0,0.0,0.0,0.0
31,20.554026945846747,0.07887881590840999,0.00013959944390156355,0.01917086992541043,2.1126776312891877e-05,0.09804968583382043,0.00016072622021445543,0.01917086992541043,4.3973892430579896e-05,0.000987702205162531,5.420157940272609e-06,4.274154612465812
22,28.263486084857753,0.0,0.0,0.0,0.0,0.0,0.0,0.0,0.0,0.0,0.0,0.0
32,164.550961051162,0.980710360618437,0.0007504856878626093,0.08449749791068233,0.00010027458764943964,1.0652078585291194,0.0008507602755120489,0.08449749791068233,0.0001926024448999154,0.013546145680719606,3.123736262627374e-05,58.61920803634745
23,0.01375893735437449,0.0,0.0,0.0,0.0,0.0,0.0,0.0,0.0,0.0,0.0,0.0
total,226.95516662219686,1.059589176526847,0.0008900851317641728,0.10366836783609276,0.00012140136396233152,1.1632575443629398,0.0010114864957265044,0.10366836783609276,0.0002365763373304953,0.014533847885882138,3.665752056654635e-05,62.893362648813266
