cell,flux,"Li6(n,t)","Li6(n,t)_stdev","Li7(n,t)","Li7(n,t)_stdev",tbr,tbr_stdev,"Th232(n,fis)","Th232(n,fis)_stdev","Th232(n,g)","Th232(n,g)_stdev",U233_kg/yr
11,3.1188256578772995,0.0,0.0,0.0,0.0,0.0,0.0,0.0,0.0,0.0,0.0,0.0
21,10.467676582396491,0.0,0.0,0.0,0.0,0.0,0.0,0.0,0.0,0.0,0.0,0.0
31,20.536744220602884,0.0754416184282068,0.000180926262049654,0.01844224304548678,2.5300738510736185e-05,0.09388386147369358,0.00020622700056039018,0.01844224304548678,0.00038111018010942666,0.007383350820732611,3.53496578136896e-05,31.950503705410455
22,28.30914878122386,0.0,0.0,0.0,0.0,0.0,0.0,0.0,0.0,0.0,0.0,0.0
32,163.88718360918895,0.9110677262107434,0.00072475684712644,0.08246053485835733,0.00016424842054211302,0.9935282610691007,0.000889005267668553,0.08246053485835733,0.001690134777977333,0.0886474399646026,0.00011325834502621995,383.6104267334744
23,0.012763917117188175,0.0,0.0,0.0,0.0,0.0,0.0,0.0,0.0,0.0,0.0,0.0
total,226.33234276840668,0.9865093446389502,0.000905683109176094,0.10090277790384411,0.0001895491590528492,1.0874121225427944,0.0010952322682289432,0.10090277790384411,0.0020712449580867595,0.09603079078533522,0.00014860800283990954,415.56093043888484
