cell,flux,"Li6(n,t)","Li6(n,t)_stdev","Li7(n,t)","Li7(n,t)_stdev",tbr,tbr_stdev,"U238(n,fis)","U238(n,fis)_stdev","U238(n,g)","U238(n,g)_stdev",Pu239_kg/yr
11,3.117580074240886,0.0,0.0,0.0,0.0,0.0,0.0,0.0,0.0,0.0,0.0,0.0
21,10.46088665483756,0.0,0.0,0.0,0.0,0.0,0.0,0.0,0.0,0.0,0.0,0.0
31,20.528302254722263,0.07540002627869094,6.50849111329686e-05,0.01844230339848012,2.5769951405533153e-05,0.09384232967717106,9.085486253850174e-05,0.01844230339848012,0.0,0.0,0.0,0.0
22,28.302215215770605,0.0,0.0,0.0,0.0,0.0,0.0,0.0,0.0,0.0,0.0,0.0
32,163.84817986873728,0.9112236449371259,0.0008656699306572927,0.08244664276552346,0.00016024524411748745,0.9936702877026494,0.0010259151747747802,0.08244664276552346,0.0,0.0,0.0,0.0
23,0.012871234623882778,0.0,0.0,0.0,0.0,0.0,0.0,0.0,0.0,0.0,0.0,0.0
total,226.27003530293246,0.9866236712158168,0.0009307548417902613,0.10088894616400358,0.0001860151955230206,1.0875126173798204,0.001116770037313282,0.10088894616400358,0.0,0.0,0.0,0.0
