cell,flux,tbr,tbr_stdev,"U238(n,g)","U238(n,g)_stdev",Pu239_kg/yr,Pu239_kg/yr_stdev,"Li6(n,t)","Li6(n,t)_stdev","Li7(n,t)","Li7(n,t)_stdev","U238(n,fis)","U238(n,fis)_stdev",heat_eV_src,heat_eV_src_stdev
11,1.9326351411067741,0.0,0.0,0.0,0.0,0.0,0.0,0.0,0.0,0.0,0.0,0.0,0.0,483060.9989440844,3545.8856618278082
21,23.683704028431677,0.0,0.0,0.0,0.0,0.0,0.0,0.0,0.0,0.0,0.0,0.0,0.0,3181028.5148299844,9533.77178151005
31,61.72333293874287,0.49158292846502066,0.003305835811574363,6.24594063956668e-05,1.186812025478887e-06,0.277258547575936,0.005268282191883903,0.48670787922201725,0.0032556299725141876,0.004875049243003423,5.02058390601754e-05,5.324142097816945e-06,4.991428657602801e-08,4803188.159181712,32976.29545079375
22,0.5466374037125793,0.0,0.0,0.0,0.0,0.0,0.0,0.0,0.0,0.0,0.0,0.0,0.0,49068.554748372444,1511.312398557231
32,118.38402661155834,0.9149619109286293,0.003438208837793673,0.00011447838886131641,1.551400949726032e-06,0.5081718456216998,0.006886699679854927,0.9043802593033965,0.003384790585545952,0.010581651625232802,5.341825224772082e-05,1.1396303726866958e-05,5.351477850836604e-08,9535473.156236101,28226.573921358056
23,0.06964373901510258,0.0,0.0,0.0,0.0,0.0,0.0,0.0,0.0,0.0,0.0,0.0,0.0,6415.525398106171,450.84845502414225
total,206.33997986256733,1.40654483939365,0.006744044649368036,0.0001769377952569832,2.738212975204919e-06,0.7854303931976359,0.01215498187173883,1.3910881385254137,0.006640420558060139,0.015456700868236226,0.00010362409130789622,1.67204458246839e-05,1.0342906508439405e-07,18058234.909338363,76244.68766907103
