cell,flux,"Li6(n,t)","Li6(n,t)_stdev","Li7(n,t)","Li7(n,t)_stdev",tbr,tbr_stdev,"U238(n,fis)","U238(n,fis)_stdev","U238(n,g)","U238(n,g)_stdev",Pu239_kg/yr
11,3.117065026833558,0.0,0.0,0.0,0.0,0.0,0.0,0.0,0.0,0.0,0.0,0.0
21,10.480003620123732,0.0,0.0,0.0,0.0,0.0,0.0,0.0,0.0,0.0,0.0,0.0
31,20.600058500699255,0.07876592788525719,0.00020538842914552433,0.019117753153493552,2.1330098208800586e-05,0.09788368103875074,0.00022671852735432492,0.019117753153493552,0.0002924050715564001,0.0018784986843063175,1.187167130815794e-05,8.338693031034147
22,28.34919786233508,0.0,0.0,0.0,0.0,0.0,0.0,0.0,0.0,0.0,0.0,0.0
32,164.96061617524364,0.9714662977704386,0.0008419442616559928,0.0841899864369823,9.700736272176816e-05,1.0556562842074209,0.000938951624377761,0.0841899864369823,0.0013051082848245757,0.025682577400356548,7.281508689037018e-05,114.00547201683659
23,0.013956221465268263,0.0,0.0,0.0,0.0,0.0,0.0,0.0,0.0,0.0,0.0,0.0
total,227.52089740670053,1.0502322256556957,0.0010473326908015171,0.10330773959047586,0.00011833746093056875,1.1535399652461715,0.0011656701517320858,0.10330773959047586,0.0015975133563809758,0.027561076084662864,8.468675819852813e-05,122.34416504787075
