cell,flux,"Li6(n,t)","Li6(n,t)_stdev","Li7(n,t)","Li7(n,t)_stdev",tbr,tbr_stdev,"U238(n,fis)","U238(n,fis)_stdev","U238(n,g)","U238(n,g)_stdev",Pu239_kg/yr
11,2.1305460051392013,0.0,0.0,0.0,0.0,0.0,0.0,0.0,0.0,0.0,0.0,0.0
21,10.71975866542671,0.0,0.0,0.0,0.0,0.0,0.0,0.0,0.0,0.0,0.0,0.0
31,21.08528726779163,0.07658141965357872,0.00014408545782072376,0.019389284489238497,1.9979023564672955e-05,0.09597070414281722,0.00016406448138539672,0.019389284489238497,0.0005869909644315567,0.004154910096430488,2.2124066645146684e-05,18.44372857704311
22,29.147202725842664,0.0,0.0,0.0,0.0,0.0,0.0,0.0,0.0,0.0,0.0,0.0
32,171.19465558134695,0.9393181694455126,0.0009583451825773002,0.08733918757236077,0.00011734470509967353,1.0266573570178734,0.0010756898876769737,0.08733918757236077,0.0026708066375752135,0.052078131171068374,0.0001377000620285349,231.17586032583927
23,0.014327689518208226,0.0,0.0,0.0,0.0,0.0,0.0,0.0,0.0,0.0,0.0,0.0
total,234.29177793506537,1.0158995890990914,0.0011024306403980238,0.10672847206159927,0.00013732372866434648,1.1226280611606907,0.0012397543690623705,0.10672847206159927,0.00325779760200677,0.05623304126749886,0.0001598241286736816,249.61958890288238
