cell,flux,"Li6(n,t)","Li6(n,t)_stdev","Li7(n,t)","Li7(n,t)_stdev",tbr,tbr_stdev,"U238(n,fis)","U238(n,fis)_stdev","U238(n,g)","U238(n,g)_stdev",Pu239_kg/yr
11,2.099336507439931,0.0,0.0,0.0,0.0,0.0,0.0,0.0,0.0,0.0,0.0,0.0
21,10.55601393741652,0.0,0.0,0.0,0.0,0.0,0.0,0.0,0.0,0.0,0.0,0.0
31,20.733998002575234,0.08154233353657664,0.0001852611756639061,0.019152411182153835,1.9492207823124784e-05,0.10069474471873047,0.00020475338348703088,0.019152411182153835,0.0005868696057035015,0.0036732205483768236,2.371422874640553e-05,16.305499090361135
22,28.609664967407145,0.0,0.0,0.0,0.0,0.0,0.0,0.0,0.0,0.0,0.0,0.0
32,164.92972023008423,0.9518623421255074,0.0009950718555054195,0.08618840711499826,0.00012439584578704567,1.0380507492405056,0.0011194677012924651,0.08618840711499826,0.002667000965600048,0.04411648933483511,0.00012614072986194436,195.83397382358476
23,0.012531041910829644,0.0,0.0,0.0,0.0,0.0,0.0,0.0,0.0,0.0,0.0,0.0
total,226.94126468683388,1.033404675662084,0.0011803330311693256,0.10534081829715208,0.00014388805361017045,1.138745493959236,0.001324221084779496,0.10534081829715208,0.0032538705713035495,0.047789709883211934,0.0001498549586083499,212.1394729139459
