fertile_kgm3,void_cell,cellfrom,leakage,leakage_stdev
75,99,"[22, 23]",0.05040298199172361,2.6197755602568527e-05
75,98,[23],0.007532718073186597,7.819651810811433e-06
75,total,,0.05793570006491021,2.7339885754227963e-05
