cell,flux,tbr,tbr_stdev,"Th232(n,g)","Th232(n,g)_stdev",U233_kg/yr,U233_kg/yr_stdev,"Li6(n,t)","Li6(n,t)_stdev","Li7(n,t)","Li7(n,t)_stdev","Be9(n,2n)","Be9(n,2n)_stdev","tot(n,fis)","tot(n,fis)_stdev",heating [MW],heating_stdev,fisq [MW],fisq_stdev
11,1.946501523388124,0.0,0.0,0.0,0.0,0.0,0.0,0.0,0.0,0.0,0.0,0.0,0.0,0.0,0.0,27.486596774745607,0.004946336804416671,0.0,0.0
21,23.753550112912905,0.0,0.0,0.0,0.0,0.0,0.0,0.0,0.0,0.0,0.0,0.0,0.0,0.0,0.0,181.2336761208576,0.013180630798833488,0.0,0.0
31,61.63537874713292,0.47816213291829895,7.592551737289374e-05,0.007625758088288997,2.691368396419517e-06,33.00603212478685,0.011648860444219767,0.47341584343040544,7.42130810975084e-05,0.004746289487893511,1.7124362753853414e-06,0.1623005170038916,5.112755338502443e-05,0.0,0.0,272.60041659223947,0.04824883456370326,2.373474108110232,0.0007466776110636371
22,0.5421969456746446,0.0,0.0,0.0,0.0,0.0,0.0,0.0,0.0,0.0,0.0,0.0,0.0,0.0,0.0,2.697135955011495,0.0033608071790154383,0.0,0.0
32,118.68668706713851,0.8985221993130292,0.00015825689836206297,0.01428365592156873,3.589973287104186e-06,61.82294281413255,0.015538228759610884,0.8881954485837649,0.0001564096909421068,0.010326750729264414,1.8472074199561875e-06,0.35133207077706474,6.771329726588948e-05,0.0002320680619850288,7.328966468809979e-08,544.9872270657286,0.07843162537816674,5.09993788752584,0.0008674433593780427
23,0.07325442254777963,0.0,0.0,0.0,0.0,0.0,0.0,0.0,0.0,0.0,0.0,0.0,0.0,0.0004988662894160951,8.476799866501682e-08,0.3699044912772413,0.0006403903586285795,0.0,0.0
total,206.63756881879488,1.3766843322313282,0.0002341824157349567,0.021909414009857728,6.2813416835237035e-06,94.8289749389194,0.02718708920383065,1.3616112920141703,0.0002306227720396152,0.015073040217157925,3.559643695341529e-06,0.5136325877809563,0.0001188408506509139,0.0007309343514011238,1.5805766335311662e-07,1029.3749569998602,0.14880862508276418,7.473411995636072,0.0016141209704416798
