fertile_kgm3,void_cell,cellfrom,leakage,leakage_stdev
75.0,99,[23],0.0009959999999999997,4.267146782886428e-06
75.0,total,,0.0009959999999999997,4.267146782886428e-06
