cell,flux,tbr,tbr_stdev,"U238(n,g)","U238(n,g)_stdev","Th232(n,g)","Th232(n,g)_stdev",Pu239_kg/yr,Pu239_kg/yr_stdev,U233_kg/yr,U233_kg/yr_stdev,"Li6(n,t)","Li6(n,t)_stdev","Li7(n,t)","Li7(n,t)_stdev","Be9(n,2n)","Be9(n,2n)_stdev","Pb(n,2n)","Pb(n,2n)_stdev","tot(n,fis)","tot(n,fis)_stdev",heating [MW],heating_stdev,fisq [MW],fisq_stdev
11,2.354300822160673,0.0,0.0,0.0,0.0,0.0,0.0,0.0,0.0,0.0,0.0,0.0,0.0,0.0,0.0,0.0,0.0,0.0,0.0,0.0,0.0,48.15096636658819,0.011618832469724817,0.0,0.0
41,11.892627841956093,0.0,0.0,0.0,0.0,0.0,0.0,0.0,0.0,0.0,0.0,0.0,0.0,0.0,0.0,0.12049302793175774,1.4967836842897423e-05,0.0,0.0,0.0,0.0,45.298956918784654,0.004100130510018374,0.0,0.0
21,11.367288537944692,0.0,0.0,0.0,0.0,0.0,0.0,0.0,0.0,0.0,0.0,0.0,0.0,0.0,0.0,0.0,0.0,0.0,0.0,0.0,0.0,66.22654760697131,0.006502936696339256,0.0,0.0
31,21.556554928326634,0.12866243705666652,3.40885973579572e-05,0.00854759530762646,5.74264207156964e-06,0.0,0.0,37.95046770520032,0.02549675606251249,0.0,0.0,0.10999678416500505,3.20293505455645e-05,0.018665652891661482,2.059246812392694e-06,0.01875721199036813,1.9744141039878515e-06,0.0,0.0,0.0,0.0,104.7435613519572,0.012597176726413278,9.221091631365045,0.0008389910252841789
22,28.905238490259386,0.0,0.0,0.0,0.0,0.0,0.0,0.0,0.0,0.0,0.0,0.0,0.0,0.0,0.0,0.0,0.0,0.0,0.0,0.0008593446935276683,6.610481221301869e-08,141.59527978006278,0.012991976027142709,0.0,0.0
32,160.56309106472878,1.0081087220354594,0.00012773971118591423,0.06253233697453355,1.3024870434796146e-05,0.0,0.0,277.63731780391487,0.05782912117506523,0.0,0.0,0.9283807758806663,0.00011052398954146079,0.07972794615479323,1.721572164445344e-05,0.0854396452025447,1.5261060743663048e-05,0.0,0.0,0.004424420984808189,5.007920665065907e-07,592.947720193953,0.06948509419570481,47.91525929392768,0.0061859820292225875
23,0.012039265058581342,0.0,0.0,0.0,0.0,0.0,0.0,0.0,0.0,0.0,0.0,0.0,0.0,0.0,0.0,0.0,0.0,0.0,0.0,0.0,0.0,0.03627631282117463,0.00019236732719162837,0.0,0.0
total,236.65114095043484,1.136771159092126,0.00016182830854387142,0.07107993228216,1.876751250636579e-05,0.0,0.0,315.5877855091152,0.08332587723757773,0.0,0.0,1.0383775600456713,0.0001425533400870253,0.09839359904645471,1.9274968456846133e-05,0.22468988512467059,3.220331169054832e-05,0.0,0.0,0.005283765678335857,5.668968787196094e-07,998.9993085311384,0.11748851395253487,57.13635092529273,0.007024973054506767
