cell,flux,tbr,tbr_stdev,"U238(n,g)","U238(n,g)_stdev",Pu239_kg/yr,Pu239_kg/yr_stdev,"Li6(n,t)","Li6(n,t)_stdev","Li7(n,t)","Li7(n,t)_stdev","Be9(n,2n)","Be9(n,2n)_stdev","U238(n,fis)","U238(n,fis)_stdev",heating [MW],heating_stdev,fisq [MW],fisq_stdev
11,2.354258359957744,0.0,0.0,0.0,0.0,0.0,0.0,0.0,0.0,0.0,0.0,0.0,0.0,0.0,0.0,48.14126493346369,0.011115190781240207,0.0,0.0
41,11.892188328743925,0.0,0.0,0.0,0.0,0.0,0.0,0.0,0.0,0.0,0.0,0.12049566664579554,1.4192879014032448e-05,0.0,0.0,45.298725187895776,0.004018379584216883,0.0,0.0
21,11.367321748746999,0.0,0.0,0.0,0.0,0.0,0.0,0.0,0.0,0.0,0.0,0.0,0.0,0.0,0.0,66.22611963343292,0.006772319615213494,0.0,0.0
31,21.557277023749617,0.12868803899898928,3.131494393590871e-05,0.008553490232863335,6.558889925052821e-06,37.97664058327597,0.029120814840238405,0.11002287858000122,2.9329881820009137e-05,0.01866516041898808,1.985062115899576e-06,0.018756808849529755,1.983590716220844e-06,0.0007007603815495697,5.3355191108538334e-08,104.75116362668089,0.012085515647160976,9.221225288922657,0.0008392561274201336
22,28.905254873452854,0.0,0.0,0.0,0.0,0.0,0.0,0.0,0.0,0.0,0.0,0.0,0.0,0.0,0.0,141.5957038591271,0.011878185494845607,0.0,0.0
32,160.5619671483315,1.0081444212080897,0.0001250533181462884,0.06252786767675612,1.363339336417166e-05,277.6174745690795,0.060530902079284486,0.9284163536645873,0.00010819037499527681,0.07972806754350228,1.6862943151011583e-05,0.08543797423757844,1.4891288803673737e-05,0.003062197653131776,4.6455387686256736e-07,592.951322128597,0.0715662707803216,47.91484331642756,0.006370703149180376
23,0.01204169935294707,0.0,0.0,0.0,0.0,0.0,0.0,0.0,0.0,0.0,0.0,0.0,0.0,0.0,0.0,0.036396756988714044,0.00018103942437462027,0.0,0.0
total,236.65030918233558,1.136832460207079,0.0001563682620821971,0.07108135790961946,2.0192283289224482e-05,315.59411515235547,0.0896517169195229,1.0384392322445886,0.00013752025681528594,0.09839322796249036,1.884800526691116e-05,0.22469044973290375,3.106775853392703e-05,0.0037629580346813457,5.179090679711057e-07,999.000696126186,0.11761690132737339,57.13606860535022,0.007209959276600509
