fertile_kgm3,void_cell,cellfrom,leakage,leakage_stdev
100,99,[23],0.00099033,3.95478929063797e-06
100,total,,0.00099033,3.95478929063797e-06
