cell,flux,tbr,tbr_stdev,"U238(n,g)","U238(n,g)_stdev",Pu239_kg/yr,Pu239_kg/yr_stdev,"Li6(n,t)","Li6(n,t)_stdev","Li7(n,t)","Li7(n,t)_stdev","Be9(n,2n)","Be9(n,2n)_stdev","tot(n,fis)","tot(n,fis)_stdev",heating [MW],heating_stdev,fisq [MW],fisq_stdev
11,2.3583639770014675,0.0,0.0,0.0,0.0,0.0,0.0,0.0,0.0,0.0,0.0,0.0,0.0,0.0,0.0,48.12833820993139,0.012102306124822514,0.0,0.0
41,11.912583529889801,0.0,0.0,0.0,0.0,0.0,0.0,0.0,0.0,0.0,0.0,0.12049304405690053,1.4137113341530995e-05,0.0,0.0,45.31629750726001,0.004112702581119541,0.0,0.0
21,11.386030156113026,0.0,0.0,0.0,0.0,0.0,0.0,0.0,0.0,0.0,0.0,0.0,0.0,0.0,0.0,66.2256272802936,0.006916200145547775,0.0,0.0
31,21.591268693547732,0.12763708266480628,2.8329029165471378e-05,0.010538271890054605,7.0317074356327445e-06,46.78887250023455,0.031220077266678584,0.10906809194877637,2.627681491331319e-05,0.018568990716029913,2.0522142521581873e-06,0.01866328456310349,1.967179260833628e-06,0.0,0.0,108.10575030576916,0.010687215672369722,12.290503678422564,0.0010278733817036304
22,28.956890018906023,0.0,0.0,0.0,0.0,0.0,0.0,0.0,0.0,0.0,0.0,0.0,0.0,0.0011453956879652466,8.8337971502284e-08,141.54773242349472,0.013835628233827012,0.0,0.0
32,160.84580576254461,0.9970346300915727,0.00012856735240482196,0.07665777229629661,1.8712056066751383e-05,340.3528369303489,0.08307965619588263,0.9178601979770391,0.0001126622870564412,0.07917443211453361,1.5905065348380767e-05,0.08488694597974776,1.3308574449377996e-05,0.0058855560717499655,6.176685689475263e-07,609.3919324393638,0.07211249102306352,63.738470964577196,0.007862552264819321
23,0.01200757562728239,0.0,0.0,0.0,0.0,0.0,0.0,0.0,0.0,0.0,0.0,0.0,0.0,0.0,0.0,0.036238508433978925,0.0002509842033209544,0.0,0.0
total,237.06294971362993,1.124671712756379,0.00015689638157029333,0.08719604418635121,2.5743763502384126e-05,387.14170943058343,0.11429973346256121,1.0269282899258154,0.0001389391019697544,0.09774342283056352,1.7957279600538954e-05,0.22404327459975176,2.941286705174262e-05,0.007030951759715212,7.060065404498103e-07,1018.7519166745466,0.12001752798407105,76.02897464299976,0.008890425646522952
