cell,flux,tbr,tbr_stdev,"U238(n,g)","U238(n,g)_stdev",Pu239_kg/yr,Pu239_kg/yr_stdev,"Li6(n,t)","Li6(n,t)_stdev","Li7(n,t)","Li7(n,t)_stdev","Be9(n,2n)","Be9(n,2n)_stdev","U238(n,fis)","U238(n,fis)_stdev",heating [MW],heating_stdev,fisq [MW],fisq_stdev
11,2.358223866233473,0.0,0.0,0.0,0.0,0.0,0.0,0.0,0.0,0.0,0.0,0.0,0.0,0.0,0.0,48.11287091778252,0.010580091124734634,0.0,0.0
41,11.911996633257282,0.0,0.0,0.0,0.0,0.0,0.0,0.0,0.0,0.0,0.0,0.12049634721736288,1.5192934328648322e-05,0.0,0.0,45.31623782351847,0.004299700159091251,0.0,0.0
21,11.38615331822366,0.0,0.0,0.0,0.0,0.0,0.0,0.0,0.0,0.0,0.0,0.0,0.0,0.0,0.0,66.22738346486938,0.007120392133908959,0.0,0.0
31,21.590639654182695,0.1276367845973027,2.9938762198788158e-05,0.010548731489076596,5.5874457710651235e-06,46.83531207307432,0.024807700020632716,0.10906793058823074,2.795268292646015e-05,0.01856885400907196,1.986079272328008e-06,0.018663262694175363,2.0445122677689706e-06,0.0009344192508983594,7.99748804944179e-08,108.10747763756018,0.010521501530791446,12.290466889557099,0.001079225882144353
22,28.954445453570532,0.0,0.0,0.0,0.0,0.0,0.0,0.0,0.0,0.0,0.0,0.0,0.0,0.0,0.0,141.5460205342274,0.012865398702491282,0.0,0.0
32,160.84887129127125,0.9970988300331203,0.00012282116902340577,0.07667454204257107,1.5797286464310658e-05,340.42729292545727,0.07013837087709478,0.9179226711897757,0.00010647506306265422,0.07917615884334457,1.634610596075156e-05,0.08488939985059847,1.3969205465927717e-05,0.004078685222434826,5.910919281422307e-07,609.419025097459,0.07191556549064562,63.7401950776465,0.008047567737325383
23,0.012011551585438082,0.0,0.0,0.0,0.0,0.0,0.0,0.0,0.0,0.0,0.0,0.0,0.0,0.0,0.0,0.03623395161871249,0.00024695232586725526,0.0,0.0
total,237.0623417683243,1.124735614630423,0.00015275993122219393,0.08722327353164766,2.138473223537578e-05,387.2626049985316,0.0949460708977275,1.0269906017780064,0.00013442774598911437,0.09774501285241653,1.8332185233079567e-05,0.2240490097621367,3.120665206234501e-05,0.005013104473333185,6.710668086366486e-07,1018.7652494270355,0.11754960146753045,76.0306619672036,0.009126793619469737
