cell,flux,tbr,tbr_stdev,"U238(n,g)","U238(n,g)_stdev",Pu239_kg/yr,Pu239_kg/yr_stdev,"Li6(n,t)","Li6(n,t)_stdev","Li7(n,t)","Li7(n,t)_stdev","U238(n,fis)","U238(n,fis)_stdev",heat_eV_src,heat_eV_src_stdev
11,1.96787567136247,0.0,0.0,0.0,0.0,0.0,0.0,0.0,0.0,0.0,0.0,0.0,0.0,488554.2507656392,2486.8680695247917
21,24.03594034563969,0.0,0.0,0.0,0.0,0.0,0.0,0.0,0.0,0.0,0.0,0.0,0.0,3185991.3168278392,8687.724641861038
31,62.6540334031326,0.4661216845118177,0.003510604946193872,0.019556626413104385,0.00025380650302417416,86.8122537129761,1.126652116224594,0.46156147284579746,0.003462394545587543,0.0045602116660202465,4.821040060632887e-05,0.0025093957288311306,2.4242481247001094e-05,5333876.0929094395,37487.15452686638
22,0.5466132356773346,0.0,0.0,0.0,0.0,0.0,0.0,0.0,0.0,0.0,0.0,0.0,0.0,48708.722594257124,1222.9736706392202
32,121.04932910890756,0.8761406542465778,0.0032022122932531725,0.0369209183783065,0.00028060002924617226,163.89269119677581,1.2455891121622358,0.8662299521077529,0.003150934913125346,0.009910702138824912,5.127738012782641e-05,0.005388278986618057,2.6984490842810578e-05,10721692.177701967,37021.177824584825
23,0.07156050843395502,0.0,0.0,0.0,0.0,0.0,0.0,0.0,0.0,0.0,0.0,0.0,0.0,6060.229692023727,442.5380741291674
total,210.3253522731536,1.3422623387583954,0.006712817239447045,0.056477544791410886,0.0005344065322703464,250.70494490975193,2.3722412283868297,1.3277914249535503,0.006613329458712889,0.014470913804845158,9.948778073415528e-05,0.007897674715449188,5.122697208981167e-05,19784882.790491167,87348.43680760544
