cell,flux,"Li6(n,t)","Li6(n,t)_stdev","Li7(n,t)","Li7(n,t)_stdev",tbr,tbr_stdev,"Th232(n,fis)","Th232(n,fis)_stdev","Th232(n,g)","Th232(n,g)_stdev",U233_kg/yr
11,1.945102832311656,0.0,0.0,0.0,0.0,0.0,0.0,0.0,0.0,0.0,0.0,0.0
21,23.666709026556106,0.0,0.0,0.0,0.0,0.0,0.0,0.0,0.0,0.0,0.0,0.0
31,62.0463033351729,0.48456447326057006,0.0009528118304740819,0.0051208412961907,1.9257856550446174e-05,0.4896853145567608,0.0009720696870245281,0.0051208412961907,9.53047529865722e-05,0.003097996231999645,9.836208640657724e-06,13.406181352226572
22,0.5309225677398339,0.0,0.0,0.0,0.0,0.0,0.0,0.0,0.0,0.0,0.0,0.0
32,115.98154803448037,0.8878502157886947,0.0017421033173146685,0.010613223526882067,1.9300096119027852e-05,0.8984634393155768,0.0017614034134336963,0.010613223526882067,0.00019580491884633455,0.005652886194827382,2.407833705504742e-05,24.462139982151715
23,0.06989114284035683,0.0,0.0,0.0,0.0,0.0,0.0,0.0,0.0,0.0,0.0,0.0
total,204.24047693910123,1.3724146890492648,0.0026949151477887504,0.01573406482307277,3.8557952669474026e-05,1.3881487538723376,0.0027334731004582244,0.01573406482307277,0.00029110967183290675,0.008750882426827027,3.391454569570514e-05,37.86832133437829
