cell,flux,"Li6(n,t)","Li6(n,t)_stdev","Li7(n,t)","Li7(n,t)_stdev",tbr,tbr_stdev,"U238(n,fis)","U238(n,fis)_stdev","U238(n,g)","U238(n,g)_stdev",Pu239_kg/yr
11,1.952371608838861,0.0,0.0,0.0,0.0,0.0,0.0,0.0,0.0,0.0,0.0,0.0
21,23.744847101458866,0.0,0.0,0.0,0.0,0.0,0.0,0.0,0.0,0.0,0.0,0.0
31,62.24532497051547,0.4836480706426789,0.000746804811770203,0.005099581553178069,1.8435862761223665e-05,0.488747652195857,0.0007652406745314267,0.005099581553178069,0.0006450811212262165,0.005933176780779579,2.957429201546636e-05,26.337489766222614
22,0.529959285283464,0.0,0.0,0.0,0.0,0.0,0.0,0.0,0.0,0.0,0.0,0.0
32,116.22917698753034,0.8848048244364046,0.0011149441818704487,0.010556581115259412,1.9666519252200886e-05,0.895361405551664,0.0011346107011226496,0.010556581115259412,0.0013200979722104717,0.010771215287117122,4.000380182903774e-05,47.813638945198136
23,0.0690150774988704,0.0,0.0,0.0,0.0,0.0,0.0,0.0,0.0,0.0,0.0,0.0
total,204.77069503112588,1.3684528950790835,0.0018617489936406518,0.01565616266843748,3.810238201342455e-05,1.384109057747521,0.0018998513756540763,0.01565616266843748,0.001965179093436688,0.0167043920678967,6.95780938445041e-05,74.15112871142075
