cell,flux,"Li6(n,t)","Li6(n,t)_stdev","Li7(n,t)","Li7(n,t)_stdev",tbr,tbr_stdev,"U238(n,fis)","U238(n,fis)_stdev","U238(n,g)","U238(n,g)_stdev",Pu239_kg/yr
11,1.9380788003616556,0.0,0.0,0.0,0.0,0.0,0.0,0.0,0.0,0.0,0.0,0.0
21,23.631417895972753,0.0,0.0,0.0,0.0,0.0,0.0,0.0,0.0,0.0,0.0,0.0
31,61.07137334028575,0.47588381484247666,0.00022788605327000262,0.004926162789673868,3.8484380636087964e-06,0.48080997763215055,0.00023173449133361142,0.004926162789673868,0.0006253948216735739,0.005811564880922067,1.183260520398267e-05,25.797652123372668
22,0.5358472301245317,0.0,0.0,0.0,0.0,0.0,0.0,0.0,0.0,0.0,0.0,0.0
32,117.58998400941888,0.8930675204490119,0.00031117095151597624,0.010721339842710368,4.186831814220267e-06,0.9037888602917223,0.0003153577833301965,0.010721339842710368,0.0013389138253858384,0.010868753277671266,1.3995255019695466e-05,48.2466120257171
23,0.07215174497854934,0.0,0.0,0.0,0.0,0.0,0.0,0.0,0.0,0.0,0.0,0.0
total,204.83885302114214,1.3689513352914886,0.0005390570047859788,0.015647502632384236,8.035269877829064e-06,1.384598837923873,0.0005470922746638079,0.015647502632384236,0.0019643086470594122,0.016680318158593332,2.5827860223678136e-05,74.04426414908977
