cell,flux,"Li6(n,t)","Li6(n,t)_stdev","Li7(n,t)","Li7(n,t)_stdev",tbr,tbr_stdev,"U238(n,fis)","U238(n,fis)_stdev","U238(n,g)","U238(n,g)_stdev",Pu239_kg/yr,Pu239_kg/yr_stdev,heat_eV_src,heat_eV_src_stdev
11,2.3640878293024246,0.0,0.0,0.0,0.0,0.0,0.0,0.0,0.0,0.0,0.0,0.0,0.0,846487.0964843922,154.02898239950392
41,11.940981167489944,0.0,0.0,0.0,0.0,0.0,0.0,0.0,0.0,0.0,0.0,0.0,0.0,795857.8349888586,67.36255043336055
21,11.413677344834934,0.0,0.0,0.0,0.0,0.0,0.0,0.0,0.0,0.0,0.0,0.0,0.0,1165560.879556226,113.68227042958827
31,21.64764445381967,0.10783544113651952,2.120157645766193e-05,0.018433908692555775,2.3153599222623867e-06,0.12626934982907528,2.3516936379924316e-05,0.00126174015868259,1.2122213542135372e-07,0.01303258609202968,8.979377184475256e-06,57.85190893657255,0.039859633960223274,1984638.9167779237,174.83469475918233
22,29.037883691634434,0.0,0.0,0.0,0.0,0.0,0.0,0.0,0.0,0.0,0.0,0.0,0.0,2490755.1444942313,259.0379093268483
32,161.30639075417855,0.9049130020546984,9.227752296681673e-05,0.07841230738009276,1.6223151268238787e-05,0.9833253094347911,0.00010850067423505552,0.005499195310742461,8.478003669824446e-07,0.09450872261427784,2.07122803572652e-05,419.5260998687554,0.09194222456202117,11130354.783119764,983.585772571568
23,0.012017783880689019,0.0,0.0,0.0,0.0,0.0,0.0,0.0,0.0,0.0,0.0,0.0,0.0,630.8860806422956,3.6784706735062542
total,237.72268302514064,1.012748443191218,0.00011347909942447865,0.09684621607264854,1.8538511190501175e-05,1.1095946592638664,0.00013201761061497984,0.006760935469425052,9.690225024037984e-07,0.10754130870630751,2.9691657541740455e-05,477.37800880532797,0.13180185852224444,18414285.54150204,1756.2106505935578
