cell,flux,"Li6(n,t)","Li6(n,t)_stdev","Li7(n,t)","Li7(n,t)_stdev",tbr,tbr_stdev,"U238(n,fis)","U238(n,fis)_stdev","U238(n,g)","U238(n,g)_stdev",Pu239_kg/yr
11,2.115903288929325,0.0,0.0,0.0,0.0,0.0,0.0,0.0,0.0,0.0,0.0,0.0
21,10.63209522148379,0.0,0.0,0.0,0.0,0.0,0.0,0.0,0.0,0.0,0.0,0.0
31,20.882117857866206,0.08001366170161171,0.00016172501377631162,0.01886769446584151,1.9039730729165164e-05,0.09888135616745322,0.00018076474450547678,0.01886769446584151,0.0013025388471299142,0.007061920987472674,3.734548713630067e-05,31.348007755298337
22,28.799252099502503,0.0,0.0,0.0,0.0,0.0,0.0,0.0,0.0,0.0,0.0,0.0
32,166.29974912178832,0.9284930504536069,0.0010548752303095046,0.08450418979583622,0.00011067974587085962,1.0129972402494432,0.0011655549761803643,0.08450418979583622,0.005901629416963443,0.08044745535453127,0.00017068278288988865,357.1078547638056
23,0.013155849935480945,0.0,0.0,0.0,0.0,0.0,0.0,0.0,0.0,0.0,0.0,0.0
total,228.74227343950562,1.0085067121552185,0.0012166002440858162,0.10337188426167773,0.00012971947660002478,1.1118785964168965,0.001346319720685841,0.10337188426167773,0.007204168264093357,0.08750937634200394,0.0002080282700261893,388.45586251910396
