cell,flux,"Li6(n,t)","Li6(n,t)_stdev","Li7(n,t)","Li7(n,t)_stdev",tbr,tbr_stdev,"U238(n,fis)","U238(n,fis)_stdev","U238(n,g)","U238(n,g)_stdev",Pu239_kg/yr
11,3.118260585778589,0.0,0.0,0.0,0.0,0.0,0.0,0.0,0.0,0.0,0.0,0.0
21,10.464654802607239,0.0,0.0,0.0,0.0,0.0,0.0,0.0,0.0,0.0,0.0,0.0
31,20.53190639822002,0.0750195064056812,0.00010363060863935363,0.01838352147844662,2.5786728435528456e-05,0.09340302788412781,0.00012941733707488208,0.01838352147844662,0.0,0.0,0.0,0.0
22,28.3249253948291,0.0,0.0,0.0,0.0,0.0,0.0,0.0,0.0,0.0,0.0,0.0
32,163.89572674168988,0.9051147423566068,0.0008177878332110259,0.08212901921410601,0.0001576374007604715,0.9872437615707128,0.0009754252339714974,0.08212901921410601,0.0,0.0,0.0,0.0
23,0.012838505907924708,0.0,0.0,0.0,0.0,0.0,0.0,0.0,0.0,0.0,0.0,0.0
total,226.34831242903275,0.980134248762288,0.0009214184418503795,0.10051254069255262,0.00018342412919599994,1.0806467894548406,0.0011048425710463794,0.10051254069255262,0.0,0.0,0.0,0.0
