fertile_kgm3,void_cell,cellfrom,leakage,leakage_stdev
250,99,[23],0.0009011,1.215445734425573e-05
250,total,,0.0009011,1.215445734425573e-05
