fertile_kgm3,void_cell,cellfrom,leakage,leakage_stdev
10,99,[23],0.0011600000000000002,0.00013530828996529854
10,total,,0.0011600000000000002,0.00013530828996529854
