cell,flux,"Li6(n,t)","Li6(n,t)_stdev","Li7(n,t)","Li7(n,t)_stdev",tbr,tbr_stdev,"U238(n,fis)","U238(n,fis)_stdev","U238(n,g)","U238(n,g)_stdev",Pu239_kg/yr
11,2.137742057821832,0.0,0.0,0.0,0.0,0.0,0.0,0.0,0.0,0.0,0.0,0.0
21,10.7571953780872,0.0,0.0,0.0,0.0,0.0,0.0,0.0,0.0,0.0,0.0,0.0
31,21.14385498618895,0.07594637065926137,0.0002024405590363383,0.0192668336338751,2.009754415542814e-05,0.09521320429313647,0.00022253810319176643,0.0192668336338751,0.0008753878741000233,0.005750447193214242,3.145264240167674e-05,25.526349491744604
22,29.218329554331216,0.0,0.0,0.0,0.0,0.0,0.0,0.0,0.0,0.0,0.0,0.0
32,171.76441822676514,0.9284446156628879,0.000892598963060959,0.08664653217405274,0.00011713260487103376,1.0150911478369407,0.0010097315679319927,0.08664653217405274,0.003978320988741463,0.06992907730402563,9.229367846807075e-05,310.4165653419434
23,0.014363005272925684,0.0,0.0,0.0,0.0,0.0,0.0,0.0,0.0,0.0,0.0,0.0
total,235.03590320846726,1.0043909863221494,0.0010950395220972972,0.10591336580792785,0.0001372301490264619,1.110304352130077,0.0012322696711237592,0.10591336580792785,0.004853708862841487,0.07567952449723987,0.00012374632086974748,335.942914833688
