cell,flux,"Li6(n,t)","Li6(n,t)_stdev","Li7(n,t)","Li7(n,t)_stdev",tbr,tbr_stdev,"U238(n,fis)","U238(n,fis)_stdev","U238(n,g)","U238(n,g)_stdev",Pu239_kg/yr
11,2.1053010026606906,0.0,0.0,0.0,0.0,0.0,0.0,0.0,0.0,0.0,0.0,0.0
21,10.58671316467429,0.0,0.0,0.0,0.0,0.0,0.0,0.0,0.0,0.0,0.0,0.0
31,20.795696821607592,0.08083487982658485,6.475809143772597e-05,0.01906090140658507,6.131274884147076e-06,0.09989578123316992,7.088936632187304e-05,0.01906090140658507,0.0008768121309456797,0.005101916788553965,1.2779333598068693e-05,22.6475101234054
22,28.692207212970327,0.0,0.0,0.0,0.0,0.0,0.0,0.0,0.0,0.0,0.0,0.0
32,165.4785608898351,0.9410463152233344,0.000439149269578473,0.08550289166743325,2.4162940862220632e-05,1.0265492068907676,0.00046331221044069364,0.08550289166743325,0.003975924154805276,0.05981167204772618,4.574030064515663e-05,265.5052021306315
23,0.012989650560668841,0.0,0.0,0.0,0.0,0.0,0.0,0.0,0.0,0.0,0.0,0.0
total,227.67146874230866,1.0218811950499191,0.000503907361016199,0.10456379307401831,3.029421574636771e-05,1.1264449881239376,0.0005342015767625667,0.10456379307401831,0.004852736285750956,0.06491358883628015,5.851963424322532e-05,288.15271225403694
