cell,flux,"Li6(n,t)","Li6(n,t)_stdev","Li7(n,t)","Li7(n,t)_stdev",tbr,tbr_stdev,"U238(n,fis)","U238(n,fis)_stdev","U238(n,g)","U238(n,g)_stdev",Pu239_kg/yr
11,2.105975375597306,0.0,0.0,0.0,0.0,0.0,0.0,0.0,0.0,0.0,0.0,0.0
21,10.582642555249857,0.0,0.0,0.0,0.0,0.0,0.0,0.0,0.0,0.0,0.0,0.0
31,20.79408385430823,0.08084874579052594,0.00019826607883884022,0.01904859130645272,1.9920475768682042e-05,0.09989733709697865,0.00021818655460752225,0.01904859130645272,0.0008761383736247466,0.005139039148807416,3.388660249747735e-05,22.812297019093485
22,28.689680313387008,0.0,0.0,0.0,0.0,0.0,0.0,0.0,0.0,0.0,0.0,0.0
32,165.58828706379376,0.9423765259201516,0.0014015355840105064,0.08557423068162592,0.00012012074803552496,1.0279507566017776,0.0015216563320460314,0.08557423068162592,0.003976182307138051,0.059834382698214415,0.00014189736542016213,265.6060151599611
23,0.013369552133787151,0.0,0.0,0.0,0.0,0.0,0.0,0.0,0.0,0.0,0.0,0.0
total,227.77403871446995,1.0232252717106776,0.0015998016628493467,0.10462282198807865,0.000140041223804207,1.1278480936987563,0.0017398428866535537,0.10462282198807865,0.004852320680762798,0.06497342184702183,0.00017578396791763948,288.41831217905457
