fertile_kgm3,void_cell,cellfrom,leakage,leakage_stdev
500,99,[23],0.00079625,3.7934428074422473e-06
500,total,,0.00079625,3.7934428074422473e-06
