fertile_kgm3,void_cell,cellfrom,leakage,leakage_stdev
500.0,99,[23],0.00079625,3.7934428074422473e-06
500.0,total,,0.00079625,3.7934428074422473e-06
