cell,flux,tbr,tbr_stdev,"Th232(n,g)","Th232(n,g)_stdev",U233_kg/yr,U233_kg/yr_stdev,"Li6(n,t)","Li6(n,t)_stdev","Li7(n,t)","Li7(n,t)_stdev","Be9(n,2n)","Be9(n,2n)_stdev","Th232(n,fis)","Th232(n,fis)_stdev",heating [MW],heating_stdev,fisq [MW],fisq_stdev
11,2.3708732402201598,0.0,0.0,0.0,0.0,0.0,0.0,0.0,0.0,0.0,0.0,0.0,0.0,0.0,0.0,47.15991780765486,0.007915390213041726,0.0,0.0
41,11.964775637846055,0.0,0.0,0.0,0.0,0.0,0.0,0.0,0.0,0.0,0.0,0.12007348259248754,1.5086477780408638e-05,0.0,0.0,45.272906496079436,0.004266119222315069,0.0,0.0
21,11.423259369440748,0.0,0.0,0.0,0.0,0.0,0.0,0.0,0.0,0.0,0.0,0.0,0.0,0.0,0.0,65.84160511096134,0.006845690825036453,0.0,0.0
31,21.61860656868229,0.11240191714722604,1.8354322130358396e-05,0.03415164404293982,1.0570078962615667e-05,147.816157730814,0.04574972897939178,0.09548957717868195,1.6082180084914902e-05,0.01691233996854409,2.2721420454434944e-06,0.016979446597005544,2.0916375121628782e-06,0.001399524410503401,1.2424117089279048e-07,112.84777124617725,0.007604030720345494,14.231959373733401,0.0012634214274499717
22,28.98850782982236,0.0,0.0,0.0,0.0,0.0,0.0,0.0,0.0,0.0,0.0,0.0,0.0,0.0,0.0,139.7262190986664,0.014126667138124119,0.0,0.0
32,157.21901224727733,0.8261662236282458,7.621069300462851e-05,0.25555487474121275,3.7341620024358435e-05,1106.1001814767624,0.16162310629920548,0.7563796133444783,6.33952424445755e-05,0.06978661028376738,1.281545056005302e-05,0.07461106680617106,1.088064805969401e-05,0.005796662458144387,8.741546582472617e-07,601.6022434098032,0.05179793611814782,59.37418753772131,0.008866583678523103
23,0.009714847178523571,0.0,0.0,0.0,0.0,0.0,0.0,0.0,0.0,0.0,0.0,0.0,0.0,0.0,0.0,0.029043623392271612,0.0002656438439541088,0.0,0.0
total,233.59474974046745,0.9385681407754718,9.45650151349869e-05,0.28970651878415254,4.7911698986974105e-05,1253.9163392075764,0.20737283527859726,0.8518691905231603,7.94774225294904e-05,0.08669895025231147,1.5087592605496514e-05,0.21166399599566416,2.8058763352265528e-05,0.0071961868686477885,9.983958291400523e-07,1012.4797067927348,0.0928214780809648,73.60614691145472,0.010130005105973075
