fertile_kgm3,void_cell,cellfrom,leakage,leakage_stdev
500,99,[23],0.0008121,3.3209561876058603e-06
500,total,,0.0008121,3.3209561876058603e-06
