fertile_kgm3,void_cell,cellfrom,leakage,leakage_stdev
500,99,[23],0.0007987800000000002,3.6716628839406628e-06
500,total,,0.0007987800000000002,3.6716628839406628e-06
