cell,flux,tbr,tbr_stdev,"U238(n,g)","U238(n,g)_stdev","Th232(n,g)","Th232(n,g)_stdev",Pu239_kg/yr,Pu239_kg/yr_stdev,U233_kg/yr,U233_kg/yr_stdev,"Li6(n,t)","Li6(n,t)_stdev","Li7(n,t)","Li7(n,t)_stdev","Be9(n,2n)","Be9(n,2n)_stdev","Pb(n,2n)","Pb(n,2n)_stdev","tot(n,fis)","tot(n,fis)_stdev",heating [MW],heating_stdev,fisq [MW],fisq_stdev
11,2.3713447256262774,0.0,0.0,0.0,0.0,0.0,0.0,0.0,0.0,0.0,0.0,0.0,0.0,0.0,0.0,0.0,0.0,0.0,0.0,0.0,0.0,47.173794756501216,0.007388814729536818,0.0,0.0
41,11.967247325245022,0.0,0.0,0.0,0.0,0.0,0.0,0.0,0.0,0.0,0.0,0.0,0.0,0.0,0.0,0.12008101470741157,1.6078924645978112e-05,0.0,0.0,0.0,0.0,45.27640482930349,0.004438794130319582,0.0,0.0
21,11.424628834020366,0.0,0.0,0.0,0.0,0.0,0.0,0.0,0.0,0.0,0.0,0.0,0.0,0.0,0.0,0.0,0.0,0.0,0.0,0.0,0.0,65.84494275966601,0.00686101423073052,0.0,0.0
31,21.622138622474555,0.11245260468822206,1.552888691203083e-05,0.0,0.0,0.03417237294642215,1.0208342500957343e-05,0.0,0.0,147.9058771851067,0.04418405050703937,0.09553967142624646,1.3269328508572725e-05,0.016912933261975596,2.259558403458107e-06,0.01697950411186311,2.0330506439095193e-06,0.0,0.0,0.0,0.0,112.86695800931803,0.008150976186793881,14.231998066378601,0.0012974627141450873
22,28.991655940789165,0.0,0.0,0.0,0.0,0.0,0.0,0.0,0.0,0.0,0.0,0.0,0.0,0.0,0.0,0.0,0.0,0.0,0.0,0.0013995293211760834,1.2750023662606059e-07,139.73088512449036,0.01452755090338877,0.0,0.0
32,157.20700439528903,0.8260828399767806,9.86732342420955e-05,0.0,0.0,0.2555266890507059,4.052910672508758e-05,0.0,0.0,1105.9781873359102,0.1754192806891542,0.7562956638560526,8.534212754990975e-05,0.06978717612072795,1.3331106692185755e-05,0.07461261860188755,1.1513501529360244e-05,0.0,0.0,0.005796770317462399,8.982138082440026e-07,601.5770214063998,0.058106967831077334,59.3753097505226,0.009119450232299582
23,0.009748696611619732,0.0,0.0,0.0,0.0,0.0,0.0,0.0,0.0,0.0,0.0,0.0,0.0,0.0,0.0,0.0,0.0,0.0,0.0,0.0,0.0,0.0291687299846449,0.0002285056146573845,0.0,0.0
total,233.59376854005603,0.9385354446650026,0.00011420212115412632,0.0,0.0,0.2896990619971281,5.0737449226044925e-05,0.0,0.0,1253.8840645210169,0.21960333119619357,0.851835335282299,9.861145605848248e-05,0.08670010938270355,1.559066509564386e-05,0.21167313742116223,2.9625476819247875e-05,0.0,0.0,0.007196299638638482,1.0257140448700632e-06,1012.4991756156636,0.0997026236265043,73.6073078169012,0.01041691294644467
