cell,flux,"Li6(n,t)","Li6(n,t)_stdev","Li7(n,t)","Li7(n,t)_stdev",tbr,tbr_stdev,"U238(n,fis)","U238(n,fis)_stdev","U238(n,g)","U238(n,g)_stdev",Pu239_kg/yr
11,3.119110903585526,0.0,0.0,0.0,0.0,0.0,0.0,0.0,0.0,0.0,0.0,0.0
21,10.478102788380603,0.0,0.0,0.0,0.0,0.0,0.0,0.0,0.0,0.0,0.0,0.0
31,20.588567483923725,0.07717947536599219,0.00019827138602293088,0.018920821456821196,2.2327907738743782e-05,0.09610029682281339,0.00022059929376167466,0.018920821456821196,0.0,0.0,0.0,0.0
22,28.312062618805545,0.0,0.0,0.0,0.0,0.0,0.0,0.0,0.0,0.0,0.0,0.0
32,164.07489625993915,0.9419961302295287,0.0006500048038304262,0.0830375399611459,9.922306503042683e-05,1.0250336701906746,0.000749227868860853,0.0830375399611459,0.0,0.0,0.0,0.0
23,0.013713471915590424,0.0,0.0,0.0,0.0,0.0,0.0,0.0,0.0,0.0,0.0,0.0
total,226.58645352655014,1.0191756055955208,0.000848276189853357,0.1019583614179671,0.00012155097276917061,1.1211339670134879,0.0009698271626225277,0.1019583614179671,0.0,0.0,0.0,0.0
