fertile_kgm3,leakage,leakage_stdev
25,0.0010031,1.1424826767469061e-05
