cell,flux,tbr,tbr_stdev,"Th232(n,g)","Th232(n,g)_stdev",U233_kg/yr,U233_kg/yr_stdev,"Li6(n,t)","Li6(n,t)_stdev","Li7(n,t)","Li7(n,t)_stdev","Th232(n,fis)","Th232(n,fis)_stdev",heat_eV_src,heat_eV_src_stdev
11,2.3457513449949716,0.0,0.0,0.0,0.0,0.0,0.0,0.0,0.0,0.0,0.0,0.0,0.0,849631.073663671,503.8506414427224
41,11.849065986279662,0.0,0.0,0.0,0.0,0.0,0.0,0.0,0.0,0.0,0.0,0.0,0.0,796687.1185295375,230.66915737123054
21,11.322763557947393,0.0,0.0,0.0,0.0,0.0,0.0,0.0,0.0,0.0,0.0,0.0,0.0,1165831.4559653285,324.0107683503724
31,21.475351864951463,0.1314556387113509,8.556650036545992e-05,0.0028540099131724233,4.745617660250292e-06,12.350361850616448,0.02053605176290991,0.11261376336509173,7.943172686494018e-05,0.018841875346259182,6.13477350051975e-06,7.04149583352326e-05,1.779458705496502e-08,1679103.9039006361,462.7453405529336
22,28.788071813660313,0.0,0.0,0.0,0.0,0.0,0.0,0.0,0.0,0.0,0.0,0.0,0.0,2494603.803531664,567.4245108565838
32,159.65377745793313,1.037623408450493,0.000446569632056622,0.02487461357476387,1.9267779291242187e-05,107.64169988502411,0.08337884364253736,0.9568662864677053,0.0004076033482899624,0.08075712198278773,3.896628376665964e-05,0.00030254343356748005,1.1514167178470191e-07,9614432.623128528,2861.368083608929
23,0.012113576464705374,0.0,0.0,0.0,0.0,0.0,0.0,0.0,0.0,0.0,0.0,0.0,0.0,633.8588080757694,11.472664976768465
total,235.44689560223165,1.1690790471618437,0.0005321361324220819,0.027728623487936293,2.4013396951492478e-05,119.99206173564056,0.10391489540544727,1.069480049832797,0.00048703507515490257,0.09959899732904691,4.510105726717939e-05,0.00037295839190271265,1.3293625883966694e-07,16600923.83752744,4961.54116715954
