fertile_kgm3,void_cell,cellfrom,leakage,leakage_stdev
1,99,[23],0.00100697,3.6292595663569907e-06
1,total,,0.00100697,3.6292595663569907e-06
