fertile_kgm3,void_cell,cellfrom,leakage,leakage_stdev
1.0,99,[23],0.0010067,3.7323194307759218e-06
1.0,total,,0.0010067,3.7323194307759218e-06
