cell,flux,tbr,tbr_stdev,"U238(n,g)","U238(n,g)_stdev",Pu239_kg/yr,Pu239_kg/yr_stdev,"Li6(n,t)","Li6(n,t)_stdev","Li7(n,t)","Li7(n,t)_stdev","Be9(n,2n)","Be9(n,2n)_stdev","U238(n,fis)","U238(n,fis)_stdev",heating [MW],heating_stdev,fisq [MW],fisq_stdev
11,2.343089187314702,0.0,0.0,0.0,0.0,0.0,0.0,0.0,0.0,0.0,0.0,0.0,0.0,0.0,0.0,48.39148350725718,0.011005688066111213,0.0,0.0
41,11.839587614423808,0.0,0.0,0.0,0.0,0.0,0.0,0.0,0.0,0.0,0.0,0.1204974377151755,1.5139403165235344e-05,0.0,0.0,45.24688312530419,0.004382210773207501,0.0,0.0
21,11.319530820230561,0.0,0.0,0.0,0.0,0.0,0.0,0.0,0.0,0.0,0.0,0.0,0.0,0.0,0.0,66.28809534084245,0.007208715936817068,0.0,0.0
31,21.474410508077998,0.13315167780159068,3.263712633672403e-05,0.00017286760506506521,1.4011019850600682e-07,0.7675148655486366,0.0006220752588540528,0.11420109607339307,3.047710889764466e-05,0.01895058172819761,2.160017439079366e-06,0.019033715180838986,2.1496028955364825e-06,9.340621920567236e-06,7.5273658547344e-10,94.54130367514672,0.009861168684285824,0.12326359652896843,1.0199613626845291e-05
22,28.782968232754715,0.0,0.0,0.0,0.0,0.0,0.0,0.0,0.0,0.0,0.0,0.0,0.0,0.0,0.0,141.90936524843548,0.012755020576551899,0.0,0.0
32,160.08104365234524,1.0598318217078733,0.00012511188900534548,0.0014395500673175454,6.560674383676593e-07,6.391458225801734,0.002912873765793572,0.9784479700120744,0.00010846380750956056,0.08138385169579898,1.664808149578494e-05,0.08708869895689983,1.4851788004587384e-05,4.096010130469561e-05,6.123768944073999e-09,544.1027819858837,0.055334358086321145,0.6462510425707743,7.15862757669253e-05
23,0.01220814404608584,0.0,0.0,0.0,0.0,0.0,0.0,0.0,0.0,0.0,0.0,0.0,0.0,0.0,0.0,0.037544979473592185,0.00021263937413368723,0.0,0.0
total,235.85283815919314,1.192983499509464,0.00015774901534206952,0.0016124176723826106,7.961776368736661e-07,7.15897309135037,0.003534949024647625,1.0926490660854675,0.00013894091640720521,0.10033443342399659,1.8808098934864306e-05,0.2266198518529143,3.2140794065359216e-05,5.030072322526284e-05,6.876505529547439e-09,940.5174578623433,0.10075980149742833,0.7695146390997427,8.178588939377059e-05
