cell,flux,tbr,tbr_stdev,"U238(n,g)","U238(n,g)_stdev","Th232(n,g)","Th232(n,g)_stdev",Pu239_kg/yr,Pu239_kg/yr_stdev,U233_kg/yr,U233_kg/yr_stdev,"Li6(n,t)","Li6(n,t)_stdev","Li7(n,t)","Li7(n,t)_stdev","Be9(n,2n)","Be9(n,2n)_stdev","Pb(n,2n)","Pb(n,2n)_stdev","tot(n,fis)","tot(n,fis)_stdev",heating [MW],heating_stdev,fisq [MW],fisq_stdev
11,2.3429409211122545,0.0,0.0,0.0,0.0,0.0,0.0,0.0,0.0,0.0,0.0,0.0,0.0,0.0,0.0,0.0,0.0,0.0,0.0,0.0,0.0,48.38649817330382,0.010077048245866556,0.0,0.0
41,11.839640843945478,0.0,0.0,0.0,0.0,0.0,0.0,0.0,0.0,0.0,0.0,0.0,0.0,0.0,0.0,0.12049947679307255,1.5058356033369704e-05,0.0,0.0,0.0,0.0,45.2474276451205,0.004254628291700053,0.0,0.0
21,11.319658992302475,0.0,0.0,0.0,0.0,0.0,0.0,0.0,0.0,0.0,0.0,0.0,0.0,0.0,0.0,0.0,0.0,0.0,0.0,0.0,0.0,66.28687586053788,0.006782096617008378,0.0,0.0
31,21.474211726550106,0.13312809838938874,3.297618640009349e-05,0.0001727919761593313,1.2093289618506e-07,0.0,0.0,0.7671790807762723,0.0005369299558523305,0.0,0.0,0.11417750498552952,3.0872970411025555e-05,0.018950593403859222,2.103215989067937e-06,0.019033662293809803,2.0851913883569783e-06,0.0,0.0,0.0,0.0,94.5355479606867,0.01034029329684992,0.12326002727557897,1.0545278609737403e-05
22,28.783314513838373,0.0,0.0,0.0,0.0,0.0,0.0,0.0,0.0,0.0,0.0,0.0,0.0,0.0,0.0,0.0,0.0,0.0,0.0,1.1486477593051774e-05,8.915169937006174e-10,141.90611030352485,0.012561759374062067,0.0,0.0
32,160.08017064497562,1.059803203596326,9.68219924778562e-05,0.0014395487175132785,5.668491977247107e-07,0.0,0.0,6.3914522328058805,0.0025167537064812156,0.0,0.0,0.9784206883815909,8.02530515389273e-05,0.08138251521473511,1.6568940938928903e-05,0.0870874921556739,1.4737589038024965e-05,0.0,0.0,5.966680691489907e-05,6.2981480444514904e-09,544.0934344031323,0.05387037029541629,0.6462410289123941,7.305048960650814e-05
23,0.01221391510822479,0.0,0.0,0.0,0.0,0.0,0.0,0.0,0.0,0.0,0.0,0.0,0.0,0.0,0.0,0.0,0.0,0.0,0.0,0.0,0.0,0.037549904631832,0.0002107716090995622,0.0,0.0
total,235.8521515578325,1.1929313019857148,0.0001297981788779497,0.0016123406936726099,6.877820939097707e-07,0.0,0.0,7.158631313582153,0.0030536836623335463,0.0,0.0,1.0925981933671205,0.00011112602194995286,0.10033310861859433,1.867215692799684e-05,0.22662063124255627,3.188113645975165e-05,0.0,0.0,7.115328450795085e-05,7.189665038152108e-09,940.493444250938,0.09809696773000283,0.769501056187973,8.359576821624554e-05
