fertile_kgm3,void_cell,cellfrom,leakage,leakage_stdev
1,99,[23],0.0010069599999999999,3.6783340885092214e-06
1,total,,0.0010069599999999999,3.6783340885092214e-06
