cell,flux,tbr,tbr_stdev,"U238(n,g)","U238(n,g)_stdev",Pu239_kg/yr,Pu239_kg/yr_stdev,"Li6(n,t)","Li6(n,t)_stdev","Li7(n,t)","Li7(n,t)_stdev","U238(n,fis)","U238(n,fis)_stdev",heat_eV_src,heat_eV_src_stdev
11,2.360780628799087,0.0,0.0,0.0,0.0,0.0,0.0,0.0,0.0,0.0,0.0,0.0,0.0,847443.8053725596,490.0126802737049
41,11.924706291039024,0.0,0.0,0.0,0.0,0.0,0.0,0.0,0.0,0.0,0.0,0.0,0.0,797756.3329699707,207.79100024377365
21,11.395036863120207,0.0,0.0,0.0,0.0,0.0,0.0,0.0,0.0,0.0,0.0,0.0,0.0,1165906.4530099174,328.24955749094516
31,21.606254971457357,0.1277745382380837,8.695921948374191e-05,0.010584906003397154,2.0638694673746344e-05,46.9866083282742,0.091615576248946,0.10921506451137822,8.134630088905699e-05,0.018559473726705494,5.612918594684925e-06,0.000934129659327214,2.0109540825170083e-07,1903319.942380204,520.8915208186583
22,28.972501382532045,0.0,0.0,0.0,0.0,0.0,0.0,0.0,0.0,0.0,0.0,0.0,0.0,2491892.1652484764,584.7280858024283
32,160.8209116334367,0.9969173722233838,0.00029057368690012155,0.07663932809817794,4.408821211888056e-05,340.20350211286365,0.19570845069940737,0.9177913385076607,0.00024933354095399153,0.07912603371572315,4.124014594613004e-05,0.004076694271703243,1.686396080201763e-06,10722520.89649188,2956.193281476689
23,0.012157317728546634,0.0,0.0,0.0,0.0,0.0,0.0,0.0,0.0,0.0,0.0,0.0,0.0,615.2110541646567,8.74505921029236
total,237.09234908811297,1.1246919104614674,0.00037753290638386345,0.0872242341015751,6.472690679262691e-05,387.19011044113785,0.28732402694835335,1.027006403019039,0.0003306798418430485,0.09768550744242864,4.685306454081496e-05,0.005010823931030457,1.887491488453464e-06,17929454.80652717,5096.611185316491
