fertile_kgm3,void_cell,cellfrom,leakage,leakage_stdev
0.1,99,[23],0.00100817,3.6253942314356396e-06
0.1,total,,0.00100817,3.6253942314356396e-06
