cell,flux,tbr,tbr_stdev,"U238(n,g)","U238(n,g)_stdev",Pu239_kg/yr,Pu239_kg/yr_stdev,"Li6(n,t)","Li6(n,t)_stdev","Li7(n,t)","Li7(n,t)_stdev","Be9(n,2n)","Be9(n,2n)_stdev","tot(n,fis)","tot(n,fis)_stdev",heating [MW],heating_stdev,fisq [MW],fisq_stdev
11,2.342776325859972,0.0,0.0,0.0,0.0,0.0,0.0,0.0,0.0,0.0,0.0,0.0,0.0,0.0,0.0,48.392419977263444,0.009843915278807736,0.0,0.0
41,11.83895835803586,0.0,0.0,0.0,0.0,0.0,0.0,0.0,0.0,0.0,0.0,0.12050060871707265,1.4629053318160288e-05,0.0,0.0,45.24688675051988,0.0041546017026834,0.0,0.0
21,11.31917855651394,0.0,0.0,0.0,0.0,0.0,0.0,0.0,0.0,0.0,0.0,0.0,0.0,0.0,0.0,66.28909988257688,0.006825994350511901,0.0,0.0
31,21.473473527290658,0.1332107983364293,3.307642418361597e-05,1.7437985992499875e-05,1.1595451397329369e-08,0.07742291257772103,5.14826437078669e-05,0.11425670350491421,3.097928081568917e-05,0.018954094831515077,2.097143367926803e-06,0.01903705729445778,2.1146855696280825e-06,0.0,0.0,94.40534514667641,0.010470347690564579,0.012326762121876654,1.070813407311414e-06
22,28.782136435232502,0.0,0.0,0.0,0.0,0.0,0.0,0.0,0.0,0.0,0.0,0.0,0.0,1.1487169056515339e-06,8.888710808318216e-11,141.9140675706947,0.012565618308449324,0.0,0.0
32,160.08391207620505,1.0609610269028895,9.802817837553738e-05,0.0001462234030519811,6.015573574827996e-08,0.6492172752162785,0.00026708544621441613,0.9795580793850616,8.147556013391793e-05,0.08140294751782795,1.6552618241619445e-05,0.08710755566619285,1.4684359343373336e-05,5.968251265009386e-06,6.300512254335778e-10,543.4971377469317,0.054182261975844685,0.0646413404188849,7.3788825160819135e-06
23,0.01221321636889027,0.0,0.0,0.0,0.0,0.0,0.0,0.0,0.0,0.0,0.0,0.0,0.0,0.0,0.0,0.037589205035353616,0.00021271357293832166,0.0,0.0
total,235.85264849550686,1.1941718252393188,0.00013110460255915334,0.000163661389044481,7.175118714560933e-08,0.7266401877939995,0.00031856808992228303,1.0938147828899758,0.0001124548409496071,0.10035704234934303,1.864976160954625e-05,0.22664522167772327,3.14280982311617e-05,7.11696817066092e-06,7.189383335167599e-10,939.7825462796984,0.09825545287979995,0.07696810254076156,8.449695923393328e-06
