cell,flux,"Li6(n,t)","Li6(n,t)_stdev","Li7(n,t)","Li7(n,t)_stdev",tbr,tbr_stdev,"U238(n,fis)","U238(n,fis)_stdev","U238(n,g)","U238(n,g)_stdev",Pu239_kg/yr
11,2.13664988224187,0.0,0.0,0.0,0.0,0.0,0.0,0.0,0.0,0.0,0.0,0.0
21,10.74623444428153,0.0,0.0,0.0,0.0,0.0,0.0,0.0,0.0,0.0,0.0,0.0
31,21.118863701430488,0.07827580242879803,5.806862619392379e-05,0.018449495485036112,6.399635303652465e-06,0.09672529791383414,6.446826149757626e-05,0.018449495485036112,0.00236370114549444,0.011368642569675565,1.844783714952389e-05,50.46563053786694
22,29.147576097362133,0.0,0.0,0.0,0.0,0.0,0.0,0.0,0.0,0.0,0.0,0.0
32,168.30001311341496,0.9003241192555705,0.0003442487119834132,0.08192416033593691,2.276368485589564e-05,0.9822482795915075,0.00036701239683930887,0.08192416033593691,0.010647760315824376,0.12472095191731858,5.828700308449016e-05,553.6387867958176
23,0.012754176344704429,0.0,0.0,0.0,0.0,0.0,0.0,0.0,0.0,0.0,0.0,0.0
total,231.4620914150757,0.9785999216843686,0.000402317338177337,0.10037365582097302,2.9163320159548102e-05,1.0789735775053417,0.00043148065833688515,0.10037365582097302,0.013011461461318817,0.13608959448699415,7.673484023401405e-05,604.1044173336845
