cell,flux,"Li6(n,t)","Li6(n,t)_stdev","Li7(n,t)","Li7(n,t)_stdev",tbr,tbr_stdev,"U238(n,fis)","U238(n,fis)_stdev","U238(n,g)","U238(n,g)_stdev",Pu239_kg/yr
11,3.1164056284666253,0.0,0.0,0.0,0.0,0.0,0.0,0.0,0.0,0.0,0.0,0.0
21,10.474058991363954,0.0,0.0,0.0,0.0,0.0,0.0,0.0,0.0,0.0,0.0,0.0
31,20.561467742289043,0.07899658857512804,4.1817710846359805e-05,0.019171695937626375,4.4025466327194956e-06,0.09816828451275442,4.62202574790793e-05,0.019171695937626375,0.00014664179711505022,0.0010059467508322238,2.727856769509358e-06,4.465417639541062
22,28.305991653795267,0.0,0.0,0.0,0.0,0.0,0.0,0.0,0.0,0.0,0.0,0.0
32,164.74991393071667,0.9798141217564955,0.0004141785951977235,0.08438228081458474,5.201944947193559e-05,1.0641964025710802,0.00046619804466965906,0.08438228081458474,0.0006536197899345184,0.014397531588514312,1.535783554253438e-05,63.91092915008996
23,0.013502344117081047,0.0,0.0,0.0,0.0,0.0,0.0,0.0,0.0,0.0,0.0,0.0
total,227.22134029074866,1.0588107103316236,0.00045599630604408327,0.10355397675221112,5.642199610465508e-05,1.1623646870838347,0.0005124183021487384,0.10355397675221112,0.0008002615870495687,0.015403478339346535,1.808569231204374e-05,68.37634678963103
