cell,flux,"Li6(n,t)","Li6(n,t)_stdev","Li7(n,t)","Li7(n,t)_stdev",tbr,tbr_stdev,"U238(n,fis)","U238(n,fis)_stdev","U238(n,g)","U238(n,g)_stdev",Pu239_kg/yr
11,3.1537699465602516,0.0,0.0,0.0,0.0,0.0,0.0,0.0,0.0,0.0,0.0,0.0
21,10.626153749399561,0.0,0.0,0.0,0.0,0.0,0.0,0.0,0.0,0.0,0.0,0.0
31,20.906695912770946,0.07438845915385492,0.00024083088338327637,0.019413955610833228,2.2041987697935038e-05,0.09380241476468815,0.00026287287108121143,0.019413955610833228,0.00014667001020778216,0.001175436209925448,9.754208598532496e-06,5.217784720328409
22,28.84460131964526,0.0,0.0,0.0,0.0,0.0,0.0,0.0,0.0,0.0,0.0,0.0
32,171.2911767152101,0.9738765678854916,0.0008407523803071495,0.08562812170892485,0.00010105975680253942,1.0595046895944165,0.0009418121371096889,0.08562812170892485,0.000655600948448681,0.01760863931771659,4.3157180195858405e-05,78.16510024272867
23,0.015398062958251805,0.0,0.0,0.0,0.0,0.0,0.0,0.0,0.0,0.0,0.0,0.0
total,234.83779570654434,1.0482650270393465,0.001081583263690426,0.10504207731975808,0.00012310174450047445,1.1533071043591046,0.0012046850081909003,0.10504207731975808,0.0008022709586564631,0.01878407552764204,5.29113887943909e-05,83.38288496305708
