fertile_kgm3,void_cell,cellfrom,leakage,leakage_stdev
0.1,99,[23],0.0010083299999999998,3.506949053904176e-06
0.1,total,,0.0010083299999999998,3.506949053904176e-06
