cell,flux,"Li6(n,t)","Li6(n,t)_stdev","Li7(n,t)","Li7(n,t)_stdev",tbr,tbr_stdev,"Th232(n,fis)","Th232(n,fis)_stdev","Th232(n,g)","Th232(n,g)_stdev",U233_kg/yr
11,2.098764889915883,0.0,0.0,0.0,0.0,0.0,0.0,0.0,0.0,0.0,0.0,0.0
21,10.5547848287983,0.0,0.0,0.0,0.0,0.0,0.0,0.0,0.0,0.0,0.0,0.0
31,20.701439540764007,0.07938923359750637,0.00019209340035613242,0.01887671449996788,1.7637693403625575e-05,0.09826594809747424,0.000209731093759758,0.01887671449996788,0.0003468496608952518,0.007108512978817351,2.921776292013499e-05,30.761178194581046
22,28.547490364440044,0.0,0.0,0.0,0.0,0.0,0.0,0.0,0.0,0.0,0.0,0.0
32,163.5265178452275,0.9145699401837823,0.0009706111602878209,0.08458118589011539,0.00011492878278339974,0.9991511260738978,0.0010855399430712207,0.08458118589011539,0.0015391783269402266,0.08090577250622555,0.0001509500714379771,350.1093537355117
23,0.012000291940667785,0.0,0.0,0.0,0.0,0.0,0.0,0.0,0.0,0.0,0.0,0.0
total,225.44099776108638,0.9939591737812887,0.0011627045606439532,0.10345790039008326,0.0001325664761870253,1.097417074171372,0.0012952710368309786,0.10345790039008326,0.0018860279878354785,0.08801428548504289,0.0001801678343581121,380.87053193009274
