cell,flux,"Li6(n,t)","Li6(n,t)_stdev","Li7(n,t)","Li7(n,t)_stdev",tbr,tbr_stdev,"U238(n,fis)","U238(n,fis)_stdev","U238(n,g)","U238(n,g)_stdev",Pu239_kg/yr
11,2.098714281748038,0.0,0.0,0.0,0.0,0.0,0.0,0.0,0.0,0.0,0.0,0.0
21,10.549603321805757,0.0,0.0,0.0,0.0,0.0,0.0,0.0,0.0,0.0,0.0,0.0
31,20.691792273767007,0.0793389820203129,0.00019248315343981627,0.01887552110142647,1.7058666740344682e-05,0.09821450312173938,0.00020954182018016095,0.01887552110142647,0.0,0.0,0.0,0.0
22,28.53417850095578,0.0,0.0,0.0,0.0,0.0,0.0,0.0,0.0,0.0,0.0,0.0
32,163.48079408795556,0.9140216278611997,0.0007681305105487412,0.08457143963758855,0.00011576486895231014,0.9985930674987882,0.0008838953795010513,0.08457143963758855,0.0,0.0,0.0,0.0
23,0.012066145994159897,0.0,0.0,0.0,0.0,0.0,0.0,0.0,0.0,0.0,0.0,0.0
total,225.36714861222632,0.9933606098815125,0.0009606136639885574,0.10344696073901502,0.00013282353569265483,1.0968075706205276,0.0010934371996812124,0.10344696073901502,0.0,0.0,0.0,0.0
