fertile_kgm3,void_cell,cellfrom,leakage,leakage_stdev
999.99,99,"[42, 44]",0.10915768881364589,4.781738926823198e-05
999.99,98,[44],0.0567300358029883,1.7580292405071725e-05
999.99,total,,0.1658877246166342,5.094673097930277e-05
