fertile_kgm3,void_cell,cellfrom,leakage,leakage_stdev
999.99,99,"[42, 44]",0.10915768881364586,4.781738927049936e-05
999.99,98,[44],0.0567300358029883,1.758029240558565e-05
999.99,total,,0.16588772461663415,5.094673098160823e-05
